0.9999999999999999
0.2190588715645055
0.18426105310910237
0
0
0
0
0
0
0.12540396769518908
0
0
0.12540396769518908
0
0.12540396769518908
0.0000023818903907889063
0.015740370487706587
0.059896127508273736
0.035493048363839916
-0.0014605772427565156
0.0002910940661286356
0.12456754993222141
-0.005126089107699704
0.0010216331447708154
0.06591408207340557
-0.002657045068389209
0.000529550940684751
0.001455369142444438
-0.00002179159267797461
0.0013503719501740143
0.0000000000000007660876467963168
0.000020917448927763155
0.006340807035763717
0.000068759563299825
-0.000004963774873353678
0.000040483300286673
0.01964555458005214
-0.0014182188704768759
0.011566636656700512
0.000015436741073815936
-0.0000011014175560511255
0.000008982884760143343
0.00000025911638713413437
-0.0000006484773247933747
0.000005468422776032856
0.000000000000000000013727112587494087
0.000000789614738077316
0.0020631546898462936
0.0000016988764898548277
-0.00000023014306028728277
0.000003009036496630926
0.0042086223958127285
-0.0005701328163348147
0.007454278439406117
0.00000007749544908584807
-0.000000010208248375540628
0.00000013346912086044103
0.0000000035228041923040687
-0.000000018080768150073073
0.00000023853935819447846
0.0000000000000007648288225156556
0.000020907104600665188
0.006339735726464829
-0.0000008290967407060077
-0.000004231709757908673
0.00007979227018072717
-0.00023696176124816243
-0.0012094528275086334
0.022805199861132816
0.000000181703822519566
0.000000011325685994178767
-0.0000002135548628165374
0.00000023729114137382802
-0.0000010899840181014987
0.00002073200480031222
0.000002386227687365245
0.015749077655357897
0.05990727924320709
-0.01807325612488755
-0.0008993195018061301
0.030589637484874737
-0.0634068321913894
-0.0031551038918185034
0.1073183491340001
0.01808316133422668
0.0008327844349909591
-0.02832650011287233
0.0013884723180519767
-0.0014095176759178567
0.04929065576537622
0.032109976187475686
0.0917097048544565
0.0000346123977518663
0.013418801555019604
0.00000000005644040632342978
0.0002885867891661687
0.00000000000007701029733437628
0.00004237527038566814
0.00000000005643150074241057
0.00028857356738509304
0.00003470874720149654
0.013429419606467307
0.21905887156450554
0.9999999999999999
0.8122730676219885
0
0
0
0
0
0
1.1259576063463947
0
0
1.1259576063463947
0
1.1259576063463947
0.015740370487706587
0.1816437414091276
0.33981136701838227
0.2581499700489287
-0.01062314985195454
0.0021172011961949344
0.5493421250540662
-0.022606021272574297
0.004505395852125538
0.4859937027996364
-0.014743848625184854
0.002938459344053729
0.12831459628584227
-0.00012092077306785028
0.12773197059863742
0.000020917448927763144
0.004608423662870418
0.05891945269214261
0.008789341251333172
-0.0006345053569706077
0.005174866216764769
0.14291351219643697
-0.010316972168803807
0.08414263197169239
0.011416353121221346
-0.0007176424227516248
0.005852911229852126
0.0015271813970876844
-0.0004225235342468139
0.004921370310498528
0.0000007896147380773171
0.0007078334312866035
0.02443429619332414
0.0008808972980079659
-0.0001193332188496386
0.001560238272363191
0.039123840893848925
-0.005300020647335319
0.06929583512456094
0.0006186464367542975
-0.00006247413773660025
0.000816826543934531
0.0001659363305922166
-0.00011065369476096608
0.0016042297600793705
0.000020907104600665218
0.004607127743161673
0.05891165920300697
-0.0001060035913619255
-0.0005410423294604237
0.010201785614155967
-0.0017238655460585428
-0.00879860973324607
0.16590481985156447
0.0014763243407649323
0.0000073819082855617996
-0.00013919178158900756
0.0015125553019476237
-0.0007104348521130606
0.014870695077930656
0.01574907765535789
0.18169698669162515
0.33986054506325575
-0.13141918098184863
-0.006539376831251582
0.22243170112872543
-0.27961194329993116
-0.013913401758373104
0.47325329331266064
0.2205826240976572
0.004619085051646061
-0.15711450375299088
0.12798460564726472
-0.007817967955817701
0.3936767226056532
0.2709182875976639
0.47414570503158887
0.007019016647918872
0.10462503206528165
0.000004905918064423566
0.0050012008417214815
0.0000001300235170036776
0.0010866167027908215
0.0000049054928159930984
0.0050010187411150125
0.007029549489034997
0.1046903112914588
0.18426105310910237
0.8122730676219885
1.0000000000000002
0
0
0
0
0
0
0.9986573293295358
0
0
0.9986573293295358
0
0.9986573293295358
0.059896127508273736
0.33981136701838227
0.5584055613133373
0.2469923894841774
-0.010164003370929781
0.002025692981362069
0.6022738206437082
-0.024784217667717125
0.004939511917286176
0.5360431692524998
-0.0063608649360368304
0.0012677248310616297
0.38173145968365174
-0.0000521682448727725
0.38148010039485347
0.006340807035763715
0.05891945269214261
0.1741754728754165
0.06008178103518714
-0.004337322995324468
0.03537411622001687
0.28007160229750155
-0.02021845857516929
0.16489666649189247
0.10584596285101674
-0.0036207977848086177
0.029530316692362876
0.055951070997991716
-0.002131803009867293
0.0730761339949341
0.002063154689846293
0.02443429619332414
0.09724611861493918
0.016038889633356618
-0.0021727530905711074
0.028407953468312177
0.10299177922781609
-0.013952069734008308
0.18241821839322506
0.02957646768771925
-0.0011256280097893627
0.014717175303301484
0.02141976166067126
-0.0019937033582562882
0.047334218893400115
0.006339735726464829
0.05891165920300697
0.17416019941942754
-0.000724721407202725
-0.003698978056545712
0.06974718810260301
-0.0033784568271228916
-0.01724364361851786
0.325142684452189
0.05568891740320827
0.000037251848699548376
-0.000702413385183325
0.055871752278962086
-0.0035851179123376894
0.12328188291085002
0.05990727924320709
0.33986054506325586
0.5584594766134136
-0.12571852989994475
-0.00625571423854987
0.21278314367907641
-0.3065393069668011
-0.015253298847779954
0.5188288269797054
0.42157152030564743
0.0019924265422451345
-0.06777080394689368
0.3816296816824075
-0.0033722537445034046
0.49623506780850746
0.37527794870524533
0.7025348969226396
0.07017680748300563
0.25389519250092835
0.002506583563563103
0.033181776472473945
0.00047686527105772524
0.011993354383704222
0.002506484141984146
0.033180970263133214
0.07022514565990377
0.25400159122163574
0
0
0
0.9999999999999999
0
0
0.5697540584656804
0
0
0
0
0
0
0
0
-0.03549304836383992
-0.2581499700489286
-0.24699238948417715
-0.3159366240821566
0.01717632988670843
-0.0034232545609518216
-0.1869320801460549
0.01711613724125661
-0.003411258124609696
-0.6212792733469958
0.023403544153218075
-0.004664342720090537
-0.20214555473712506
0.00024201881876900454
-0.20097944922006325
-0.00006875956329982497
-0.00878934125133317
-0.0600817810351871
-0.01505625649376974
0.0012327918602270727
-0.010054340565775857
-0.112531600854671
0.01082105707662009
-0.08825382178464196
-0.02127515346045886
0.0014600597263730332
-0.011907880161233404
-0.003424288400228418
0.0009555683389719423
-0.011100498597434585
-0.0000016988764898548304
-0.0008808972980079658
-0.016038889633356618
-0.0008000124550493704
0.0001494989236914075
-0.0019546438507985044
-0.011145480714245667
0.00356139423613132
-0.046563929505556864
-0.0005971427513394899
0.00007085280655648228
-0.000926374580015816
-0.0002446556529951676
0.00016341339379117014
-0.0023687276154159627
0.0000008290967407060088
0.0001060035913619255
0.0007247214072027252
0.0020176488483901935
-0.00001268150723480564
0.00023911995610930928
0.03733773688278483
-0.00011133119841495922
0.0020992387407639127
-0.000014518002753044238
-0.00013873149927128863
0.002615893316346609
0.0000409112903257355
-0.000019383015464064607
0.00040536558065074085
0.018073256124887548
0.1314191809818486
0.12571852989994473
-0.006649637474174061
-0.00538123552537723
0.18303844585981738
0.12129312389320492
-0.0053612786198337595
0.18235962759259539
0.04577545161228214
0.000946411535259948
-0.03219143554316749
0.1025310792743404
-0.007963914658149635
0.37318316646090166
0.1797657159181873
0.13028733441354678
-0.013761687813685279
-0.0986350722643593
-0.00001523640227492812
-0.007144312779434257
-0.00000024250284991255875
-0.0009120848928702442
0.0000027986239498508087
0.001312333304863307
0.012750508205615279
0.09130717121273949
0
0
0
0
0.9999999999999999
0
0
0.5697540584656804
0
0
0
0
0
0
0
0.0014605772427565156
0.01062314985195454
0.010164003370929781
0.01717632988670844
0.10075337886387083
0.0001408706194135349
0.01711613724125659
0.22829767641578635
0.00014037695311201366
0.037777848392730365
0.1471600900685503
0.00024201881876900424
-0.0038930281121021017
0.0012069244814021888
0.008270521223858185
0.000004963774873353676
0.0006345053569706077
0.004337322995324468
0.001232791860227073
0.0019317169305927478
0.0007258260622005118
0.010821057076620098
0.03658345738985037
0.006371071630310286
0.0018617439095618869
0.0021399504553206335
0.0009555683389719413
-0.00007868329936962511
0.0012599302951298462
0.0008013485452107829
0.00000023014306028728325
0.00011933321884963845
0.0021727530905711026
0.00014949892369140738
0.00028331059777611864
0.0002647913019462215
0.003561394236131315
0.014661664788452223
0.006307913082207572
0.00012371163443444363
0.00014553912346715618
0.00016341339379117017
-0.00000967505668706154
0.000257777735353657
0.0003208863184900578
0.000004231709757908678
0.0005410423294604237
0.0036989780565457133
-0.00001268150723480564
0.0019554070568928755
0.0012204682540626044
-0.00011133119841496006
0.03679131498587719
0.01071451451600941
0.00020376591841595083
-0.000026192435815693063
-0.000019383015464064745
-0.00006905457885677949
0.0025207600183272355
0.002068985920387697
0.0008993195018061297
0.006539376831251624
0.006255714238549869
-0.00538123552537726
0.10122708289217144
0.009107935106134283
-0.005361278619833774
0.2287697715423205
0.009074157324107811
0.009795578205271804
-0.07530700318438935
-0.007963914658149645
-0.002415892190204986
0.12745981750961932
0.018569476193163875
-0.0243750123149767
-0.017666079233155895
0.00020781428013250846
0.001489481291535464
0.0000009360033614433334
0.00043888974943624525
0.00000003284543569285133
0.00012353597372564035
0.0000007468129936511288
0.0003501962327326225
-0.00006937703652929463
-0.0004968132132822041
0
0
0
0
0
0.9999999999999999
0
0
0.5697540584656804
0
0
0
0
0
0
-0.0002910940661286356
-0.0021172011961950194
-0.002025692981362069
-0.0034232545609519326
0.00014087061941353937
0.10143212776168622
-0.003411258124609589
0.0001403769531120094
0.22897404670932323
-0.007529151609590213
0.00024201881876900646
0.1483261955856121
-0.0016578844080974422
-0.006103783015654145
0.0007854469689474742
-0.000040483300286672994
-0.005174866216764769
-0.03537411622001686
-0.01005434056577586
0.0007258260622005118
-0.003898942366947208
-0.088253821784642
0.006371071630310284
-0.014596225968363883
-0.015183915401214906
0.0009555683389719418
-0.005536259741885529
-0.002016104944851663
0.0003996643620219279
-0.0038777711676972974
-0.0000030090364966309317
-0.001560238272363191
-0.028407953468312184
-0.0019546438507985053
0.00026479130194622183
-0.0031584867194965303
-0.04656392950555686
0.006307913082207581
-0.06732954173667918
-0.001617484457738715
0.00016341339379117008
-0.001978532838953639
-0.00043333214236924224
0.00026802749061209636
-0.003635641494110742
-0.00007979227018072729
-0.010201785614155969
-0.06974718810260305
0.00023911995610930936
0.0012204682540626049
-0.0209927710644751
0.002099238740763933
0.01071451451600943
-0.16467118662275093
-0.003842169275783408
-0.00001938301546406472
0.00033826185450931435
-0.0039373025738027815
0.001726488502700455
-0.03377300155282133
-0.03058963748487473
-0.22243170112872543
-0.21278314367907636
0.18303844585981743
0.009107935106134236
-0.20830431620593703
0.18235962759259536
0.009074157324107787
-0.07961369621819615
-0.333188800701221
-0.007963914658149636
0.19534508400217201
-0.1735375476484341
0.009720309523152013
-0.3759137627474849
0.31851578607606656
0.23084809316684465
0.006577958128227731
0.0471466424841041
-0.000005914867514147383
-0.0027734673059610516
-0.00000042951527432029657
-0.0016154630475716859
-0.00001611133546868546
-0.007554942178819173
-0.008411611709177376
-0.06023606730959169
0
0
0
0.5697540584656804
0
0
1
0
0
0
0
0
0
0
0
-0.12456754993222141
-0.5493421250540661
-0.602273820643708
-0.18693208014605528
0.017116137241256584
-0.0034112581246095886
-0.09118280270589077
0.026731262187457666
-0.005327559251992747
-0.6682933886348159
0.005433874262278154
-0.0010829749413683862
-0.6800274299988748
0.00009293401575490525
-0.6795796513135407
-0.019645554580052137
-0.14291351219643694
-0.2800716022975015
-0.11253160085467104
0.010821057076620096
-0.08825382178464199
-0.27617555025397755
0.032510984443737685
-0.2651514179090791
-0.2187287875615686
0.007364596470344487
-0.06006379781637699
-0.1485985969374789
0.0056617850304374814
-0.1940804847444686
-0.004208622395812727
-0.03912384089384892
-0.10299177922781606
-0.01114548071424566
0.0035613942361313227
-0.046563929505556864
-0.011830796120470043
0.01477640965297438
-0.19319616189802755
-0.03604566375824618
0.0009061847517124456
-0.011848034814473411
-0.03746874489804607
0.0034875067106858544
-0.08279988361969015
0.00023696176124816243
0.0017238655460585428
0.0033784568271228916
0.037337736882784835
-0.00011133119841496005
0.0020992387407639305
0.1740946622268268
-0.00033450183050810853
0.006307299404447203
0.0010317930143976923
-0.0019191475174984522
0.036187060548450195
0.0017901358062018347
-0.000114867489966801
0.003949962259153874
0.06340683219138941
0.2796119432999313
0.30653930696680115
0.1212931238932049
-0.005361278619833775
0.18235962759259558
0.3901995568686299
-0.00837256032632909
0.2847859794970436
0.23630446676057665
-0.001823496301575154
0.06202477618707162
0.34598787419557747
-0.003057306494518911
0.44988983942618327
0.25240385398967086
0.2860827475312302
-0.17030343590360084
-0.3749112608068043
-0.009826317756499801
-0.07968097204470084
-0.0011205590148766838
-0.017300502091757045
0.0018049838567663408
0.014636722583707384
0.15765850757368755
0.3469801463745216
0
0
0
0
0.5697540584656804
0
0
1
0
0
0
0
0
0
0
0.005126089107699704
0.022606021272574297
0.024784217667717125
0.017116137241256626
0.22829767641578633
0.00014037695311200945
0.026731262187457677
0.557305541027085
0.00021923481249429912
0.03929610205307998
0.14284838478379389
0.00009293401575490567
0.016188754684036598
0.00117156229412475
0.027965436024937184
0.001418218870476876
0.010316972168803807
0.02021845857516929
0.0108210570766201
0.03658345738985037
0.006371071630310286
0.032510984443737685
0.1718284945069511
0.019141365690647675
0.020293622118760173
0.030497792435367144
0.005661785030437479
0.0062238592899057435
0.017956066472643435
0.014010732287262021
0.0005701328163348146
0.005300020647335315
0.013952069734008291
0.00356139423613132
0.014661664788452223
0.0063079130822075785
0.014776409652974366
0.09524439090965753
0.026171858990625515
0.00700869069054067
0.007578904402060233
0.003487506710685852
0.0029501445069578564
0.013423695063450296
0.011216718061296324
0.0012094528275086338
0.00879860973324607
0.01724364361851786
-0.00011133119841495922
0.036791314985877184
0.010714514516009417
-0.00033450183050810853
0.17245290207919906
0.03219245610967262
0.009106953677150656
-0.0003701504814135197
-0.00011486748996680255
0.005296171000539042
0.035623282266582304
0.02016060733901682
0.003155103891818504
0.01391340175837311
0.015253298847780056
-0.0053612786198337665
0.2287697715423206
0.009074157324107799
-0.008372560326329145
0.5580428606627796
0.014170860161162386
0.01901812095876353
-0.07285758178140123
-0.003057306494518926
0.009956561542034226
0.1233140834898418
0.0223863759504439
-0.034224251370299
-0.03879088100063356
0.002571740212069395
0.005661508590585661
0.0006036508018581778
0.004894965119136961
0.00015177243927833473
0.00234324062217719
0.0004816600664178158
0.003905810428929656
-0.0008578387514214345
-0.001887960377874473
0
0
0
0
0
0.5697540584656804
0
0
1
0
0
0
0
0
0
-0.0010216331447708154
-0.004505395852125538
-0.00493951191728638
-0.0034112581246096996
0.00014037695311201366
0.22897404670932325
-0.005327559251992969
0.0002192348124943082
0.5583618676618565
-0.007831740626088785
0.0000929340157549092
0.14329616346912805
-0.0055772033905955535
-0.0058967917658646
-0.00322275770275777
-0.011566636656700508
-0.08414263197169239
-0.16489666649189247
-0.08825382178464201
0.006371071630310285
-0.014596225968363878
-0.26515141790907915
0.019141365690647675
0.01806330523636318
-0.16550968146203848
0.005661785030437487
-0.0149840953716226
-0.08748981717301799
0.001081706638846334
-0.07753842602835347
-0.007454278439406116
-0.06929583512456092
-0.18241821839322506
-0.04656392950555688
0.006307913082207586
-0.06732954173667921
-0.19319616189802763
0.026171858990625546
-0.24494138332044774
-0.09163607216793251
0.0034875067106858565
-0.03775223431958388
-0.06636434229000879
0.005114212122468107
-0.11886221399814946
-0.022805199861132823
-0.1659048198515645
-0.3251426844521891
0.0020992387407639135
0.01071451451600941
-0.16467118662275096
0.0063072994044472055
0.03219245610967263
-0.4328542941628698
-0.1717188913943124
-0.00011486748996680225
0.001789675971538543
-0.17228266967618025
0.009134506144367685
-0.3077252352621244
-0.1073183491340001
-0.47325329331266064
-0.5188288269797054
0.18235962759259552
0.009074157324107811
-0.07961369621819639
0.2847859794970436
0.014170860161162292
0.0764489405266996
-0.6468862563346098
-0.00305730649451891
0.031044383449204526
-0.5855969490318398
0.0015447586901051955
-0.5145223423922961
0.4472188234086691
0.5068923779336263
0.08140345033500705
0.17920407792827325
-0.0038146385631502035
-0.030932656183436876
-0.001984707449171774
-0.030642237419062447
-0.010391071095305416
-0.08426182007081205
-0.10400857181317863
-0.22890556321595382
0.12540396769518905
1.1259576063463947
0.9986573293295358
0
0
0
0
0
0
2.513274122871835
0
0
0.8377580409572782
0
0.8377580409572782
0.06591408207340557
0.48599370279963616
0.5360431692525
0.6212792733469958
-0.03777784839273035
0.007529151609590211
0.6682933886348157
-0.039296102053079984
0.007831740626088783
1.184025442490421
-0.054198068416475904
0.010801712945968213
0.34772865296512034
-0.0006413575672442654
0.34463843625644897
0.00001543674107381593
0.01141635312122135
0.1058459628510167
0.02127515346045886
-0.0018617439095618873
0.015183915401214913
0.21872878756156852
-0.020293622118760162
0.1655096814620384
0.027162780731042897
-0.0021018773561930645
0.017142383437513186
0.0029752811195481324
-0.0014573149268377352
0.014682089775397759
0.00000007749544908584797
0.0006186464367542985
0.029576467687719245
0.000597142751339491
-0.0001237116344344438
0.0016174844577387176
0.03604566375824617
-0.007008690690540668
0.09163607216793246
0.0002746628290810149
-0.00004138565118264973
0.0005411022808594812
0.00009224412546918305
-0.0001072489146066585
0.0014862817085034223
0.00000018170382251956626
0.0014763243407649323
0.0556889174032083
0.000014518002753044238
-0.00020376591841595083
0.003842169275783408
-0.0010317930143976925
-0.009106953677150658
0.1717188913943124
0.0006316837159600784
-0.000001916490593729853
0.000036136962126932074
0.00022100468516682883
-0.00018510244792821533
0.003701442567609311
0.018083161334226664
0.22058262409765703
0.4215715203056475
-0.045775451612282185
-0.009795578205271799
0.33318880070122076
-0.23630446676057654
-0.019018120958763533
0.6468862563346097
0.11551017609697234
0.001611867040190476
-0.05482637520282974
0.12891921947654203
-0.015457045846462313
0.6542239094009075
0.31242839136482603
0.5852062360804021
0.019475876633055573
0.18316337907430572
0.000007334230823600385
0.011310465595448195
0.00000003558981169528261
0.001248575056651683
0.0000005792486803394565
0.0041039527294994115
0.017019826887147992
0.17212033697491694
0
0
0
0
0
0
0
0
0
0
0.8377580409572782
0
0
0
0
-0.0026570450683892095
-0.01474384862518485
-0.006360864936036834
-0.023403544153218075
-0.1471600900685503
-0.0002420188187690064
-0.005433874262278155
-0.1428483847837939
-0.00009293401575490922
-0.05419806841647589
-0.23653775767647706
-0.00044450214447465863
0.01188917084938316
-0.002369520066541155
-0.012005726370211148
-0.0000011014175560511245
-0.0007176424227516249
-0.0036207977848086168
-0.0014600597263730332
-0.002139950455320634
-0.0009555683389719422
-0.007364596470344482
-0.03049779243536713
-0.005661785030437484
-0.002101877356193066
-0.002223061378389329
-0.0012375141448395263
0.00017473563266286253
-0.0014250999024645787
-0.0009799742331229198
-0.000000010208248375540618
-0.00006247413773660036
-0.0011256280097893623
-0.00007085280655648239
-0.00014553912346715637
-0.00016341339379117038
-0.0009061847517124444
-0.007578904402060228
-0.0034875067106858544
-0.00004138565118264968
-0.00005183369330017189
-0.00007330193547858864
0.000008647734189494547
-0.00011306596756326344
-0.00016947820150128707
0.000000011325685994178785
0.000007381908285561799
0.000037251848699548396
0.00013873149927128863
0.000026192435815693063
0.00001938301546406472
0.0019191475174984527
0.00037015048141351975
0.00011486748996680225
-0.0000019164905937298526
0.00020065386055880436
0.00018444305440580588
-0.0000018306720890674293
0.000034518785620915216
0.0000336499326113104
0.0008327844349909582
0.004619085051646057
0.0019924265422451353
-0.0009464115352599482
0.07530700318438929
0.007963914658149635
0.0018234963015751533
0.07285758178140125
0.00305730649451891
0.0016118670401904834
-0.022593617378137185
-0.0027281430691035334
-0.0037470031420773864
0.12745133130176894
0.01914984866363636
-0.017394496096220246
-0.00418448894800255
-0.00026049445528258496
-0.0011689963640291873
-0.0000004294604561944975
-0.0004581611526319973
-0.000000004242822703212227
-0.000069550579481847
0.00000006294330693126935
0.00006715416722608361
-0.00008047496256223492
-0.0003607300110027992
0
0
0
0
0
0
0
0
0
0
0
0.8377580409572782
0
0
0
0.0005295509406847511
0.002938459344053729
0.0012677248310616303
0.004664342720090537
-0.00024201881876900421
-0.14832619558561208
0.0010829749413683865
-0.00009293401575490568
-0.14329616346912805
0.010801712945968657
-0.000444502144474677
-0.23867947709174472
0.0024142043654919927
0.01199682075817441
-0.002390974768662308
0.00000898288476014334
0.005852911229852127
0.02953031669236288
0.011907880161233403
-0.0009555683389719412
0.005536259741885529
0.06006379781637698
-0.005661785030437478
0.0149840953716226
0.0171423834375132
-0.0012375141448395263
0.0077180577549885
0.0016196404753249167
-0.0006066497838775561
0.004947683163754654
0.00000013346912086044092
0.0008168265439345321
0.014717175303301482
0.000926374580015817
-0.00016341339379117038
0.0019785328389536417
0.011848034814473404
-0.0034875067106858518
0.037752234319583876
0.0005411022808594812
-0.00007330193547858874
0.0009009559301759754
0.00013752479398427064
-0.0001503120249504736
0.001965274852927929
-0.00000021355486281653776
-0.00013919178158900756
-0.0007024133851833261
-0.002615893316346609
0.000019383015464064745
-0.0003382618545093144
-0.036187060548450244
0.00011486748996680271
-0.0017896759715385453
0.00003613696212693208
0.00018444305440580593
-0.0032673856002500487
-0.00003788433015400035
0.000029810099870197264
-0.0005620932623065244
-0.0283265001128723
-0.15711450375299077
-0.06777080394689375
0.03219143554316749
0.007963914658149641
-0.195345084002172
-0.062024776187071626
0.003057306494518928
-0.031044383449204568
-0.054826375202829625
-0.0027281430691035156
0.07012179300622982
-0.12835622054379525
0.011629239104345145
-0.3955593175867049
0.2272992327507656
0.0546800046447864
-0.008245446936523043
-0.037002313458590806
0.0000027138809598276613
0.002895248702706064
0.000000055482812720283394
0.0009095034239957697
-0.0000013579045117041018
-0.0014487473109031951
-0.009757178617715755
-0.043736673346110914
0.12540396769518905
1.1259576063463947
0.9986573293295358
0
0
0
0
0
0
0.8377580409572782
0
0
2.513274122871835
0
0.8377580409572782
0.0014553691424444388
0.12831459628584227
0.38173145968365174
0.20214555473712512
0.0038930281121021017
0.0016578844080974422
0.6800274299988746
-0.016188754684036594
0.005577203390595551
0.3477286529651205
0.011889170849383176
0.002414204365491894
0.1576307022777617
0.00009750830782319692
0.053384938590239385
0.0000002591163871341342
0.0015271813970876844
0.055951070997991716
0.003424288400228418
0.00007868329936962511
0.0020161049448516634
0.14859859693747887
-0.006223859289905743
0.08748981717301797
0.0029752811195481333
0.0001747356326628626
0.001619640475324917
0.00060660897121234
0.00010287841790133153
0.0011779640864223717
0.000000003522804192304067
0.0001659363305922169
0.02141976166067126
0.000244655652995168
0.000009675056687061557
0.00043333214236924305
0.03746874489804606
-0.0029501445069578555
0.06636434229000877
0.00009224412546918308
0.000008647734189494514
0.00013752479398427064
0.00003743208985923988
0.000015316797863025123
0.00025818161183162086
0.0000002372911413738284
0.0015125553019476237
0.055871752278962114
-0.0000409112903257355
0.00006905457885677949
0.0039373025738027815
-0.0017901358062018349
-0.0052961710005390425
0.17228266967618025
0.00022100468516682883
-0.0000018306720890674293
-0.000037884330154000335
0.000613292359625945
0.00017618388153208423
0.0038665989682415336
0.0013884723180519756
0.12798460564726472
0.3816296816824075
-0.10253107927434044
0.0024158921902049865
0.1735375476484341
-0.34598787419557736
-0.009956561542034224
0.5855969490318395
0.12891921947654203
-0.00374700314207746
-0.12835622054379525
0.15831288917673464
0.006341937887606251
0.2703301252313128
0.18650255832785154
0.5549130184041662
0.00222958399272838
0.10576882045440966
0.0000003697921198431812
0.0038805958183267273
0.0000000048390688071842315
0.0007444927187907812
0.00000036016993020137974
0.003870217774351303
0.0022301162936232974
0.10582527705482503
0
0
0
0
0
0
0
0
0
0
0
0
0
0.8377580409572782
0
-0.00002179159267797462
-0.00012092077306785028
-0.0000521682448727725
-0.0002420188187690046
-0.0012069244814021888
0.006103783015654145
-0.00009293401575490521
-0.0011715622941247496
0.005896791765864598
-0.0006413575672442924
-0.0023695200665412542
0.011996820758174416
0.00009750830782320088
0.052357974449926056
0.0000983911919684821
-0.000000648477324793374
-0.00042252353424681384
-0.0021318030098672943
-0.0009555683389719422
-0.001259930295129846
-0.0003996643620219278
-0.005661785030437483
-0.017956066472643438
-0.0010817066388463343
-0.0014573149268377358
-0.0014250999024645792
-0.0006066497838775562
0.00010287841790133149
-0.0006416262589122029
-0.0003571748305391418
-0.000000018080768150073066
-0.00011065369476096626
-0.001993703358256289
-0.00016341339379117038
-0.00025777773535365736
-0.0002680274906120968
-0.0034875067106858557
-0.013423695063450302
-0.0051142121224681085
-0.00010724891460665842
-0.00011306596756326347
-0.00015031202495047346
0.00001531679786302519
-0.00018825914726399137
-0.0002662314604148313
-0.0000010899840181015004
-0.0007104348521130606
-0.003585117912337695
0.000019383015464064607
-0.0025207600183272355
-0.001726488502700455
0.00011486748996680116
-0.03562328226658235
-0.009134506144367697
-0.0001851024479282154
0.00003451878562091523
0.000029810099870197264
0.00017618388153208428
-0.003121075387569443
-0.0028689240063008267
-0.0014095176759178554
-0.007817967955817701
-0.003372253744503406
0.007963914658149636
-0.12745981750961932
-0.009720309523152015
0.003057306494518911
-0.12331408348984182
-0.0015447586901051965
-0.015457045846462417
0.12745133130176894
0.011629239104345223
0.0063419378876061255
-0.16300760060916453
-0.01968290638768685
-0.03082023493292876
-0.0074142379140092725
0.00012451391447641528
0.0005587693340193008
-0.00000016671925925293498
-0.00017786105072892656
-0.000000007514786559909232
-0.00012318633053612647
-0.0000003623569124148226
-0.00038659831963394435
0.00005308997307934685
0.00023797645830826776
0.12540396769518905
1.1259576063463947
0.9986573293295358
0
0
0
0
0
0
0.8377580409572782
0
0
0.8377580409572782
0
2.5132741228718345
0.0013503719501740154
0.12773197059863742
0.38148010039485347
0.20097944922006328
-0.008270521223858185
-0.0007854469689474742
0.6795796513135403
-0.02796543602493717
0.0032227577027577675
0.3446384362564492
-0.012005726370211153
-0.0023909747686626046
0.053384938590239385
0.00009839119196849428
0.15857459370181978
0.0000054684227760328535
0.0049213703104985275
0.07307613399493411
0.011100498597434583
-0.0008013485452107828
0.0038777711676972965
0.19408048474446862
-0.014010732287262023
0.07753842602835344
0.014682089775397766
-0.00097997423312292
0.004947683163754655
0.0011779640864223717
-0.0003571748305391418
0.0026494065778214296
0.0000002385393581944783
0.0016042297600793727
0.04733421889340014
0.0023687276154159657
-0.00032088631849005816
0.003635641494110748
0.08279988361969019
-0.011216718061296331
0.1188622139981495
0.0014862817085034234
-0.00016947820150128734
0.0019652748529279287
0.0002581816118316209
-0.0002662314604148315
0.0032988587533777126
0.000020732004800312255
0.014870695077930656
0.12328188291085024
-0.00040536558065074085
-0.002068985920387697
0.03377300155282133
-0.00394996225915388
-0.02016060733901685
0.30772523526212475
0.0037014425676093134
0.00003364993261131042
-0.0005620932623065249
0.0038665989682415357
-0.0028689240063008293
0.05124425290452682
0.04929065576537617
0.3936767226056532
0.49623506780850757
-0.3731831664609018
-0.018569476193163875
0.37591376274748495
-0.44988983942618316
-0.0223863759504439
0.514522342392296
0.6542239094009075
0.019149848663636233
-0.395559317586705
0.2703301252313128
-0.019682906387686726
0.6117031029884834
0.5868814757978258
0.6512297582452469
0.006166896840022148
0.12343792745148109
0.0000013969552003097314
0.00497640385862382
0.00000010253424300370285
0.002345963355969088
0.000008160663542138922
0.012192558591843653
0.008666566784181245
0.13467674566510782
0.0000023818903907889063
0.015740370487706587
0.059896127508273736
-0.035493048363839916
0.0014605772427565156
-0.0002910940661286356
-0.12456754993222142
0.005126089107699704
-0.0010216331447708154
0.06591408207340557
-0.0026570450683892095
0.000529550940684751
0.001455369142444438
-0.00002179159267797461
0.0013503719501740143
0.9999999999999999
0.2190588715645055
0.18426105310910237
0
0
0
0
0
0
0.12540396769518908
0
0
0.12540396769518908
0
0.12540396769518908
0.000002388317945542335
0.01575326992463636
0.059912647047076134
0.01743667191963641
-0.0023613490912667004
0.030889206140156
0.061162509613618896
-0.008282890058455688
0.10834988329262218
0.01692286318806603
-0.002109280374434233
0.02759185269736373
0.0016331646879684182
-0.0037366073407569776
0.05022670836232568
0.00000000000000076262235197859245
0.000020888944305917302
0.006337854110119447
-0.0000008316885319792046
-0.0000042313396631599825
0.00007972612658760446
-0.00023783897361664532
-0.0012100413121177147
0.022799376676388643
0.00000018150857588794602
0.000000011366377141437653
-0.00000021416319533751632
0.00000023710260604855415
-0.000001089587252891652
0.000020709077828481244
0.000000000000000000013739203501126475
0.0000007898225607184649
0.0020633412606772313
-0.0000017616997616920694
-0.00000008764923196047382
0.000002981318904031268
-0.004363498713378406
-0.00021709562503476298
0.007384334995547906
0.00000008315881976679689
0.000000004030867262164192
-0.00000013710674354511356
0.0000000023412243922109605
-0.000000006821423848515789
0.00000023416598412839162
0.0000000000000007640226298362461
0.00002090047350251644
0.006339048793244045
-0.00006953579123790743
0.0000007293732283299522
0.00003931653229038234
-0.019877989091253205
0.00020850374775474052
0.011239299734150023
0.000015791023866256734
-0.00000016375300330645547
-0.000008827031198947206
0.00000018112564977175472
0.00000009258829341738414
0.0000051703378803190295
0.000034657393127678737
0.013423762843474355
0.03212672247001178
0.09172289287815558
0.00003468847165399894
0.013427186929348831
0.000000000056409421471253685
0.0002885407807286044
0.00000000000007701066842424371
0.00004237532983360036
0.00000000005646627996732603
0.0002886251943871363
0.015740370487706587
0.1816437414091276
0.33981136701838227
-0.25814997004892865
0.01062314985195454
-0.0021172011961950194
-0.5493421250540663
0.022606021272574297
-0.004505395852125538
0.48599370279963616
-0.01474384862518485
0.002938459344053729
0.12831459628584227
-0.00012092077306785028
0.12773197059863742
0.21905887156450554
0.9999999999999999
0.8122730676219885
0
0
0
0
0
0
1.1259576063463947
0
0
1.1259576063463947
0
1.1259576063463947
0.01575326992463636
0.1817226176907559
0.33988421580636424
0.1267753238647458
-0.017168459507799334
0.22458351745054977
0.2697094366849637
-0.03652521170079875
0.4777924609755989
0.21414880434188296
-0.011696795817388424
0.15300776091044235
0.12936136515990992
-0.02072096893534712
0.39883182783121823
0.000020888944305917302
0.004604851976682112
0.05889797024605237
-0.00010637460963324721
-0.0005411967191890798
0.010197129414716396
-0.001730359988136236
-0.008803464960520799
0.16587327364966592
0.0014754632040460491
0.000007412867316142967
-0.00013967188764576026
0.0015117202421525739
-0.0007106015957891135
0.01486303123024327
0.0000007898225607184649
0.0007079404271645469
0.024436030560331022
-0.000913369934868617
-0.000045442574851761505
0.0015456930360155103
-0.04056279244148473
-0.0020181064225458446
0.06864428464810836
0.0006532411386243721
0.000024664361642750874
-0.000838938641864618
0.00015872860080736736
-0.000041739420768707414
0.0015772346790271369
0.00002090047350251644
0.004606296863580506
0.05890666179498499
-0.008891660468059781
0.00009326620126624892
0.00502747217920503
-0.14461319027876257
0.0015168733622637535
0.08176636900207761
0.011652195586857062
-0.00010675502502495217
-0.005754581091719677
0.0014756794858414744
0.00006036082014503608
0.004728282282567538
0.007023937190497759
0.1046555351841538
0.27099225498938173
0.474199133385897
0.0070273341079795755
0.10467658582712075
0.000004904438382934453
0.0050005671704532045
0.00000013002386228557758
0.001086617917279754
0.000004907153379288874
0.0050017297783803445
0.059896127508273736
0.33981136701838227
0.5584055613133373
-0.24699238948417732
0.010164003370929781
-0.002025692981362069
-0.602273820643708
0.024784217667717125
-0.00493951191728638
0.5360431692525
-0.006360864936036834
0.0012677248310616303
0.38173145968365174
-0.0000521682448727725
0.38148010039485347
0.18426105310910237
0.8122730676219885
1.0000000000000002
0
0
0
0
0
0
0.9986573293295358
0
0
0.9986573293295358
0
0.9986573293295358
0.05991264704707613
0.33988421580636424
0.5584854266145548
0.12126657658848432
-0.016422441263333264
0.21482472684103912
0.295676403462413
-0.04004177000306459
0.5237931538440544
0.4188126002395606
-0.005044931487020929
0.06599360054042645
0.3822430278275056
-0.0089371371660701
0.4984680216785239
0.0063378541101194435
0.058897970246052346
0.17413337056022402
-0.0007274463890770005
-0.003700992187061866
0.06973341662320565
-0.003391448124377328
-0.017254499025106677
0.3251061089371454
0.05567480737329357
0.00003742064393532279
-0.0007050729161149888
0.05585783529693913
-0.0035871638007050673
0.12325613520541304
0.002063341260677232
0.02443603056033104
0.0972506842048207
-0.01662882109069326
-0.0008273279185821629
0.028140901047645783
-0.10677720684299702
-0.005312449018943105
0.18069872756009742
0.030199998788333404
0.00044434461536842614
-0.015114028635182936
0.021291031810234295
-0.0007519629794523092
0.04684634708066188
0.006339048793244045
0.05890666179498499
0.1741504052874973
-0.060795922034395905
0.0006376991925181334
0.03437488506617913
-0.2834230738867695
0.002972874813155164
0.1602514652948088
0.10704287115676901
-0.0005387915193907841
-0.029043311910989276
0.05568209848223257
0.00030464044189035976
0.07209795152908592
0.0701993941207311
0.2539449122718586
0.3753251342495927
0.7025883772173901
0.07021498190765958
0.2539792218558086
0.002506237599119044
0.033178970993978034
0.0004768658493042549
0.011993363311349084
0.0025068723493304407
0.033184118165028656
0.035493048363839916
0.25814997004892865
0.2469923894841771
-0.3159366240821566
0.017176329886708433
-0.003423254560951931
-0.1869320801460549
0.017116137241256605
-0.0034112581246096953
0.6212792733469958
-0.023403544153218072
0.004664342720090536
0.20214555473712512
-0.00024201881876900457
0.20097944922006328
0
0
0
0.9999999999999999
0
0
0.5697540584656804
0
0
0
0
0
0
0
0
-0.01743667191963641
-0.12677532386474594
-0.12126657658848436
0.0008880131104586769
0.013626869509325807
-0.17825538073778624
0.12881270790886304
0.013574993622907584
-0.1775767835091079
-0.037800813873581945
0.0016237892590338645
-0.021241061449140574
-0.10024168833094192
0.020359615239994418
-0.3650128462651744
0.0000008316885319792046
0.00010637460963325118
0.000727446389077001
0.0020166132551719474
-0.00001273575221187939
0.00023996470949211773
0.03732863832147438
-0.00011183730659844392
0.0021072180379926044
-0.000014567053606473086
-0.00013875623366097143
0.0026144195291125157
0.00004105223694478363
-0.00001946502473524465
0.000406775590468261
0.0000017616997616920703
0.0009133699348686176
0.016628821090693278
-0.0008826497360520812
-0.000059019520014373554
0.0020075020258597644
-0.013111830744266369
-0.0014058631327425169
0.04781931615802407
0.0006719672477360321
0.000029608461700713196
-0.0010071082725223314
0.0002426008279626214
-0.00006390338628319676
0.0024143449535902572
0.00006953579123790745
0.008891660468059781
0.06079592203439592
-0.015465104775230722
0.00018340186589709865
0.009886194204262342
-0.1161586758425053
0.0016102456596477205
0.08679956024427557
0.02207512256449418
-0.00022040888429637997
-0.011881040707194071
0.0033478918201112194
0.00013816331172564515
0.010792959217206969
0.013630018197327612
0.09765116925992012
-0.1865203640832523
-0.135156531488888
-0.012569500143008937
-0.09002761751200018
-0.0000024627021965015893
-0.001154954849285724
0.0000002513906559703771
0.0009455116512726976
0.0000153605788083548
0.007201499703478417
-0.0014605772427565156
-0.01062314985195454
-0.010164003370929781
0.017176329886708436
0.10075337886387083
0.00014087061941353934
0.01711613724125659
0.22829767641578635
0.00014037695311201366
-0.03777784839273035
-0.1471600900685503
-0.00024201881876900421
0.0038930281121021017
-0.0012069244814021888
-0.008270521223858185
0
0
0
0
0.9999999999999999
0
0
0.5697540584656804
0
0
0
0
0
0
0
0.0023613490912667004
0.017168459507799334
0.01642244126333327
0.013626869509325793
0.0996661219020174
0.024140110180346175
0.013574993622907594
0.22721478008036242
0.024048211625584084
0.024857200224554295
0.0713184448480736
0.020359615239994442
-0.006162890975680629
0.12634120517153305
0.04943160924294748
0.0000042313396631599825
0.0005411967191890808
0.003700992187061868
-0.000012735752211878952
0.0019543214814805735
0.0012208563109753602
-0.00011183730659844227
0.036781631432757984
0.010720786592867324
0.00020380651697285307
-0.00002627998733064475
-0.000019465024735244808
-0.0000690591897748128
0.002519214244372923
0.0020695315899783486
0.00000008764923196047382
0.000045442574851761505
0.0008273279185821627
-0.00005901952001437351
0.0003006727048766696
0.00009987854602233815
-0.0014058631327425143
0.01507527402113102
0.0023791377085163544
0.000049737897005709946
-0.0001619893844855697
-0.00006390338628319659
-0.000004235711472368889
0.0002741341201950123
0.00012012005988272375
-0.0000007293732283299522
-0.00009326620126624991
-0.0006376991925181335
0.00018340186589710055
0.002017838447553489
-0.00010369804174643227
0.0016102456596477038
0.03733939957048285
-0.0009104559586642613
-0.00027944738925972097
-0.0022806245507584573
0.00013816331172564376
0.00001278088923908551
0.0012894977851816269
-0.00011320926054547081
-0.0009195611425289252
-0.00658812185529904
-0.009310946531580919
-0.006746905327320009
0.0009716752262996234
0.006959513474992329
0.0000009641053334472012
0.0004521448560320703
0.00000001249557937083698
0.00004699743448667132
-0.0000003225090973902511
-0.00015120193048726296
0.0002910940661286356
0.0021172011961949344
0.002025692981362069
-0.0034232545609518238
0.00014087061941353492
0.10143212776168622
-0.003411258124609589
0.0001403769531120094
0.22897404670932323
0.007529151609590211
-0.0002420188187690064
-0.14832619558561208
0.0016578844080974422
0.006103783015654145
-0.0007854469689474742
0
0
0
0
0
0.9999999999999999
0
0
0.5697540584656804
0
0
0
0
0
0
-0.030889206140156007
-0.22458351745054975
-0.2148247268410391
-0.17825538073778602
0.02414011018034617
-0.21426932578535057
-0.17757678350910788
0.024048211625584064
-0.08552555235212358
-0.3251612328914516
0.020359615239994425
-0.19345271308615894
-0.17757896627077807
0.02619819827742704
-0.3884264426376436
-0.00007972612658760446
-0.010197129414716394
-0.06973341662320563
0.00023996470949210898
0.0012208563109753576
-0.020984034379519432
0.002107218037992575
0.010720786592867333
-0.16464847607969937
-0.003840085047538308
-0.000019465024735244785
0.0003394433661928351
-0.0039352903322779015
0.0017269688393445216
-0.03375724406816966
-0.0000029813189040312683
-0.0015456930360155103
-0.028140901047645765
0.002007502025859763
0.00009987854602233815
-0.0030936802115552223
0.04781931615802401
0.0023791377085163557
-0.0657792572181347
-0.0016917950023424462
-0.00006390338628319676
0.002009754741142065
-0.00041055260962510263
0.00009999062457772717
-0.0035311613206571177
-0.00003931653229038234
-0.00502747217920503
-0.03437488506617913
0.009886194204262342
-0.0001036980417464312
-0.003570033615632844
0.08679956024427556
-0.0009104559586642707
-0.011721424824078657
-0.015063484477555672
0.00013816331172564512
0.005164442846337289
-0.0018929459851799737
-0.00005417075558212825
-0.0035205997140211314
0.006809703938193748
0.048787576234408964
0.31550041834947884
0.22861815886428152
-0.008617690627926375
-0.0617232305867959
-0.000016151169788002232
-0.007574554444621506
-0.0000004254617269422084
-0.0016002146875413862
-0.000005664607546316183
-0.0026557377865819385
0.12456754993222141
0.5493421250540661
0.6022738206437082
-0.18693208014605528
0.017116137241256584
-0.0034112581246095886
-0.09118280270589094
0.02673126218745767
-0.005327559251992967
0.6682933886348159
-0.005433874262278157
0.0010829749413683869
0.6800274299988748
-0.00009293401575490525
0.6795796513135407
0
0
0
0.5697540584656804
0
0
1
0
0
0
0
0
0
0
0
-0.06116250961361888
-0.2697094366849637
-0.2956764034624134
0.12881270790886298
0.013574993622907594
-0.17757678350910786
0.40194681092601203
0.021199132472522676
-0.2773094310189265
-0.22549659579064757
-0.005117588466492801
0.06694403875590599
-0.33424784939313823
0.007814972831469032
-0.435879406837698
0.00023783897361664524
0.0017303599881362348
0.003391448124377455
0.03732863832147437
-0.00011183730659844224
0.0021072180379925758
0.17406731819850066
-0.000336051258684689
0.006331816238503273
0.0010356585042934235
-0.0019201533210432763
0.036179177028482765
0.0017968486607480958
-0.0001153927723284714
0.003964933841340049
0.004363498713378409
0.04056279244148478
0.10677720684299706
-0.013111830744266348
-0.0014058631327425156
0.04781931615802407
-0.01998624831052919
-0.005832848091267682
0.19839968805067248
0.03849824820574537
0.0004011043808498435
-0.013643246453735753
0.038610624533494384
-0.0013636614947315402
0.08495439460232024
0.01987798909125321
0.14461319027876257
0.2834230738867695
-0.11615867584250528
0.0016102456596477038
0.08679956024427554
-0.28710972602723717
0.0048382392015339365
0.2608030846309746
0.2246104024336196
-0.0011172280004586512
-0.060223667458056296
0.14967543725769272
0.0008188842121470295
0.1938018270619458
0.168608343665537
0.3711325583208394
-0.2618391496626186
-0.29676217218323214
-0.15544758349106438
-0.3421337872853375
-0.0015885148158206017
-0.012881854948999391
0.0011616261821118835
0.017934536682086392
0.00990505057519738
0.08031581255934467
-0.005126089107699704
-0.022606021272574297
-0.024784217667717125
0.017116137241256626
0.22829767641578633
0.00014037695311200945
0.02673126218745767
0.557305541027085
0.00021923481249430817
-0.03929610205308
-0.14284838478379397
-0.00009293401575490572
-0.016188754684036598
-0.00117156229412475
-0.027965436024937184
0
0
0
0
0.5697540584656804
0
0
1
0
0
0
0
0
0
0
0.008282890058455686
0.03652521170079875
0.04004177000306459
0.013574993622907584
0.22721478008036244
0.024048211625584057
0.02119913247252265
0.5556145489361569
0.03755443561444735
0.049595855742771415
0.06976711806705398
0.007814972831469046
0.026207143996405797
0.12359301716005289
0.05902866361091282
0.0012100413121177143
0.008803464960520792
0.017254499025106708
-0.0001118373065984439
0.03678163143275798
0.010720786592867336
-0.000336051258684677
0.17242365957461803
0.03221406110537641
0.00911178152616759
-0.00037152694328341704
-0.00011539277232846603
0.005299021860892298
0.03561478001918788
0.02017219329060893
0.0002170956250347631
0.002018106422545846
0.005312449018943105
-0.0014058631327425156
0.015075274021131027
0.0023791377085163575
-0.005832848091267678
0.09696048455419992
0.009870910274822745
0.0027247914161498466
-0.008094164598953792
-0.0013636614947315408
0.0011115793547929135
0.01369772900918378
0.004226706275653071
-0.00020850374775474052
-0.0015168733622637535
-0.002972874813155196
0.00161024565964772
0.03733939957048285
-0.0009104559586642707
0.0048382392015339885
0.17409965613971262
-0.002735609740096044
-0.003018103358246839
-0.031547106858838596
0.000818884212147033
-0.0009078470962439575
0.017837186050563093
-0.0020328216842574096
-0.011375309914948624
-0.02503878383860909
-0.013070799718657416
-0.014814128909594923
0.012016751990763883
0.026448380715451917
0.000621876087319091
0.005043023504289757
0.00005773958503665218
0.0008914509002936241
-0.00020796540029300095
-0.001686302354738747
0.0010216331447708154
0.004505395852125538
0.004939511917286176
-0.0034112581246097
0.00014037695311201366
0.22897404670932325
-0.005327559251992749
0.00021923481249429917
0.5583618676618565
0.007831740626088787
-0.00009293401575490926
-0.14329616346912813
0.0055772033905955535
0.0058967917658646
0.00322275770275777
0
0
0
0
0
0.5697540584656804
0
0
1
0
0
0
0
0
0
-0.10834988329262218
-0.4777924609755989
-0.5237931538440544
-0.1775767835091079
0.024048211625584084
-0.08552555235212345
-0.27730943101892613
0.03755443561444735
0.06722951385596898
-0.6487717624648652
0.00781497283146902
-0.031864439377505695
-0.5921227840607184
0.004315219401648569
-0.5228612059992974
-0.022799376676388636
-0.16587327364966578
-0.32510610893714537
0.002107218037992604
0.01072078659286732
-0.1646484760796994
0.006331816238503033
0.032214061105376335
-0.43283806592096874
-0.17168251788402134
-0.00011539277232846574
0.0017965582373084298
-0.1722469148933162
0.009140258443398039
-0.30767705367604753
-0.007384334995547911
-0.06864428464810839
-0.18069872756009742
0.04781931615802402
0.0023791377085163557
-0.06577925721813477
0.19839968805067235
0.009870910274822745
-0.2385004769188328
-0.09268161256875605
-0.0013636614947315391
0.03824960546987203
-0.06534063710583653
0.001903019240353066
-0.11623690224264457
-0.011239299734150023
-0.08176636900207761
-0.1602514652948088
0.08679956024427554
-0.0009104559586642613
-0.011721424824078674
0.2608030846309746
-0.0027356097400960144
0.026688605892092765
-0.16268948945647807
0.0008188842121470294
0.012579282945414457
-0.0846286359478587
-0.00013194632646922516
-0.07388677779803565
0.08423854504439696
0.18542182463739187
0.4429026378157576
0.5019751593038881
-0.10657537436998425
-0.23456804953581936
-0.01041797604985368
-0.0844832260925673
-0.001965973952352645
-0.030352993508111954
-0.003652741536301261
-0.029618516566883725
0.06591408207340557
0.48599370279963605
0.5360431692524998
-0.6212792733469957
0.037777848392730344
-0.0075291516095902095
-0.6682933886348157
0.03929610205307996
-0.007831740626088782
1.184025442490421
-0.05419806841647591
0.01080171294596866
0.34772865296512045
-0.0006413575672442921
0.34463843625644913
0.12540396769518905
1.1259576063463947
0.9986573293295358
0
0
0
0
0
0
2.513274122871835
0
0
0.8377580409572782
0
0.8377580409572782
0.016922863188066038
0.21414880434188296
0.4188126002395609
0.03780081387358194
-0.024857200224554295
0.32516123289145166
0.22549659579064696
-0.04959585574277137
0.6487717624648655
0.11154339720322601
-0.003133611346329276
0.04099129908317499
0.12622793660909162
-0.039290163485422316
0.6371856319699108
0.00000018150857588794568
0.0014754632040460491
0.05567480737329357
0.000014567053606473086
-0.00020380651697285307
0.003840085047538309
-0.0010356585042934233
-0.009111781526167578
0.17168251788402128
0.0006312164194961122
-0.000001924230740288021
0.00003625600301475075
0.00022086183346200632
-0.000185122574088697
0.003699082361280192
0.00000008315881976679659
0.0006532411386243724
0.03019999878833341
-0.0006719672477360324
-0.000049737897005709966
0.0016917950023424468
-0.03849824820574534
-0.0027247914161498458
0.09268161256875602
0.0003225156150304669
0.000017843843441694374
-0.0006069441406775586
0.00009061397347778159
-0.000043002683188075834
0.0015520517787617721
0.0000157910238662567
0.011652195586857062
0.10704287115676907
-0.02207512256449418
0.00027944738925972097
0.015063484477555676
-0.22461040243361968
0.00301810335824684
0.1626894894564781
0.028581257706321604
-0.00032092577034713136
-0.017299357753450366
0.0028616092013976314
0.0002128521890852453
0.0143313610013966
0.019139524259347614
0.18163896188223902
0.3222771909559118
0.5876210357565611
0.016605748489846854
0.1702682394353657
0.0000005259642242837418
0.004046852476984343
0.0000000379280043985174
0.0012869035036833928
0.000007447333963246564
0.011430022707445031
-0.0026570450683892095
-0.01474384862518485
-0.0063608649360368304
0.02340354415321807
0.14716009006855024
0.0002420188187690064
0.0054338742622781514
0.14284838478379383
0.00009293401575490917
-0.05419806841647587
-0.23653775767647706
-0.00044450214447467695
0.011889170849383162
-0.002369520066541253
-0.012005726370211151
0
0
0
0
0
0
0
0
0
0
0.8377580409572782
0
0
0
0
-0.0021092803744342335
-0.011696795817388424
-0.005044931487020987
-0.0016237892590338639
-0.0713184448480736
-0.020359615239994425
0.005117588466492823
-0.06976711806705425
-0.007814972831469107
-0.0031336113463293004
-0.016985724313214066
-0.0055512179896492295
0.009290548977403038
-0.12153123973900622
-0.04924109776621305
0.000000011366377141437626
0.000007412867316142967
0.000037420643935322996
0.00013875623366097143
0.00002627998733064475
0.000019465024735244788
0.0019201533210432863
0.000371526943283417
0.00011539277232846631
-0.0000019242307402878072
0.00020048913543307937
0.0001844578320911491
-0.00000183795147413654
0.00003463034489163489
0.000033788967311948574
0.0000000040308672621641695
0.000024664361642750878
0.0004443446153684265
-0.000029608461700713203
0.00016198938448556974
0.00006390338628319677
-0.00040110438084984407
0.008094164598953795
0.0013636614947315395
0.000017843843441694357
-0.00006185482972822732
-0.000030197079508146265
-0.0000037299633971809406
0.0001268717379334822
0.00006572136093030087
-0.00000016375300330645515
-0.00010675502502495217
-0.0005387915193907843
0.00022040888429637997
0.0022806245507584573
-0.00013816331172564515
0.0011172280004586514
0.03154710685883861
-0.0008188842121470295
-0.0003209257703471348
-0.0024327831090882475
0.00018145602700484436
0.00002772549078266641
0.0014945299762638064
-0.00013923761102708362
-0.0011409824089263399
-0.005117562281790011
0.006892418620214338
0.0016576524081687257
-0.0011113961830478173
-0.004983036446787992
-0.00000007151603611192581
-0.00007631274987056551
0.0000000016732761708727847
0.000027429167533241696
-0.00000014915105669413604
-0.00015908862697597664
0.0005295509406847511
0.0029384593440537283
0.0012677248310616297
-0.004664342720090536
0.00024201881876900416
0.14832619558561205
-0.001082974941368386
0.00009293401575490564
0.14329616346912796
0.01080171294596821
-0.0004445021444746587
-0.23867947709174472
0.002414204365491894
0.011996820758174412
-0.002390974768662604
0
0
0
0
0
0
0
0
0
0
0
0.8377580409572782
0
0
0
0.027591852697363733
0.15300776091044235
0.06599360054042679
0.021241061449140564
-0.02035961523999444
0.1934527130861589
-0.06694403875590584
-0.00781497283146907
0.03186443937750588
0.0409912990831753
-0.0055512179896492295
0.05520632832329592
0.12760385244201058
-0.030195774268581766
0.3949960212970877
-0.0000002141631953375158
-0.00013967188764576024
-0.0007050729161149888
-0.0026144195291125153
0.000019465024735244805
-0.0003394433661928351
-0.03617917702848276
0.00011539277232846588
-0.0017965582373084294
0.000036256003014746635
0.00018445783209114868
-0.003265241725617251
-0.00003801231911857367
0.00002993357136309039
-0.0005640028666312739
-0.000000137106743545113
-0.0008389386418646181
-0.015114028635182958
0.0010071082725223316
0.0000639033862831966
-0.0020097547411420656
0.01364324645373578
0.001363661494731542
-0.038249605469872064
-0.0006069441406775582
-0.000030197079508146265
0.0009643870307938276
-0.00013051362011995106
0.0000581543646855347
-0.0019780744555422764
-0.000008827031198947186
-0.005754581091719675
-0.0290433119109893
0.011881040707194068
-0.00013816331172564374
-0.005164442846337289
0.06022366745805633
-0.0008188842121470335
-0.012579282945414473
-0.017299357753450366
0.0001814560270048424
0.007345155287053544
-0.0014986659449700897
-0.00008370990181890132
-0.004512344201916235
0.008449413577989553
0.037897516992091686
-0.23354886108965173
-0.056169372950577494
0.009856861851915701
0.044194053037283916
0.0000011980720381232802
0.0012784289614308502
-0.00000005697334618771634
-0.0009339351654647212
-0.000002619715871978296
-0.002794261136177292
0.0014553691424444388
0.12831459628584227
0.38173145968365174
-0.20214555473712514
-0.0038930281121021017
-0.0016578844080974422
-0.6800274299988746
0.016188754684036594
-0.005577203390595551
0.34772865296512045
0.011889170849383174
0.0024142043654919927
0.1576307022777617
0.00009750830782320095
0.053384938590239385
0.12540396769518905
1.1259576063463947
0.9986573293295358
0
0
0
0
0
0
0.8377580409572782
0
0
2.513274122871835
0
0.8377580409572782
0.0016331646879684182
0.12936136515990992
0.38224302782750563
0.10024168833094192
0.006162890975680629
0.17757896627077807
0.33424784939313795
-0.02620714399640559
0.5921227840607183
0.1262279366090914
0.009290548977403019
0.12760385244201042
0.1561736517696787
0.016458283085262163
0.28024800158913654
0.00000023710260604855365
0.0015117202421525739
0.05585783529693913
-0.00004105223694478363
0.0000690591897748128
0.003935290332277902
-0.0017968486607480953
-0.0052990218608922664
0.17224691489331614
0.00022086183346200632
-0.000001837951474136481
-0.00003801231911857227
0.0006128152289588113
0.00017618705351169381
0.003864347409629506
0.000000002341224392210951
0.00015872860080736736
0.021291031810234284
-0.00024260082796262136
0.000004235711472368889
0.00041055260962510263
-0.03861062453349433
-0.0011115793547929124
0.06534063710583646
0.00009061397347778147
-0.0000037299633971809376
-0.00013051362011995098
0.000039536848324437704
0.000006312205194760048
0.00023435957763470107
0.00000018112564977175438
0.0014756794858414744
0.05568209848223257
-0.0033478918201112194
-0.00001278088923908551
0.0018929459851799739
-0.14967543725769267
0.0009078470962439574
0.08462863594785867
0.002861609201397632
0.000027725490782667303
-0.00149866594497009
0.000631684699217944
-0.000015676389586104042
0.0010584139888051675
0.0023045093014540767
0.10613013993382946
0.18454974674123864
0.5544970712742242
0.0023147466751253006
0.10619335417835296
0.0000003712815814602842
0.0038817949811713695
0.000000004347591292016609
0.0007364368246215394
0.00000034664557128108415
0.003856232806790207
-0.00002179159267797462
-0.00012092077306785028
-0.0000521682448727725
0.00024201881876900462
0.0012069244814021888
-0.006103783015654145
0.00009293401575490521
0.0011715622941247496
-0.005896791765864598
-0.0006413575672442658
-0.002369520066541156
0.011996820758174412
0.00009750830782319685
0.052357974449926056
0.00009839119196849428
0
0
0
0
0
0
0
0
0
0
0
0
0
0.8377580409572782
0
-0.0037366073407569776
-0.02072096893534712
-0.008937137166070173
-0.020359615239994414
-0.12634120517153302
-0.026198198277427035
-0.007814972831469088
-0.12359301716005297
-0.004315219401648609
-0.03929016348542225
-0.12153123973900605
-0.030195774268581724
0.016458283085262173
-0.16367604034590322
-0.053492059737239646
-0.0000010895872528916492
-0.0007106015957891133
-0.003587163800705086
0.000019465024735244646
-0.002519214244372922
-0.0017269688393445216
0.00011539277232847198
-0.03561478001918787
-0.009140258443398084
-0.00018512257408869723
0.000034630344891633575
0.000029933571363089324
0.00017618705351169278
-0.003118833785033656
-0.0028694488476756707
-0.000000006821423848515749
-0.000041739420768707414
-0.0007519629794523092
0.00006390338628319674
-0.0002741341201950123
-0.00009999062457772717
0.001363661494731539
-0.013697729009183772
-0.0019030192403530649
-0.000043002683188075786
0.00012687173793348211
0.000058154364685534666
0.000006312205194760048
-0.00020158932336134742
-0.00009841444641077136
0.00000009258829341738394
0.000060360820145036064
0.00030464044189035987
-0.0001381633117256451
-0.0012894977851816264
0.00005417075558212825
-0.0008188842121470296
-0.017837186050563097
0.00013194632646922527
0.00021285218908524757
0.0014945299762638064
-0.00008370990181890222
-0.000015676389586103538
-0.0006345642950024908
0.00004733077742118817
-0.0005700471041923386
-0.0025567892514692285
-0.01165857127078498
-0.0028039299130995653
-0.0007619768774887482
-0.003416386172682025
-0.00000046902449002946995
-0.0005004828362518786
-0.0000000028319070434927785
-0.000046422015735761154
0.00000005500327896700704
0.000058668012979500356
0.0013503719501740154
0.12773197059863742
0.38148010039485347
-0.2009794492200633
0.008270521223858185
0.0007854469689474742
-0.6795796513135403
0.02796543602493717
-0.0032227577027577675
0.34463843625644913
-0.012005726370211151
-0.0023909747686623084
0.053384938590239385
0.0000983911919684821
0.15857459370181978
0.12540396769518905
1.1259576063463947
0.9986573293295358
0
0
0
0
0
0
0.8377580409572782
0
0
0.8377580409572782
0
2.5132741228718345
0.05022670836232568
0.39883182783121823
0.49846802167852416
0.3650128462651744
-0.049431609242947476
0.3884264426376436
0.4358794068376978
-0.05902866361091276
0.5228612059992975
0.6371856319699098
-0.049241097766212986
0.39499602129708733
0.28024800158913654
-0.05349205973723967
0.6377876612309166
0.000020709077828481186
0.014863031230243264
0.12325613520541304
-0.0004067755904682608
-0.0020695315899783473
0.033757244068169656
-0.003964933841340048
-0.020172193290608906
0.3076770536760475
0.003699082361280189
0.000033788967311947226
-0.0005640028666312524
0.0038643474096295032
-0.0028694488476756637
0.05121581978074957
0.00000023416598412839066
0.0015772346790271369
0.04684634708066189
-0.002414344953590257
-0.00012012005988272375
0.0035311613206571177
-0.08495439460232015
-0.004226706275653068
0.1162369022426445
0.0015520517787617702
0.00006572136093030083
-0.0019780744555422756
0.00023435957763470107
-0.00009841444641077138
0.003169613561811651
0.000005170337880319017
0.004728282282567537
0.07209795152908594
-0.010792959217206964
0.00011320926054547077
0.0035205997140211314
-0.19380182706194576
0.0020328216842574096
0.07388677779803564
0.0143313610013966
-0.0001392376110270821
-0.004512344201916237
0.0010584139888051673
0.00004733077742118768
0.0023374128545620015
0.006448949977327937
0.12471888689087181
0.5792551120209417
0.6494251850939661
0.008986727971930621
0.13610773258038705
0.000008200614718668144
0.012236256075994807
0.00000010068796484334498
0.002315695701520576
0.000001309601453965531
0.004883348085824842
0.0000000000000007660876467963168
0.000020917448927763155
0.006340807035763717
-0.000068759563299825
0.000004963774873353678
-0.000040483300286673
-0.01964555458005214
0.0014182188704768759
-0.011566636656700512
0.000015436741073815936
-0.0000011014175560511257
0.000008982884760143345
0.00000025911638713413437
-0.0000006484773247933747
0.000005468422776032856
0.000002388317945542335
0.01575326992463636
0.059912647047076134
-0.01743667191963641
0.0023613490912667004
-0.030889206140156
-0.061162509613618896
0.008282890058455688
-0.10834988329262218
0.016922863188066038
-0.0021092803744342335
0.027591852697363733
0.0016331646879684182
-0.0037366073407569776
0.05022670836232568
0.9999999999999999
0.2190588715645055
0.18426105310910237
0
0
0
0
0
0
0.12540396769518908
0
0
0.12540396769518908
0
0.12540396769518908
0.0000023828930369931116
0.0157423842934678
0.05989870706084262
-0.01806548951019966
-0.0009014868246397809
0.030579045998890643
-0.06339775620721838
-0.0031636143543336847
0.10731194979202974
0.01807241594863604
0.0008346526218517085
-0.028311984400766564
0.0013879111813327434
-0.0014127976384081934
0.0492693175767028
0.0000000000000007658340730313624
0.000020915366153276053
0.006340591361549691
-0.00006958212726151823
0.0000007298940532771823
0.00003934460721702646
-0.0198818798953102
0.00020855450206368762
0.011242035649141302
0.00001580492919387821
-0.0000001639048631092385
-0.000008835217153830544
0.000000181299875408776
0.00000009267857586124582
0.000005175377077211881
0.000000000000000000013813168336625008
0.000000791091111444612
0.00206447939046864
-0.0000034663430132204994
0.00000014265915052736562
-0.000000028432068500741465
-0.008576614824776623
0.00035297504621918186
-0.0000703481736436601
0.00000031548550052310273
-0.000000012895677533276169
0.0000000025701175538631004
0.0000000026760641706191084
-0.00000000010577452536900956
0.000000002166416787977568
0.000000000056477297849245124
0.00028864154484829204
0.00003472181439052015
0.013430858026364501
0.03211241549382997
0.09171162617340187
0.00003464944302371138
0.013422886584235297
0.00000000005651381065252347
0.00028869571340807
0.00000000000007721503085786337
0.00004240803751745037
0.000020917448927763144
0.004608423662870418
0.05891945269214261
-0.008789341251333172
0.0006345053569706077
-0.005174866216764769
-0.142913512196437
0.010316972168803807
-0.08414263197169239
0.011416353121221353
-0.0007176424227516252
0.0058529112298521275
0.0015271813970876844
-0.00042252353424681384
0.0049213703104985275
0.01575326992463636
0.1817226176907559
0.33988421580636424
-0.12677532386474596
0.017168459507799334
-0.22458351745054975
-0.2697094366849637
0.03652521170079875
-0.4777924609755989
0.21414880434188296
-0.011696795817388424
0.15300776091044235
0.12936136515990992
-0.02072096893534712
0.39883182783121823
0.21905887156450554
0.9999999999999999
0.8122730676219885
0
0
0
0
0
0
1.1259576063463947
0
0
1.1259576063463947
0
1.1259576063463947
0.0157423842934678
0.18165605734467813
0.33982274277376107
-0.1313874527217537
-0.006556371333573372
0.22239657321143755
-0.27958098480023624
-0.013951383607675168
0.47324041730475536
0.2205222325829226
0.004630992524336787
-0.15708641496651837
0.1279498080475199
-0.007838776432947493
0.3936153427459621
0.000020915366153276084
0.004608162758869159
0.058917883743073066
-0.00889486722705943
0.0000933042858738712
0.005029525124762885
-0.1446337646473351
0.0015171615021543686
0.08178190124860352
0.011656865007113786
-0.00010680159671009458
-0.005757091531083061
0.0014763949102192613
0.00006039003172347464
0.004730571809720863
0.000000791091111444612
0.0007085932696216088
0.02444660990522332
-0.0017959309625433992
0.0000739124733314262
-0.000014730807642200393
-0.07971809020637757
0.003280839486205317
-0.0006538736047908355
0.002072873482912982
-0.00007882100231041812
0.000015709080901592905
0.00016091862502845943
-0.0000006465153992088067
0.00015780355663278734
0.000004907679341016887
0.005001954961011133
0.007030976941033642
0.10469915377159368
0.27092906307869014
0.4741534889346762
0.007023068008979152
0.10465014792057213
0.000004909422025383349
0.0050027009650931145
0.00000013021389864499855
0.0010872860646809336
0.006340807035763715
0.05891945269214261
0.1741754728754165
-0.060081781035187125
0.004337322995324468
-0.03537411622001686
-0.28007160229750155
0.02021845857516929
-0.16489666649189247
0.1058459628510167
-0.0036207977848086168
0.029530316692362862
0.055951070997991716
-0.0021318030098672926
0.07307613399493408
0.05991264704707613
0.33988421580636424
0.5584854266145548
-0.12126657658848432
0.016422441263333264
-0.21482472684103912
-0.2956764034624134
0.04004177000306459
-0.5237931538440544
0.4188126002395606
-0.005044931487020929
0.06599360054042647
0.3822430278275056
-0.008937137166070102
0.49846802167852394
0.18426105310910237
0.8122730676219885
1.0000000000000002
0
0
0
0
0
0
0.9986573293295358
0
0
0.9986573293295358
0
0.9986573293295358
0.05989870706084262
0.339822742773761
0.5584180331076884
-0.12570396350040064
-0.0062727592760014605
0.21277625939509567
-0.3065165585367712
-0.015295496914092446
0.5188336545005136
0.42151984894947825
0.001997841942482547
-0.06776815699119976
0.3815834699805629
-0.003381701925275511
0.4961934040504974
0.006340591361549691
0.05891788374307305
0.1741723981484126
-0.06080493559652183
0.0006378241460626944
0.03438162071289256
-0.28344535164651863
0.002973250240227563
0.16027170290598108
0.10706030052042743
-0.0005388782122293308
-0.029047985118910158
0.055693713367614056
0.00030470398696335916
0.07211299064341598
0.0020644793904686406
0.02444660990522332
0.09727853117035647
-0.03268100356309257
0.0013450037082051519
-0.0002680601799749576
-0.20981879198370973
0.008635201569755913
-0.0017210017138151524
0.05576095241309104
-0.0014191233360884808
0.00028283227366427105
0.021337389189599435
-0.000011640109403131879
0.021281304312165367
0.0025069952940931944
0.03318511506194221
0.07023169362358421
0.25401600193556084
0.3752848230608948
0.702542688512797
0.07019540496223844
0.2539361314301493
0.002507402599566367
0.033188417560234204
0.00047718397841799604
0.01199827432455195
0.00006875956329982497
0.00878934125133317
0.06008178103518708
-0.01505625649376974
0.0012327918602270725
-0.010054340565775857
-0.11253160085467097
0.01082105707662009
-0.08825382178464194
0.021275153460458864
-0.0014600597263730332
0.011907880161233403
0.0034242884002284165
-0.0009555683389719418
0.011100498597434578
0.01743667191963641
0.12677532386474577
0.12126657658848436
0.0008880131104586769
0.013626869509325793
-0.17825538073778602
0.12881270790886304
0.013574993622907584
-0.1775767835091079
0.03780081387358194
-0.0016237892590338639
0.021241061449140564
0.10024168833094192
-0.020359615239994414
0.3650128462651744
0
0
0
0.9999999999999999
0
0
0.5697540584656804
0
0
0
0
0
0
0
0
0.018065489510199664
0.1313874527217537
0.12570396350040064
-0.006646657329876066
-0.005395045348640505
0.18300360623473333
0.12127911999356229
-0.005375884093582054
0.18235364343570712
0.04576162870937387
0.0009487388522118732
-0.032181866900067184
0.10250246588640965
-0.007984627753570691
0.37311107676661076
0.00006958212726151835
0.008894867227059428
0.060804935596521864
-0.0154698715359795
0.00018346935817717795
0.009889832368725591
-0.11616688544891518
0.001610485331766715
0.0868124798697066
0.022082612070918245
-0.00022049310570434796
-0.011885580652491535
0.003349357332477919
0.00013822411075378605
0.010797700963572156
0.0000034663430132205003
0.0017959309625433992
0.03268100356309257
-0.004278229077709318
0.0001885795338564154
-0.00003758403302292887
-0.09394253571952449
0.004489839580899451
-0.0008948281694484501
0.005589022923183688
-0.00022379882230619643
0.000044603261849469936
0.0004831637064062332
-0.000001944457870602407
0.00047379483558452967
0.000012560909671032113
0.005888569205501617
0.0008879260430832204
0.006357735022740834
-0.3662445204706346
-0.26543253086672125
0.0012051809171782033
0.008635049025108914
0.00001278063688226539
0.005990358628142555
0.000000494603248322747
0.0018587059242026734
-0.000004963774873353676
-0.0006345053569706077
-0.004337322995324468
0.001232791860227073
0.0019317169305927478
0.0007258260622005118
0.010821057076620098
0.03658345738985037
0.006371071630310285
-0.001861743909561888
-0.0021399504553206343
-0.0009555683389719416
0.00007868329936962511
-0.001259930295129846
-0.0008013485452107828
-0.0023613490912667004
-0.017168459507799334
-0.01642244126333327
0.013626869509325807
0.0996661219020174
0.02414011018034617
0.013574993622907594
0.22721478008036242
0.024048211625584084
-0.024857200224554295
-0.0713184448480736
-0.02035961523999444
0.006162890975680629
-0.12634120517153302
-0.049431609242947476
0
0
0
0
0.9999999999999999
0
0
0.5697540584656804
0
0
0
0
0
0
0
0.0009014868246397809
0.00655637133357333
0.0062727592760014605
-0.005395045348640477
0.10119899903373904
0.009132071388878456
-0.005375884093582108
0.22874174748624354
0.009099637565289254
0.009820392580726396
-0.07528245896220791
-0.007984627753570733
-0.0024218591631966087
0.12742891767284908
0.01861863303744737
-0.0000007298940532771835
-0.00009330428587387119
-0.0006378241460626947
0.00018346935817717793
0.0020186714460997224
-0.0001037411490268299
0.0016104853317667244
0.03734671609435246
-0.0009106348900342855
-0.0002795602976035337
-0.0022816254728425804
0.00013822411075378732
0.00001278714821561426
0.0012901252315549697
-0.00011326439751914956
-0.00000014265915052736562
-0.00007391247333142605
-0.0013450037082051519
0.000188579533856415
0.00029612985310468445
0.000001546790437067002
0.004489839580899445
0.014967150102731095
0.00003682711896503043
-0.00025654514566615037
-0.00031250897752484565
-0.0000019444578706024035
0.000006641145076171508
-0.000002563299887574594
-0.000019499273012206725
-0.0000010706524261992628
-0.0005019231147925714
-0.0008511061431525155
-0.006094096886269071
0.015034173497599284
0.010895886485425547
0.0007638470601991804
0.005472918396309109
0.00000002696844906480958
0.000012640268480452188
-0.000000020354148238654136
-0.00007649035068325896
0.00004048330028667298
0.005174866216764769
0.03537411622001687
-0.01005434056577586
0.0007258260622005118
-0.003898942366947208
-0.08825382178464203
0.0063710716303102865
-0.014596225968363892
0.015183915401214918
-0.0009555683389719424
0.005536259741885531
0.0020161049448516634
-0.0003996643620219278
0.0038777711676972965
0.030889206140156007
0.22458351745054975
0.21482472684103918
-0.17825538073778624
0.024140110180346175
-0.2142693257853506
-0.17757678350910794
0.02404821162558407
-0.08552555235212367
0.32516123289145166
-0.020359615239994425
0.1934527130861589
0.17757896627077807
-0.026198198277427035
0.3884264426376436
0
0
0
0
0
0.9999999999999999
0
0
0.5697540584656804
0
0
0
0
0
0
-0.030579045998890643
-0.22239657321143755
-0.21277625939509567
0.1830036062347333
0.0091320713888785
-0.2082978528261501
0.18235364343570717
0.009099637565289163
-0.07965588319290777
-0.33311439307301066
-0.0079846277535707
0.19532615191799355
-0.17350360850009425
0.00974697930893282
-0.3759019732534148
-0.00003934460721702652
-0.005029525124762885
-0.034381620712892566
0.009889832368725591
-0.00010374114902682989
-0.003571523509198391
0.08681247986970655
-0.0009106348900342796
-0.011723750313066397
-0.015069570786746755
0.00013822411075378605
0.005166718158251658
-0.0018938649027002439
-0.00005419720561996541
-0.0035223155557443696
0.000000028432068500741465
0.000014730807642200393
0.0002680601799749575
-0.00003758403302292887
0.0000015467904370670053
0.00030358266553750797
-0.0008948281694484498
0.00003682711896503046
0.015144592116536201
0.00005112962700358639
-0.0000019444578706024073
-0.00032187784834654924
0.000003963065266541845
0.000013247050347747571
-0.0000014004313736775795
0.000010453303410883802
0.004900520915539508
0.015228568904540062
0.10903971859460679
-0.0030135314360838733
-0.002184030698666255
-0.015195605634664497
-0.10887560344779965
-0.000010248492162149187
-0.004803527712626783
0.00000000407338349725067
0.000015307667435594197
0.019645554580052137
0.14291351219643694
0.2800716022975015
-0.11253160085467104
0.010821057076620096
-0.08825382178464199
-0.27617555025397755
0.03251098444373768
-0.2651514179090791
0.21872878756156855
-0.007364596470344484
0.06006379781637696
0.1485985969374789
-0.005661785030437481
0.19408048474446857
0.06116250961361888
0.2697094366849637
0.295676403462413
0.12881270790886298
0.013574993622907594
-0.17757678350910786
0.40194681092601203
0.02119913247252265
-0.27730943101892613
0.22549659579064757
0.005117588466492801
-0.066944038755906
0.33424784939313823
-0.007814972831469032
0.43587940683769805
0
0
0
0.5697540584656804
0
0
1
0
0
0
0
0
0
0
0
0.06339775620721838
0.27958098480023624
0.3065165585367712
0.12127911999356226
-0.005375884093582108
0.18235364343570729
0.39017060002540543
-0.008395722912324533
0.2847886293096934
0.2362755032751336
-0.0018284525511068316
0.06202235367047809
0.34594597834961
-0.003065872274513852
0.44985206676698153
0.019881879895310203
0.14463376464733507
0.28344535164651863
-0.11616688544891507
0.0016104853317667237
0.08681247986970655
-0.28710199563675926
0.004838619487550981
0.260823584403211
0.2246333752403542
-0.0011173229145670562
-0.060228783904792305
0.14969952075199164
0.000819015972566853
0.1938330107036765
0.008576614824776627
0.07971809020637757
0.20981879198370973
-0.0939425357195245
0.004489839580899445
-0.0008948281694484496
-0.35527687791993406
0.01862515336224705
-0.0037120060947695138
0.16667306806776858
-0.0043976390334171485
0.0008764525358341158
0.07601387696664628
-0.00004146757769592803
0.07581407609433335
0.008099253340388591
0.06567212359428015
0.010977860801560473
0.024159557472213218
-0.5142194258047322
-0.5828287943836401
0.014909556723950442
0.03281893259444228
0.008239347627467654
0.0668038454051726
0.002283651798097653
0.035248569599405755
-0.001418218870476876
-0.010316972168803807
-0.02021845857516929
0.0108210570766201
0.03658345738985037
0.006371071630310286
0.032510984443737685
0.1718284945069511
0.019141365690647675
-0.020293622118760166
-0.030497792435367134
-0.005661785030437476
-0.0062238592899057435
-0.01795606647264343
-0.01401073228726202
-0.008282890058455686
-0.03652521170079875
-0.04004177000306459
0.013574993622907584
0.22721478008036244
0.024048211625584057
0.021199132472522676
0.5556145489361569
0.03755443561444735
-0.049595855742771415
-0.06976711806705398
-0.007814972831469048
-0.026207143996405797
-0.1235930171600529
-0.05902866361091283
0
0
0
0
0.5697540584656804
0
0
1
0
0
0
0
0
0
0
0.0031636143543336847
0.01395138360767517
0.015295496914092344
-0.005375884093582054
0.22874174748624354
0.00909963756528917
-0.008395722912324478
0.5579990777517034
0.014211250516348332
0.019069812068510196
-0.07284814037522615
-0.003065872274513859
0.009983648919116172
0.12330840159133115
0.022448088716247972
-0.00020855450206368762
-0.0015171615021543682
-0.002973250240227563
0.0016104853317667135
0.03734671609435244
-0.0009106348900342794
0.004838619487550981
0.17412164259193527
-0.002735955204342072
-0.003018594776715038
-0.031552182939425695
0.0008190159725668615
-0.0009080364644362252
0.017840906759371482
-0.0020332457113548066
-0.00035297504621918197
-0.003280839486205317
-0.008635201569755896
0.004489839580899451
0.014967150102731095
0.00003682711896503045
0.01862515336224701
0.09651200329156137
0.0001527695424868608
-0.00817541646372901
-0.015778849631369638
-0.000041467577695927887
-0.001812491048783727
-0.00012942323707462326
-0.0031201677538502314
-0.0006903548760714077
-0.005597685223549293
-0.010522638500879759
-0.023157725736984408
0.021108477072775973
0.02392486091778359
0.009449719050586749
0.02080073192648563
0.00001738586495067024
0.0001409629362557622
-0.00009397792550205338
-0.0014505659096655532
0.011566636656700508
0.08414263197169239
0.16489666649189247
-0.08825382178464201
0.006371071630310285
-0.014596225968363878
-0.2651514179090792
0.019141365690647675
0.01806330523636318
0.16550968146203843
-0.005661785030437486
0.014984095371622591
0.08748981717301799
-0.0010817066388463337
0.07753842602835345
0.10834988329262218
0.4777924609755988
0.5237931538440544
-0.1775767835091079
0.024048211625584084
-0.08552555235212367
-0.2773094310189265
0.03755443561444735
0.06722951385596898
0.6487717624648652
-0.00781497283146902
0.03186443937750571
0.5921227840607184
-0.004315219401648571
0.5228612059992976
0
0
0
0
0
0.5697540584656804
0
0
1
0
0
0
0
0
0
-0.10731194979202974
-0.47324041730475536
-0.5188336545005136
0.18235364343570712
0.009099637565289254
-0.07965588319290784
0.2847886293096934
0.014211250516348427
0.0763627535812006
-0.6468609906375336
-0.0030658722745138577
0.031057948042145515
-0.5855749427166803
0.0015498240966309456
-0.5145316477174419
-0.011242035649141304
-0.08178190124860349
-0.16027170290598108
0.08681247986970651
-0.000910634890034285
-0.011723750313066383
0.260823584403211
-0.002735955204342072
0.026691976305135756
-0.1627159795369897
0.0008190159725668527
0.01258130701225917
-0.08464628887282596
-0.00013197384920683505
-0.07390219004866436
0.00007034817364366013
0.0006538736047908355
0.0017210017138151524
-0.0008948281694484501
0.000036827118965030425
0.015144592116536203
-0.0037120060947695138
0.00015276954248686112
0.09724808409366523
0.001629366220530272
-0.000041467577695928036
-0.015978650503682572
0.0006234904476215325
0.0006576096764616476
0.0003595919025034363
0.006740272383611476
0.05465293928124103
0.1882781915715747
0.4143537499939205
-0.004231097854286688
-0.004795629137257736
-0.1879881608939476
-0.4137997457041074
-0.006606939103206682
-0.053568432648794885
0.000018807376577858165
0.00029029518547403303
0.000015436741073815926
0.011416353121221346
0.10584596285101674
-0.02127515346045886
0.0018617439095618869
-0.015183915401214906
-0.21872878756156855
0.02029362211876017
-0.16550968146203843
0.027162780731042915
-0.0021018773561930645
0.017142383437513186
0.0029752811195481316
-0.0014573149268377347
0.014682089775397755
0.01692286318806602
0.21414880434188296
0.41881260023956063
-0.03780081387358194
0.024857200224554295
-0.3251612328914516
-0.22549659579064757
0.04959585574277134
-0.6487717624648651
0.11154339720322595
-0.0031336113463292974
0.04099129908317527
0.12622793660909143
-0.039290163485422254
0.63718563196991
0.12540396769518905
1.1259576063463947
0.9986573293295358
0
0
0
0
0
0
2.513274122871835
0
0
0.8377580409572782
0
0.8377580409572782
0.018072415948636004
0.22052223258292253
0.42151984894947825
-0.04576162870937386
-0.009820392580726393
0.3331143930730106
-0.23627550327513355
-0.019069812068510193
0.6468609906375334
0.11546953525390873
0.0016158774803215628
-0.054811662742900995
0.12887644556664368
-0.015496798290197768
0.6540815256063144
0.000015804929193878233
0.011656865007113782
0.10706030052042753
-0.02208261207091824
0.00027956029760353365
0.015069570786746754
-0.22463337524035432
0.0030185947767150394
0.16271597953698982
0.028592538663645063
-0.0003210694136863979
-0.017307100823980914
0.002863070297483078
0.0002129608678098949
0.014338678386216447
0.0000003154855005231026
0.0020728734829129816
0.055760952413091064
-0.005589022923183686
0.00025654514566615026
-0.00005112962700358637
-0.16667306806776858
0.008175416463729011
-0.0016293662205302717
0.005934731082476328
-0.0002546963931655947
0.00005076116933688631
0.000318665629331001
-0.0000022875038042635106
0.0003076438797882038
0.000005093432869964799
0.008919019276767458
0.0023019375809618416
0.10615449302751634
0.7166124850971052
0.6824415366320512
0.0023594357513851702
0.10637208987566414
0.000005259830445619917
0.00909555545820179
0.00000013443095167849205
0.002866850035200317
-0.0000011014175560511243
-0.0007176424227516248
-0.0036207977848086177
0.0014600597263730332
0.0021399504553206335
0.0009555683389719418
0.007364596470344485
0.03049779243536714
0.005661785030437485
-0.002101877356193066
-0.002223061378389329
-0.0012375141448395263
0.0001747356326628625
-0.0014250999024645787
-0.0009799742331229196
-0.002109280374434232
-0.011696795817388424
-0.005044931487020967
0.0016237892590338639
0.0713184448480736
0.020359615239994425
-0.005117588466492838
0.06976711806705398
0.007814972831469076
-0.0031336113463292727
-0.01698572431321405
-0.005551217989649223
0.009290548977403026
-0.12153123973900605
-0.049241097766212986
0
0
0
0
0
0
0
0
0
0
0.8377580409572782
0
0
0
0
0.0008346526218517072
0.004630992524336787
0.001997841942482547
-0.0009487388522118729
0.0752824589622079
0.007984627753570697
0.0018284525511068311
0.07284814037522613
0.0030658722745138573
0.0016158774803215485
-0.022585211878125677
-0.0027351593086601114
-0.003756250081799822
0.12741455659165013
0.019200072073991905
-0.00000016390486310923879
-0.00010680159671009457
-0.0005388782122293313
0.00022049310570434796
0.00228162547284258
-0.00013822411075378608
0.0011173229145670569
0.03155218293942571
-0.0008190159725668531
-0.0003210694136863979
-0.002433988053539454
0.00018154590076579206
0.00002774077448093379
0.0014953538406675636
-0.00013931436586707172
-0.000000012895677533276166
-0.0000788210023104181
-0.0014191233360884815
0.00022379882230619643
0.0003125089775248456
0.0000019444578706024065
0.0043976390334171485
0.01577884963136964
0.00004146757769592804
-0.00025469639316559427
-0.0002700625620195219
-0.000002089102339196374
0.000011642338853631118
-0.000002320326278206636
-0.000012112171795349558
-0.0000004048643476565884
-0.0004318046415349191
-0.00006873940578729972
-0.00030807785610347774
-0.021857224537432978
-0.005257868770406191
0.00008381169398916892
0.0003759494980936858
0.000000010373524675435998
0.000011060839390123248
-0.000000005356364958046721
-0.00008770771974995922
0.000008982884760143338
0.005852911229852126
0.029530316692362894
-0.011907880161233404
0.0009555683389719413
-0.0055362597418855295
-0.060063797816377024
0.005661785030437482
-0.01498409537162262
0.0171423834375132
-0.0012375141448395263
0.0077180577549885
0.0016196404753249165
-0.000606649783877556
0.0049476831637546535
0.02759185269736372
0.15300776091044235
0.06599360054042654
-0.021241061449140564
0.02035961523999444
-0.19345271308615897
0.06694403875590606
0.007814972831469043
-0.03186443937750578
0.04099129908317494
-0.005551217989649223
0.05520632832329586
0.12760385244201042
-0.030195774268581724
0.39499602129708716
0
0
0
0
0
0
0
0
0
0
0
0.8377580409572782
0
0
0
-0.028311984400766523
-0.15708641496651832
-0.06776815699119978
0.03218186690006718
0.007984627753570731
-0.1953261519179934
-0.0620223536704781
0.0030658722745138594
-0.031057948042145542
-0.05481166274290088
-0.002735159308660129
0.0701126174880047
-0.12832435034805414
0.011660750698096684
-0.395540591645557
-0.000008835217153830556
-0.0057570915310830575
-0.029047985118910175
0.01188558065249153
-0.00013822411075378724
-0.005166718158251656
0.06022878390479232
-0.0008190159725668618
-0.012581307012259173
-0.017307100823980914
0.00018154590076579206
0.007348793303099578
-0.0014994920893198183
-0.00008375604696655405
-0.004514831645981988
0.0000000025701175538630996
0.000015709080901592898
0.00028283227366427126
-0.00004460326184946993
0.0000019444578706024027
0.0003218778483465492
-0.0008764525358341163
0.000041467577695927914
0.015978650503682575
0.00005076116933688633
-0.0000020891023391963784
-0.00028012836506167575
0.00000250044778154244
0.000012076273453726433
-0.0000024068097475750167
0.0000039528886898689955
0.004215919958464976
0.001229932113533634
0.005512338146517251
0.00438118086502168
0.0010539157891820857
-0.0016673094861430736
-0.007478958301013878
-0.0000039421245943576774
-0.004203316457837705
0.0000000010719450585470415
0.00001755254870024437
0.0000002591163871341342
0.0015271813970876844
0.055951070997991716
-0.003424288400228418
-0.00007868329936962511
-0.002016104944851663
-0.14859859693747887
0.006223859289905743
-0.08748981717301796
0.0029752811195481346
0.00017473563266286264
0.0016196404753249171
0.00060660897121234
0.00010287841790133153
0.0011779640864223717
0.0016331646879684182
0.12936136515990992
0.38224302782750563
-0.10024168833094192
-0.006162890975680629
-0.17757896627077807
-0.33424784939313823
0.02620714399640559
-0.5921227840607183
0.12622793660909162
0.009290548977403033
0.12760385244201058
0.1561736517696787
0.016458283085262163
0.28024800158913654
0.12540396769518905
1.1259576063463947
0.9986573293295358
0
0
0
0
0
0
0.8377580409572782
0
0
2.513274122871835
0
0.8377580409572782
0.001387911181332742
0.12794980804751988
0.3815834699805629
-0.10250246588640963
0.002421859163196608
0.1735036085000942
-0.34594597834960994
-0.00998364891911617
0.5855749427166802
0.12887644556664368
-0.003756250081799748
-0.12832435034805414
0.1582550677475856
0.006358119660684565
0.27027671188585756
0.00000018129987540877629
0.0014763949102192613
0.05569371336761409
-0.003349357332477919
-0.00001278714821561426
0.0018938649027002443
-0.14969952075199164
0.0009080364644362253
0.08464628887282598
0.002863070297483078
0.000027740774480933804
-0.0014994920893198183
0.0006320630529679537
-0.00001568577907580109
0.0010590479362394154
0.0000000026760641706191084
0.00016091862502845943
0.021337389189599435
-0.0004831637064062333
-0.000006641145076171508
-0.000003963065266541845
-0.07601387696664627
0.0018124910487837267
-0.0006234904476215323
0.0003186656293310009
0.000011642338853631038
0.0000025004477815424397
0.000038987990550880365
0.00000009549423543278897
0.000013839880538759448
0.00000037806788056433314
0.003889886677812526
0.0022961133917152395
0.10612839004166588
0.1850501999999175
0.554571470899245
0.0022803196108345993
0.10601720296292687
0.0000003437278759216012
0.0038537285333990496
0.000000004492382951659952
0.000739172839963094
-0.000000648477324793374
-0.0004225235342468139
-0.0021318030098672943
0.0009555683389719423
0.0012599302951298462
0.0003996643620219279
0.005661785030437485
0.017956066472643445
0.0010817066388463354
-0.001457314926837736
-0.0014250999024645792
-0.0006066497838775562
0.00010287841790133149
-0.0006416262589122029
-0.0003571748305391418
-0.0037366073407569776
-0.02072096893534712
-0.008937137166070174
0.020359615239994418
0.12634120517153302
0.026198198277427042
0.007814972831469097
0.12359301716005301
0.004315219401648612
-0.03929016348542232
-0.12153123973900622
-0.030195774268581766
0.016458283085262173
-0.16367604034590322
-0.053492059737239646
0
0
0
0
0
0
0
0
0
0
0
0
0
0.8377580409572782
0
-0.001412797638408192
-0.007838776432947489
-0.0033817019252755124
0.007984627753570688
-0.12742891767284903
-0.009746979308932813
0.0030658722745138525
-0.12330840159133116
-0.001549824096630947
-0.015496798290197665
0.12741455659165013
0.011660750698096608
0.006358119660684691
-0.1629829788345751
-0.019737889293139417
0.00000009267857586124595
0.00006039003172347461
0.00030470398696335927
-0.000138224110753786
-0.001290125231554969
0.00005419720561996539
-0.000819015972566853
-0.017840906759371482
0.00013197384920683505
0.0002129608678098949
0.0014953538406675636
-0.00008375604696655405
-0.00001568577907580108
-0.0006349443735160703
0.00004735912654070799
-0.00000000010577452536900953
-0.0000006465153992088066
-0.000011640109403131886
0.000001944457870602407
0.000002563299887574593
-0.000013247050347747571
0.000041467577695928036
0.0001294232370746233
-0.0006576096764616475
-0.0000022875038042635055
-0.000002320326278206636
0.000012076273453726406
0.00000009549423543278962
0.000012804850936547364
0.00000009905350761898
-0.0000003369317969114978
-0.0003593517548018108
-0.001178930143612108
-0.0052837563400481
-0.00017984551185764238
-0.00004326277101992342
-0.001056745448985795
-0.0047401848387688865
-0.000000008318285489949923
-0.000008869426996534498
-0.00000000004411319314894974
-0.0000007223308367312633
0.0000054684227760328535
0.004921370310498528
0.07307613399493412
-0.011100498597434585
0.0008013485452107829
-0.0038777711676972974
-0.19408048474446865
0.014010732287262025
-0.07753842602835345
0.01468208977539777
-0.00097997423312292
0.004947683163754656
0.0011779640864223717
-0.0003571748305391418
0.0026494065778214296
0.05022670836232568
0.39883182783121823
0.4984680216785242
-0.36501284626517433
0.04943160924294748
-0.38842644263764353
-0.43587940683769816
0.05902866361091276
-0.5228612059992974
0.637185631969911
-0.04924109776621305
0.3949960212970879
0.28024800158913654
-0.05349205973723967
0.6377876612309166
0.12540396769518905
1.1259576063463947
0.9986573293295358
0
0
0
0
0
0
0.8377580409572782
0
0
0.8377580409572782
0
2.5132741228718345
0.049269317576702734
0.39361534274596194
0.49619340405049744
-0.37311107676661065
-0.018618633037447367
0.37590197325341457
-0.44985206676698153
-0.022448088716247972
0.5145316477174418
0.6540815256063144
0.01920007207399203
-0.395540591645557
0.27027671188585756
-0.01973788929313955
0.6117115075317132
0.000005175377077211886
0.004730571809720859
0.072112990643416
-0.010797700963572153
0.00011326439751914952
0.0035223155557443687
-0.1938330107036765
0.0020332457113548066
0.07390219004866437
0.014338678386216447
-0.00013931436586707172
-0.004514831645981986
0.0010590479362394154
0.00004735912654070798
0.0023388128709204703
0.000000002166416787977568
0.00015780355663278734
0.021281304312165367
-0.0004737948355845297
0.000019499273012206725
0.0000014004313736775778
-0.07581407609433334
0.003120167753850231
-0.00035959190250343606
0.0003076438797882038
-0.000012112171795349585
-0.0000024068097475750175
0.00001383988053875945
0.00000009905350761898024
0.000039925368881808835
0.0000036331884808537706
0.007361607989151942
0.023324442894785462
0.20037364276889164
0.18418901993583756
0.55436430956653
0.0232495846780847
0.20007787996636395
0.0000035048029946176653
0.007224245814840127
0.000000004280783445551012
0.000735708006941746
0.000000000000000000013727112587494087
0.000000789614738077316
0.0020631546898462936
-0.0000016988764898548277
0.00000023014306028728287
-0.000003009036496630926
-0.0042086223958127285
0.0005701328163348147
-0.007454278439406117
0.00000007749544908584807
-0.000000010208248375540634
0.00000013346912086044103
0.0000000035228041923040704
-0.000000018080768150073086
0.00000023853935819447846
0.00000000000000076262235197859245
0.000020888944305917302
0.006337854110119447
0.0000008316885319792046
0.0000042313396631599825
-0.00007972612658760446
0.00023783897361664532
0.0012100413121177147
-0.022799376676388643
0.00000018150857588794602
0.000000011366377141437653
-0.00000021416319533751632
0.00000023710260604855415
-0.000001089587252891652
0.000020709077828481244
0.0000023828930369931116
0.0157423842934678
0.05989870706084262
0.01806548951019966
0.0009014868246397807
-0.030579045998890643
0.06339775620721838
0.0031636143543336847
-0.10731194979202974
0.01807241594863604
0.0008346526218517085
-0.028311984400766564
0.0013879111813327434
-0.0014127976384081934
0.0492693175767028
0.9999999999999999
0.2190588715645055
0.18426105310910237
0
0
0
0
0
0
0.12540396769518908
0
0
0.12540396769518908
0
0.12540396769518908
0.0000023854635447920454
0.015747544433644595
0.059905315861125547
-0.03550685037067988
0.0014638049682180253
-0.0002937828475719051
-0.12457770253658372
0.005135838802892584
-0.001030752990284518
0.06594688336000257
-0.0026631999032088694
0.0005344991089696725
0.0014566494052571074
-0.00002203525356515404
0.0013512787925342557
0.0000000000000007649036966536048
0.000020907720207777234
0.006339799491555019
-0.00006872751484591023
0.00000496477776992155
-0.00004046774772708337
-0.019642431904914506
0.0014189413001090127
-0.011565745987711866
0.000015426919705522658
-0.00000110145245941336
0.000008977904415169765
0.00000025905932934721256
-0.0000006485510259006232
0.000005465811022728595
0.0000000000000768610140507266
0.00004235133897534358
0.00000000005644347077782378
0.0002885913385036286
0.00003465243653030703
0.013423216545019306
0.03212859710734045
0.09172436887390664
0.00003470398107344276
0.01342889486022958
0.000000000056447276506573486
0.00028859698805612326
0.0000007896147380773171
0.0007078334312866035
0.02443429619332414
-0.0008808972980079661
0.00011933321884963845
-0.001560238272363191
-0.039123840893848925
0.005300020647335315
-0.06929583512456094
0.0006186464367542973
-0.00006247413773660025
0.0008168265439345308
0.0001659363305922166
-0.00011065369476096608
0.0016042297600793705
0.000020888944305917302
0.004604851976682112
0.05889797024605237
0.00010637460963325118
0.0005411967191890808
-0.010197129414716396
0.001730359988136236
0.008803464960520799
-0.16587327364966592
0.0014754632040460491
0.000007412867316142967
-0.00013967188764576026
0.0015117202421525739
-0.0007106015957891135
0.01486303123024327
0.0157423842934678
0.18165605734467813
0.33982274277376107
0.1313874527217537
0.00655637133357333
-0.22239657321143755
0.27958098480023624
0.013951383607675168
-0.47324041730475536
0.2205222325829226
0.004630992524336787
-0.15708641496651837
0.1279498080475199
-0.007838776432947493
0.3936153427459621
0.21905887156450554
0.9999999999999999
0.8122730676219885
0
0
0
0
0
0
1.1259576063463947
0
0
1.1259576063463947
0
1.1259576063463947
0.015747544433644598
0.181687611928162
0.33985188689348717
-0.2581982170711742
0.010644476459841653
-0.002136325995047904
-0.5493678041464651
0.022648230206097707
-0.0045454563325544655
0.4860815295967899
-0.01477271522029381
0.0029648555907486308
0.12835552504276482
-0.00012222909941261967
0.1277710364159565
0.000020907720207777207
0.004607204873187382
0.058912123085111776
-0.008786997971554468
0.0006347602163606445
-0.0051739105944468705
-0.1428957845498235
0.010322587920413942
-0.0841390900484455
0.011412745326819265
-0.0007178952414159567
0.005851541573542292
0.0015267673225416237
-0.00042270702773451627
0.0049203793045819524
0.00000012988455515011195
0.0010861277687917177
0.000004906064387503956
0.00500126349832064
0.0070233952986223985
0.10465217653651439
0.271000533955901
0.4742051129501572
0.007029028778152024
0.10468708543868373
0.000004906246100326464
0.005001341307552445
0.002063154689846293
0.02443429619332414
0.09724611861493918
-0.016038889633356614
0.0021727530905711074
-0.028407953468312177
-0.1029917792278161
0.013952069734008291
-0.18241821839322506
0.029576467687719245
-0.0011256280097893623
0.014717175303301475
0.02141976166067126
-0.0019937033582562882
0.047334218893400115
0.0063378541101194435
0.058897970246052346
0.17413337056022402
0.0007274463890770005
0.003700992187061866
-0.06973341662320565
0.003391448124377455
0.017254499025106708
-0.3251061089371454
0.05567480737329357
0.00003742064393532279
-0.0007050729161149888
0.05585783529693913
-0.0035871638007050673
0.12325613520541304
0.05989870706084262
0.339822742773761
0.5584180331076884
0.12570396350040064
0.0062727592760014605
-0.21277625939509567
0.3065165585367712
0.015295496914092344
-0.5188336545005136
0.42151984894947825
0.001997841942482547
-0.06776815699119977
0.3815834699805629
-0.003381701925275512
0.4961934040504974
0.18426105310910237
0.8122730676219885
1.0000000000000002
0
0
0
0
0
0
0.9986573293295358
0
0
0.9986573293295358
0
0.9986573293295358
0.059905315861125547
0.33985188689348705
0.5584499845994948
-0.24700529774420568
0.010183037307998102
-0.0020437160429347292
-0.6022784013405698
0.024829521822660513
-0.004983237373343588
0.5360913626006851
-0.006372364128178967
0.0012789212497485325
0.38178253547286267
-0.000052724791407784174
0.3815304102336456
0.006339799491555019
0.058912123085111796
0.17416110854114267
-0.060074093323259956
0.004339666925949705
-0.03537248886402317
-0.280048504666107
0.020230305047161137
-0.16489658128311238
0.10583154550631575
-0.0036227245834021954
0.02952871433924009
0.05594379938275734
-0.0021331122601262976
0.0730690299799363
0.0004766324827461092
0.011989759985406799
0.002506617772302066
0.033182053868178664
0.07019690710820178
0.25393943794154583
0.37533041517566373
0.7025943624747781
0.07022275689196973
0.2539963339055776
0.0025066602540069647
0.033182398346598835
0.0000016988764898548304
0.0008808972980079656
0.01603888963335661
-0.0008000124550493706
0.0001494989236914073
-0.001954643850798504
-0.01114548071424566
0.0035613942361313157
-0.046563929505556836
0.0005971427513394899
-0.00007085280655648227
0.0009263745800158156
0.0002446556529951676
-0.00016341339379117014
0.002368727615415963
-0.0000008316885319792046
-0.00010637460963324721
-0.000727446389077001
0.0020166132551719474
-0.000012735752211878952
0.00023996470949210906
0.03732863832147438
-0.00011183730659844392
0.0021072180379926044
0.000014567053606473086
0.00013875623366097143
-0.0026144195291125157
-0.00004105223694478363
0.00001946502473524465
-0.000406775590468261
-0.018065489510199664
-0.1313874527217537
-0.12570396350040064
-0.006646657329876066
-0.005395045348640478
0.18300360623473333
0.12127911999356229
-0.005375884093582054
0.1823536434357071
-0.04576162870937387
-0.0009487388522118732
0.032181866900067184
-0.10250246588640965
0.007984627753570691
-0.37311107676661076
0
0
0
0.9999999999999999
0
0
0.5697540584656804
0
0
0
0
0
0
0
0
0.03550685037067991
0.25819821707117413
0.24700529774420582
-0.3159705582021669
0.017210172242099725
-0.0034540485366995983
-0.1868956534600763
0.01714696510947147
-0.003441362986497434
0.6213444236709705
-0.02344841653578078
0.004706052193086892
0.20219858673520721
-0.00024463567788078736
0.20102876079261262
0.00006872751484591015
0.008786997971554468
0.06007409332325994
-0.015052166323891962
0.0012332811073589183
-0.010052435585645022
-0.11251714471670013
0.010826900742755894
-0.08824972802980872
0.021268380353986475
-0.0014605703397003612
0.011905062982424008
0.0034233596392630084
-0.000955980949014681
0.011098246003385786
0.00000024223093352585395
0.0009116214859037466
-0.0000028008751019632627
-0.0013133012240147618
-0.012739874673894005
-0.09127794136922211
-0.17986161738498055
-0.13032862580305724
0.013778799859032251
0.09867512155912181
0.000015236940000965203
0.007144291152682635
-0.00000023014306028728325
-0.0001193332188496386
-0.0021727530905711083
0.00014949892369140757
0.00028331059777611864
0.00026479130194622183
0.003561394236131324
0.014661664788452222
0.006307913082207588
-0.00012371163443444357
-0.00014553912346715613
-0.00016341339379117014
0.00000967505668706154
-0.000257777735353657
-0.0003208863184900578
-0.0000042313396631599825
-0.0005411967191890798
-0.003700992187061868
-0.00001273575221187939
0.0019543214814805735
0.001220856310975358
-0.00011183730659844227
0.036781631432757984
0.010720786592867324
-0.00020380651697285307
0.00002627998733064475
0.000019465024735244808
0.0000690591897748128
-0.002519214244372923
-0.0020695315899783486
-0.0009014868246397809
-0.006556371333573372
-0.0062727592760014605
-0.005395045348640505
0.10119899903373904
0.0091320713888785
-0.005375884093582108
0.22874174748624354
0.009099637565289254
-0.009820392580726396
0.07528245896220791
0.007984627753570733
0.0024218591631966087
-0.12742891767284908
-0.01861863303744737
0
0
0
0
0.9999999999999999
0
0
0.5697540584656804
0
0
0
0
0
0
0
-0.001463804968218026
-0.01064447645984161
-0.010183037307998103
0.01721017224209967
0.10077924452844299
0.00014239656166918567
0.017146965109471373
0.2283235684208226
0.00014187358733559462
-0.037852465775734895
-0.14719387482855326
-0.00024463567788078687
0.0039010919538188683
-0.0012178786696322714
-0.008287609172058041
-0.0000049647777699215435
-0.0006347602163606445
-0.0043396669259496996
0.0012332811073589183
0.0019310774658201808
0.0007261736269829435
0.010826900742755894
0.03657773211556608
0.006375034640876289
-0.0018623955201346402
-0.002139114117582288
-0.0009559809490146805
0.00007869939647852936
-0.0012595411119381375
-0.0008017214818005205
-0.00000003282306844146353
-0.00012352763533949592
-0.0000007483437772176001
-0.0003508906191192929
0.00006790073114335312
0.00048649135999199273
0.024349980610121013
0.017644117502043317
-0.00021023907288287658
-0.0015056003632708125
-0.0000009370284960042855
-0.0004393535968108336
0.0000030090364966309317
0.001560238272363191
0.028407953468312184
-0.0019546438507985053
0.0002647913019462215
-0.0031584867194965303
-0.046563929505556864
0.006307913082207577
-0.06732954173667918
0.0016174844577387145
-0.00016341339379117006
0.0019785328389536386
0.00043333214236924224
-0.00026802749061209636
0.003635641494110742
0.00007972612658760446
0.010197129414716394
0.06973341662320563
0.00023996470949211765
0.0012208563109753598
-0.020984034379519432
0.002107218037992575
0.010720786592867333
-0.16464847607969937
0.003840085047538308
0.000019465024735244785
-0.0003394433661928351
0.0039352903322779015
-0.0017269688393445216
0.03375724406816966
0.030579045998890643
0.22239657321143755
0.21277625939509573
0.18300360623473333
0.009132071388878454
-0.20829785282615013
0.1823536434357072
0.009099637565289167
-0.0796558831929078
0.33311439307301066
0.0079846277535707
-0.19532615191799355
0.17350360850009425
-0.00974697930893282
0.3759019732534148
0
0
0
0
0
0.9999999999999999
0
0
0.5697540584656804
0
0
0
0
0
0
0.0002937828475719052
0.0021363259950478186
0.0020437160429347297
-0.0034540485366994903
0.0001423965616691817
0.10146017215690634
-0.0034413629864975853
0.00014187358733560166
0.2290019952327737
0.007596917229179006
-0.00024463567788078036
-0.1483637007711479
0.0016729863664600119
0.006116440067896134
-0.0007926207800075009
0.000040467747727083325
0.0051739105944468705
0.03537248886402316
-0.010052435585645022
0.0007261736269829435
-0.003898850498185077
-0.08824972802980868
0.006375034640876285
-0.014602855203146668
0.015180327412328415
-0.0009559809490146808
0.005535772246540484
0.002015723317966274
-0.0003998963013662405
0.003877606999290288
0.0000004290816956851696
0.0016148230422142348
0.000016112731837443644
0.007555092488595325
0.008405544671551437
0.06022357623960346
-0.3185593748651182
-0.23082971323440743
-0.006588198833243564
-0.04718054746254454
0.000005916225629603083
0.002773997825033772
0.004208622395812726
0.039123840893848925
0.10299177922781605
-0.011145480714245688
0.0035613942361313235
-0.04656392950555686
-0.011830796120470072
0.01477640965297436
-0.19319616189802752
0.03604566375824618
-0.0009061847517124447
0.011848034814473399
0.03746874489804607
-0.0034875067106858544
0.08279988361969015
-0.00023783897361664524
-0.0017303599881362348
-0.003391448124377328
0.03732863832147437
-0.00011183730659844224
0.0021072180379925758
0.17406731819850066
-0.000336051258684677
0.0063318162385030356
-0.0010356585042934235
0.0019201533210432763
-0.036179177028482765
-0.0017968486607480958
0.0001153927723284714
-0.003964933841340049
-0.06339775620721838
-0.27958098480023624
-0.3065165585367712
0.12127911999356226
-0.005375884093582108
0.1823536434357074
0.39017060002540543
-0.008395722912324478
0.2847886293096934
-0.2362755032751336
0.0018284525511068316
-0.0620223536704781
-0.34594597834961
0.0030658722745138525
-0.44985206676698153
0
0
0
0.5697540584656804
0
0
1
0
0
0
0
0
0
0
0
0.12457770253658376
0.5493678041464651
0.6022784013405696
-0.18689565346007558
0.017146965109471373
-0.003441362986497585
-0.09109658666865388
0.02677819880347488
-0.005374333103206016
0.6682934963604504
-0.005442455871875236
0.0010922904475248521
0.6800694885256254
-0.00009391870657703457
0.6796203776665697
0.019642431904914513
0.14289578454982355
0.280048504666107
-0.11251714471670013
0.010826900742755906
-0.08824972802980871
-0.27615277394769927
0.0325300333975441
-0.2651512809013831
0.2186989943839123
-0.007368515522460224
0.06006053867960526
0.14857928449913332
-0.005665262224996085
0.1940616174312036
0.001119952501226419
0.017294407775718036
-0.001806321689069954
-0.014647267430573676
-0.15760369570736696
-0.3469145017525075
-0.252486278330207
-0.28616025145554874
0.17038022261421898
0.3749835520344415
0.009826308477676344
0.07967994864307464
-0.0005701328163348146
-0.005300020647335315
-0.013952069734008308
0.0035613942361313196
0.014661664788452223
0.0063079130822075785
0.014776409652974387
0.09524439090965751
0.026171858990625546
-0.007008690690540669
-0.00757890440206023
-0.0034875067106858505
-0.0029501445069578564
-0.013423695063450296
-0.011216718061296324
-0.0012100413121177143
-0.008803464960520792
-0.017254499025106677
-0.0001118373065984439
0.03678163143275798
0.010720786592867336
-0.000336051258684689
0.172423659574618
0.03221406110537635
-0.00911178152616759
0.00037152694328341704
0.00011539277232846603
-0.005299021860892298
-0.03561478001918788
-0.02017219329060893
-0.0031636143543336847
-0.01395138360767517
-0.015295496914092446
-0.005375884093582054
0.22874174748624354
0.009099637565289176
-0.008395722912324533
0.5579990777517034
0.014211250516348427
-0.019069812068510196
0.07284814037522615
0.0030658722745138594
-0.009983648919116172
-0.12330840159133116
-0.022448088716247972
0
0
0
0
0.5697540584656804
0
0
1
0
0
0
0
0
0
0
-0.005135838802892584
-0.022648230206097703
-0.024829521822660412
0.017146965109471453
0.22832356842082258
0.00014187358733560164
0.026778198803474772
0.5573460269113517
0.00022156218913260125
-0.039368340617122806
-0.14285524495773302
-0.000093918706577035
-0.016219254892823148
-0.001181980947792576
-0.028018021169008783
-0.0014189413001090138
-0.010322587920413946
-0.020230305047161137
0.010826900742755894
0.03657773211556608
0.006375034640876286
0.0325300333975441
0.17181118526763237
0.019154150823536543
-0.020304421319594534
-0.030492710042909224
-0.005665262224996071
-0.006227238357928339
-0.017954545574624135
-0.014018734801885436
-0.0001517571561314216
-0.0023434477249223203
-0.00048261687738992065
-0.003913488119205542
0.0008399930488604882
0.0018489780249955254
0.034182034338670175
0.038740875766815126
-0.002599687955878862
-0.005721557402139789
-0.0006042900381262877
-0.004900090335329094
0.007454278439406116
0.06929583512456092
0.18241821839322506
-0.04656392950555688
0.006307913082207586
-0.06732954173667921
-0.19319616189802766
0.026171858990625515
-0.24494138332044774
0.09163607216793249
-0.0034875067106858552
0.03775223431958386
0.06636434229000879
-0.005114212122468107
0.11886221399814946
0.022799376676388636
0.16587327364966578
0.32510610893714537
0.002107218037992604
0.01072078659286732
-0.1646484760796994
0.006331816238503271
0.0322140611053764
-0.43283806592096874
0.17168251788402134
0.00011539277232846574
-0.0017965582373084298
0.1722469148933162
-0.009140258443398039
0.30767705367604753
0.10731194979202974
0.47324041730475525
0.5188336545005136
0.1823536434357071
0.009099637565289252
-0.07965588319290806
0.2847886293096934
0.014211250516348332
0.0763627535812006
0.6468609906375336
0.0030658722745138577
-0.031057948042145542
0.5855749427166803
-0.001549824096630947
0.5145316477174418
0
0
0
0
0
0.5697540584656804
0
0
1
0
0
0
0
0
0
0.001030752990284518
0.004545456332554465
0.004983237373343385
-0.003441362986497431
0.00014187358733559462
0.22900199523277365
-0.0053743331032057974
0.00022156218913259315
0.5584055174933905
0.00790115040035601
-0.00009391870657703294
-0.14330435581678888
0.00562687900503862
0.005907863576238733
0.0032514573938945512
0.01156574598771187
0.08413909004844551
0.16489658128311238
-0.08824972802980874
0.0063750346408762955
-0.014602855203146681
-0.2651512809013831
0.019154150823536543
0.018036226547556322
0.16550070069274192
-0.005665262224996086
0.014989622889161051
0.08748561643851252
-0.0010828290047511112
0.07753867513891127
0.001983855287672366
0.030634872707055987
0.01039131554553844
0.08426205513224318
0.10398413945032611
0.22888807121981053
-0.4471875220310764
-0.5068287060924482
-0.08146564253191894
-0.17929472996731283
0.003815376188154067
0.030938269383337713
0.00000007749544908584797
0.0006186464367542982
0.02957646768771925
-0.0005971427513394908
0.00012371163443444376
-0.0016174844577387171
-0.03604566375824617
0.0070086906905406695
-0.09163607216793249
0.0002746628290810151
-0.00004138565118264968
0.0005411022808594812
0.000092244125469183
-0.00010724891460665833
0.0014862817085034218
0.00000018150857588794568
0.0014754632040460491
0.05567480737329357
-0.000014567053606473086
0.00020380651697285307
-0.003840085047538309
0.0010356585042934233
0.009111781526167588
-0.17168251788402128
0.0006312164194961122
-0.0000019242307402878077
0.00003625600301474666
0.00022086183346200632
-0.0001851225740886973
0.0036990823612801913
0.018072415948636004
0.22052223258292253
0.42151984894947825
0.04576162870937386
0.009820392580726393
-0.3331143930730106
0.23627550327513355
0.019069812068510193
-0.6468609906375334
0.11546953525390873
0.001615877480321552
-0.054811662742900995
0.12887644556664374
-0.015496798290197665
0.6540815256063144
0.12540396769518905
1.1259576063463947
0.9986573293295358
0
0
0
0
0
0
2.513274122871835
0
0
0.8377580409572782
0
0.8377580409572782
0.0659468833600026
0.4860815295967901
0.5360913626006855
-0.6213444236709708
0.037852465775734895
-0.007596917229179008
-0.6682934963604502
0.039368340617122834
-0.007901150400356015
1.1840930479241099
-0.05429985208064335
0.010897876092335338
0.34782873961932237
-0.0006482801514429425
0.3447287218876621
0.000015426919705522624
0.011412745326819285
0.10583154550631584
-0.02126838035398651
0.0018623955201346432
-0.015180327412328437
-0.21869899438391238
0.020304421319594545
-0.165500700692742
0.0271521602683386
-0.0021024599852651443
0.017137085330476268
0.0029743566755759225
-0.0014578383619920328
0.014678296777185533
0.00000003554054646710028
0.0012479120369731126
0.0000005796548711372707
0.004104517185520016
0.017003419909679827
0.1720591442520025
0.31259821325574505
0.5852983671724136
0.019502436605632417
0.18325033686840783
0.00000733438198550245
0.011310339519081019
-0.000000010208248375540618
-0.00006247413773660035
-0.0011256280097893627
0.00007085280655648239
0.00014553912346715634
0.00016341339379117036
0.0009061847517124454
0.007578904402060232
0.0034875067106858557
-0.000041385651182649745
-0.00005183369330017191
-0.00007330193547858875
0.000008647734189494514
-0.00011306596756326344
-0.00016947820150128726
0.000000011366377141437626
0.000007412867316142967
0.00003742064393532279
-0.00013875623366097143
-0.00002627998733064475
-0.000019465024735244788
-0.0019201533210432761
-0.000371526943283417
-0.0001153927723284657
-0.0000019242307402880207
0.00020048913543307937
0.00018445783209114874
-0.000001837951474136481
0.00003463034489163359
0.000033788967311947246
0.0008346526218517072
0.004630992524336787
0.001997841942482547
0.0009487388522118729
-0.0752824589622079
-0.007984627753570698
-0.0018284525511068311
-0.07284814037522613
-0.0030658722745138573
0.0016158774803215594
-0.02258521187812568
-0.002735159308660129
-0.0037562500817997493
0.12741455659165016
0.01920007207399203
0
0
0
0
0
0
0
0
0
0
0.8377580409572782
0
0
0
0
-0.002663199903208871
-0.01477271522029381
-0.006372364128178975
0.023448416535780784
0.14719387482855328
0.0002446356778807804
0.00544245587187525
0.14285524495773322
0.00009391870657703307
-0.054299852080643106
-0.23657760720522594
-0.0004492757031515724
0.011913199216711596
-0.002390956217232676
-0.012030465892621077
-0.0000011014524594133578
-0.0007178952414159579
-0.0036227245834021984
0.0014605703397003636
0.002139114117582292
0.0009559809490146823
0.007368515522460229
0.030492710042909245
0.0056652622249960885
-0.0021024599852651447
-0.002221989333372769
-0.0012379586324451578
0.00017476811403644137
-0.001424529410442595
-0.0009803759585106143
-0.00000000423876380915722
-0.00006953998279368896
0.0000000631172375533791
0.00006733382982414324
-0.00007875333900668717
-0.0003532470468115316
-0.01738107055864069
-0.004180095209959778
-0.00026355347178949254
-0.0011814479622095269
-0.0000004299232285879511
-0.0004586317747968911
0.00000013346912086044092
0.0008168265439345318
0.014717175303301489
-0.000926374580015817
0.00016341339379117036
-0.0019785328389536412
-0.011848034814473416
0.0034875067106858535
-0.0377522343195839
0.0005411022808594813
-0.00007330193547858866
0.0009009559301759755
0.0001375247939842706
-0.00015031202495047338
0.001965274852927929
-0.0000002141631953375158
-0.00013967188764576024
-0.0007050729161149888
0.0026144195291125153
-0.000019465024735244805
0.0003394433661928351
0.03617917702848276
-0.000115392772328466
0.0017965582373084294
0.00003625600301475073
0.000184457832091149
-0.003265241725617251
-0.00003801231911857225
0.000029933571363089324
-0.0005640028666312527
-0.028311984400766516
-0.15708641496651835
-0.0677681569911998
-0.03218186690006717
-0.00798462775357073
0.1953261519179934
0.06202235367047811
-0.00306587227451386
0.031057948042145567
-0.05481166274290088
-0.0027351593086601114
0.0701126174880047
-0.12832435034805414
0.011660750698096608
-0.395540591645557
0
0
0
0
0
0
0
0
0
0
0
0.8377580409572782
0
0
0
0.0005344991089696728
0.0029648555907486316
0.0012789212497485345
-0.0047060521930868925
0.00024463567788078687
0.1483637007711479
-0.0010922904475248547
0.00009391870657703511
0.14330435581678905
0.010897876092334887
-0.0004492757031515558
-0.23872600345501685
0.0024362040411335917
0.01202138474121046
-0.002412668844354161
0.000008977904415169745
0.005851541573542301
0.029528714339240123
-0.011905062982424027
0.0009559809490146819
-0.005535772246540495
-0.06006053867960533
0.0056652622249960755
-0.014989622889161074
0.01713708533047627
-0.0012379586324451578
0.007716693898018185
0.0016192699451499915
-0.0006069480257612479
0.004947214302070481
0.00000005541151541287803
0.0009090659451369428
-0.0000013589892158909573
-0.0014497774640130543
-0.009749007085903153
-0.04372904064610655
0.2273883934571058
0.054686224941304026
-0.008258896177249307
-0.03702268079589139
0.000002714456214063857
0.0028957166961028056
0.000000003522804192304067
0.0001659363305922169
0.02141976166067126
-0.00024465565299516806
-0.000009675056687061557
-0.00043333214236924305
-0.03746874489804606
0.0029501445069578555
-0.06636434229000877
0.00009224412546918312
0.000008647734189494552
0.0001375247939842707
0.00003743208985923988
0.00001531679786302519
0.0002581816118316209
0.00000023710260604855365
0.0015117202421525739
0.05585783529693913
0.00004105223694478363
-0.0000690591897748128
-0.003935290332277902
0.0017968486607480953
0.005299021860892297
-0.17224691489331614
0.00022086183346200632
-0.00000183795147413654
-0.00003801231911857368
0.0006128152289588113
0.00017618705351169286
0.0038643474096295054
0.001387911181332742
0.12794980804751988
0.3815834699805629
0.10250246588640963
-0.002421859163196608
-0.1735036085000942
0.34594597834960994
0.00998364891911617
-0.5855749427166802
0.12887644556664374
-0.003756250081799822
-0.12832435034805414
0.1582550677475856
0.006358119660684691
0.2702767118858576
0.12540396769518905
1.1259576063463947
0.9986573293295358
0
0
0
0
0
0
0.8377580409572782
0
0
2.513274122871835
0
0.8377580409572782
0.001456649405257108
0.12835552504276482
0.38178253547286267
-0.20219858673520721
-0.0039010919538188687
-0.0016729863664600119
-0.6800694885256251
0.016219254892823144
-0.00562687900503862
0.3478287396193223
0.01191319921671145
0.002436204041133691
0.15768674757093884
0.00009856953103525667
0.05340715828107442
0.0000002590593293472121
0.0015267673225416265
0.05594379938275734
-0.003423359639263014
-0.00007869939647852948
-0.002015723317966277
-0.1485792844991333
0.006227238357928338
-0.08748561643851248
0.0029743566755759225
0.00017476811403644137
0.0016192699451499915
0.0006063380667538128
0.00010290597536403878
0.0011777543545301553
0.000000004833263303068743
0.0007441368706723834
0.0000003602856642726964
0.00387049286163885
0.0022277444245097076
0.105783049858865
0.18656566870390884
0.5549879191477795
0.0022335005920491187
0.10583777567448502
0.0000003698762980281629
0.003880772118128342
-0.000000018080768150073066
-0.00011065369476096626
-0.001993703358256289
0.0001634133937911704
0.00025777773535365736
0.0002680274906120968
0.0034875067106858557
0.013423695063450302
0.0051142121224681085
-0.00010724891460665858
-0.00011306596756326351
-0.00015031202495047365
0.000015316797863025133
-0.0001882591472639914
-0.00026623146041483166
-0.0000010895872528916492
-0.0007106015957891133
-0.0035871638007050673
-0.000019465024735244646
0.002519214244372922
0.0017269688393445216
-0.00011539277232847137
0.03561478001918787
0.009140258443398035
-0.00018512257408869693
0.000034630344891634876
0.00002993357136309039
0.00017618705351169376
-0.003118833785033656
-0.0028694488476756655
-0.0014127976384081917
-0.00783877643294749
-0.0033817019252755133
-0.007984627753570688
0.12742891767284903
0.009746979308932813
-0.0030658722745138534
0.12330840159133119
0.0015498240966309482
-0.015496798290197768
0.12741455659165016
0.011660750698096684
0.006358119660684568
-0.16298297883457513
-0.01973788929313955
0
0
0
0
0
0
0
0
0
0
0
0
0
0.8377580409572782
0
-0.00002203525356515405
-0.00012222909941261967
-0.000052724791407784174
0.0002446356778807873
0.0012178786696322714
-0.006116440067896134
0.00009391870657703452
0.0011819809477925758
-0.005907863576238732
-0.0006482801514429133
-0.002390956217232578
0.012021384741210412
0.00009856953103525385
0.05237565717757827
0.00009946465552874752
-0.0000006485510259006219
-0.0004227070277345169
-0.002133112260126298
0.0009559809490146825
0.0012595411119381394
0.00039989630136624127
0.005665262224996085
0.01795454557462414
0.0010828290047511118
-0.0014578383619920328
-0.001424529410442595
-0.0006069480257612479
0.00010290597536403878
-0.0006414543195137553
-0.00035737971386025
-0.00000000750843806927733
-0.00012318135136877084
-0.0000003630976341304786
-0.00038735463169493244
0.00005196006444325642
0.00023306617278993924
-0.03078423875059321
-0.0074035168610279405
0.00012601552334782058
0.0005648978260660704
-0.00000016693134077922594
-0.00017807834515538114
0.0000002385393581944783
0.0016042297600793727
0.04733421889340014
-0.002368727615415966
0.00032088631849005816
-0.003635641494110748
-0.08279988361969019
0.011216718061296331
-0.1188622139981495
0.0014862817085034236
-0.00016947820150128715
0.001965274852927929
0.0002581816118316209
-0.00026623146041483117
0.0032988587533777126
0.000020709077828481186
0.014863031230243264
0.12325613520541304
0.0004067755904682608
0.0020695315899783473
-0.033757244068169656
0.003964933841340048
0.020172193290608927
-0.3076770536760475
0.00369908236128019
0.000033788967311948554
-0.0005640028666312734
0.0038643474096295037
-0.002869448847675669
0.05121581978074957
0.049269317576702734
0.393615342745962
0.4961934040504975
0.37311107676661065
0.018618633037447364
-0.37590197325341457
0.44985206676698153
0.022448088716247972
-0.5145316477174416
0.6540815256063144
0.019200072073991905
-0.395540591645557
0.2702767118858576
-0.019737889293139417
0.6117115075317132
0.12540396769518905
1.1259576063463947
0.9986573293295358
0
0
0
0
0
0
0.8377580409572782
0
0
0.8377580409572782
0
2.5132741228718345
0.0013512787925342563
0.1277710364159565
0.3815304102336456
-0.2010287607926126
0.008287609172058041
0.0007926207800075009
-0.6796203776665694
0.02801802116900878
-0.003251457393894551
0.3447287218876621
-0.012030465892621127
-0.0024126688443538657
0.053407158281074424
0.00009946465552873575
0.15863372934796352
0.000005465811022728584
0.00492037930458196
0.07306902997993632
-0.011098246003385801
0.0008017214818005217
-0.003877606999290295
-0.19406161743120356
0.014018734801885436
-0.07753867513891126
0.014678296777185533
-0.0009803759585106143
0.004947214302070481
0.0011777543545301553
-0.00035737971386025
0.0026493254585265363
0.0000001024134419168155
0.0023450102024549927
0.000008161345910891694
0.012192708526567158
0.008659547660568262
0.13463281708737126
0.5869483450480982
0.6512787489842196
0.0061783899494221636
0.12352178287334711
0.000001397411033139484
0.004976921495256378
0.0000000000000007648288225156556
0.000020907104600665188
0.006339735726464829
0.0000008290967407060077
0.000004231709757908673
-0.00007979227018072717
0.00023696176124816243
0.0012094528275086334
-0.022805199861132816
0.000000181703822519566
0.000000011325685994178767
-0.0000002135548628165374
0.00000023729114137382802
-0.0000010899840181014987
0.00002073200480031222
0.000000000000000000013739203501126475
0.0000007898225607184649
0.0020633412606772313
0.0000017616997616920698
0.00000008764923196047382
-0.000002981318904031268
0.004363498713378407
0.00021709562503476298
-0.007384334995547906
0.00000008315881976679693
0.000000004030867262164193
-0.0000001371067435451136
0.0000000023412243922109605
-0.000000006821423848515789
0.00000023416598412839162
0.0000000000000007658340730313624
0.000020915366153276053
0.006340591361549691
0.00006958212726151824
-0.0000007298940532771823
-0.00003934460721702646
0.019881879895310203
-0.00020855450206368762
-0.011242035649141302
0.000015804929193878213
-0.00000016390486310923852
-0.000008835217153830544
0.000000181299875408776
0.00000009267857586124582
0.000005175377077211881
0.0000023854635447920454
0.015747544433644595
0.059905315861125547
0.03550685037067989
-0.0014638049682180253
0.0002937828475719051
0.12457770253658373
-0.005135838802892584
0.001030752990284518
0.06594688336000257
-0.0026631999032088703
0.0005344991089696726
0.0014566494052571074
-0.00002203525356515404
0.0013512787925342557
0.9999999999999999
0.2190588715645055
0.18426105310910237
0
0
0
0
0
0
0.12540396769518908
0
0
0.12540396769518908
0
0.12540396769518908
0.000002386469730462552
0.01574956323372381
0.05990790102888702
-0.01743507841602918
0.002360787289213356
-0.03088185709495849
-0.061166626418114475
0.008282233708750582
-0.10834129740926787
0.016921861085616982
-0.0021088934914460936
0.02758679179987763
0.001632642818377748
-0.0037353745063429915
0.05021015379444686
0.000000000056337083036588524
0.0002884332977347277
0.00000000000007702715718666469
0.000042377971098803466
0.00000000005644233061681484
0.00028858964589746877
0.00003467042265636729
0.013425198644012405
0.032124669246313874
0.09172127619905061
0.00003467012212356047
0.013425165530898038
0.000020907104600665218
0.004607127743161673
0.05891165920300697
0.0001060035913619255
0.0005410423294604237
-0.010201785614155967
0.0017238655460585428
0.00879860973324607
-0.16590481985156447
0.0014763243407649323
0.0000073819082855617996
-0.00013919178158900756
0.0015125553019476237
-0.0007104348521130606
0.014870695077930656
0.0000007898225607184649
0.0007079404271645469
0.024436030560331022
0.0009133699348686172
0.000045442574851761505
-0.0015456930360155103
0.040562792441484745
0.0020181064225458446
-0.06864428464810836
0.0006532411386243719
0.000024664361642750868
-0.0008389386418646178
0.00015872860080736736
-0.000041739420768707414
0.0015772346790271369
0.000020915366153276084
0.004608162758869159
0.058917883743073066
0.008894867227059428
-0.0000933042858738712
-0.005029525124762885
0.14463376464733513
-0.0015171615021543686
-0.08178190124860352
0.011656865007113782
-0.00010680159671009457
-0.00575709153108306
0.0014763949102192613
0.00006039003172347464
0.004730571809720863
0.015747544433644598
0.181687611928162
0.33985188689348717
0.2581982170711742
-0.01064447645984161
0.0021363259950478186
0.5493678041464651
-0.022648230206097707
0.0045454563325544655
0.4860815295967901
-0.01477271522029381
0.0029648555907486316
0.12835552504276482
-0.00012222909941261967
0.1277710364159565
0.21905887156450554
0.9999999999999999
0.8122730676219885
0
0
0
0
0
0
1.1259576063463947
0
0
1.1259576063463947
0
1.1259576063463947
0.01574956323372382
0.18169995562831798
0.33986328701537427
-0.12677695740141776
0.017166164811925948
-0.22455350001780403
-0.2697324320803481
0.03652297293704493
-0.47776317505533883
0.21414162055753075
-0.011696811527156273
0.15300796632494
0.12934117653566463
-0.02071796027692146
0.39877251228122795
0.0000049009824325970955
0.004999086732641989
0.0000001300392035594184
0.0010866718765402375
0.000004906009946952438
0.005001240186610283
0.007025361503949925
0.10466436235874489
0.2709831870538045
0.4741925838599296
0.0070253286542148775
0.10466415878452714
0.006339735726464829
0.05891165920300697
0.17416019941942754
0.000724721407202725
0.003698978056545712
-0.06974718810260301
0.0033784568271228916
0.01724364361851786
-0.325142684452189
0.05568891740320827
0.000037251848699548376
-0.000702413385183325
0.055871752278962086
-0.0035851179123376894
0.12328188291085002
0.002063341260677232
0.02443603056033104
0.0972506842048207
0.016628821090693267
0.0008273279185821629
-0.028140901047645783
0.10677720684299703
0.005312449018943105
-0.18069872756009742
0.030199998788333425
0.0004443446153684268
-0.015114028635182958
0.021291031810234295
-0.0007519629794523092
0.04684634708066188
0.006340591361549691
0.05891788374307305
0.1741723981484126
0.06080493559652184
-0.0006378241460626944
-0.03438162071289256
0.28344535164651863
-0.002973250240227563
-0.16027170290598108
0.10706030052042748
-0.000538878212229331
-0.02904798511891016
0.055693713367614056
0.0003047039869633591
0.07211299064341596
0.059905315861125547
0.33985188689348705
0.5584499845994948
0.24700529774420563
-0.010183037307998102
0.0020437160429347292
0.6022784013405696
-0.024829521822660412
0.004983237373343385
0.5360913626006849
-0.006372364128178962
0.0012789212497485319
0.38178253547286267
-0.000052724791407784174
0.3815304102336456
0.18426105310910237
0.8122730676219885
1.0000000000000002
0
0
0
0
0
0
0.9986573293295358
0
0
0.9986573293295358
0
0.9986573293295358
0.05990790102888702
0.33986328701537427
0.5584624826187338
-0.12127657025185244
0.01642138788815207
-0.21481094733942566
-0.29570758979576134
0.04004012500866868
-0.5237716350946651
0.4187951019427335
-0.005045328521604156
0.06599879417904504
0.38221709109978746
-0.008936530750446897
0.4984341986162225
0.002505429342755386
0.033172416132660434
0.00047689154062452514
0.011993759959708649
0.0025066050447599543
0.0331819506618128
0.07020593051175157
0.2539592995967011
0.3753193499642847
0.702581821427937
0.07020577976739958
0.25395896779753574
-0.0000008290967407060088
-0.0001060035913619255
-0.0007247214072027252
0.0020176488483901935
-0.00001268150723480564
0.00023911995610930928
0.03733773688278483
-0.00011133119841495922
0.0020992387407639127
0.000014518002753044238
0.00013873149927128863
-0.002615893316346609
-0.0000409112903257355
0.000019383015464064607
-0.00040536558065074085
-0.00000176169976169207
-0.0009133699348686173
-0.01662882109069327
-0.0008826497360520808
-0.00005901952001437354
0.0020075020258597644
-0.013111830744266362
-0.0014058631327425162
0.047819316158024046
-0.0006719672477360319
-0.000029608461700713196
0.0010071082725223314
-0.00024260082796262144
0.00006390338628319677
-0.0024143449535902577
-0.00006958212726151835
-0.00889486722705943
-0.06080493559652185
-0.0154698715359795
0.00018346935817717798
0.009889832368725593
-0.11616688544891517
0.0016104853317667146
0.08681247986970657
-0.02208261207091824
0.00022049310570434796
0.011885580652491535
-0.003349357332477919
-0.00013822411075378605
-0.010797700963572156
-0.03550685037067991
-0.2581982170711742
-0.2470052977442057
-0.3159705582021669
0.017210172242099673
-0.0034540485366994903
-0.1868956534600761
0.017146965109471463
-0.0034413629864974327
-0.6213444236709708
0.023448416535780787
-0.0047060521930868925
-0.20219858673520721
0.0002446356778807873
-0.2010287607926126
0
0
0
0.9999999999999999
0
0
0.5697540584656804
0
0
0
0
0
0
0
0
0.017435078416029186
0.12677695740141767
0.12127657025185237
0.0008590273898861547
0.01362680051069634
-0.17825447805297825
0.12877508772320428
0.0135761088864713
-0.17759137235837302
0.037824984392650855
-0.0016267878736811125
0.02128028682142368
0.10024014679944268
-0.02035895952767714
0.3650027772231649
0.000002460966483212062
0.0011546071761596075
-0.00000025145857406086357
-0.0009457030606969382
-0.000015356998863299937
-0.007200782944326729
-0.013632826203206752
-0.097659662674057
0.18641275293680917
0.13508177771832786
0.012565855827603119
0.09001659607486717
-0.000004231709757908678
-0.0005410423294604237
-0.0036989780565457133
-0.00001268150723480564
0.0019554070568928755
0.0012204682540626044
-0.00011133119841496006
0.03679131498587719
0.01071451451600941
-0.00020376591841595083
0.000026192435815693063
0.000019383015464064745
0.00006905457885677949
-0.0025207600183272355
-0.002068985920387697
-0.00000008764923196047382
-0.000045442574851761505
-0.0008273279185821627
-0.00005901952001437353
0.0003006727048766696
0.00009987854602233815
-0.0014058631327425143
0.01507527402113102
0.0023791377085163544
-0.000049737897005709926
0.00016198938448556965
0.00006390338628319658
0.000004235711472368889
-0.0002741341201950123
-0.00012012005988272375
0.0000007298940532771835
0.00009330428587387119
0.0006378241460626947
0.00018346935817717793
0.0020186714460997224
-0.0001037411490268299
0.0016104853317667244
0.03734671609435246
-0.0009106348900342853
0.00027956029760353365
0.00228162547284258
-0.0001382241107537873
-0.00001278714821561426
-0.0012901252315549697
0.00011326439751914956
0.001463804968218026
0.010644476459841653
0.010183037307998103
0.01721017224209972
0.10077924452844299
0.0001423965616691817
0.017146965109471373
0.2283235684208226
0.00014187358733559462
0.037852465775734895
0.14719387482855328
0.00024463567788078687
-0.0039010919538188687
0.0012178786696322714
0.008287609172058041
0
0
0
0
0.9999999999999999
0
0
0.5697540584656804
0
0
0
0
0
0
0
-0.002360787289213357
-0.01716616481192599
-0.01642138788815215
0.013626800510696379
0.09965165401480892
0.02413645043580333
0.013576108886471353
0.22720020631121518
0.024046662970678475
-0.02485635407529719
-0.07131673600234137
-0.020358959527677162
0.006161720244329747
-0.12631966413631882
-0.04942300209007447
-0.00000096342583170227
-0.00045200874801395096
-0.000000012522557926620866
-0.000047095715082253125
0.000000321952688306532
0.00015096122930490739
0.0009197505871105131
0.006588694870939537
0.009243607586719254
0.006698269971732707
-0.0009721010028607167
-0.006963729690918938
0.00007979227018072729
0.010201785614155969
0.06974718810260305
0.00023911995610930936
0.0012204682540626049
-0.0209927710644751
0.002099238740763933
0.01071451451600943
-0.16467118662275093
0.003842169275783408
0.00001938301546406472
-0.00033826185450931435
0.0039373025738027815
-0.001726488502700455
0.03377300155282133
0.0000029813189040312683
0.0015456930360155103
0.028140901047645765
0.0020075020258597635
0.00009987854602233815
-0.0030936802115552223
0.04781931615802401
0.0023791377085163557
-0.0657792572181347
0.0016917950023424457
0.00006390338628319674
-0.002009754741142065
0.00041055260962510263
-0.00009999062457772717
0.0035311613206571177
0.00003934460721702652
0.005029525124762885
0.03438162071289257
0.00988983236872559
-0.00010374114902682989
-0.003571523509198391
0.08681247986970655
-0.0009106348900342798
-0.011723750313066406
0.01506957078674675
-0.00013822411075378605
-0.005166718158251657
0.0018938649027002439
0.00005419720561996541
0.0035223155557443696
-0.0002937828475719052
-0.0021363259950479036
-0.0020437160429347297
-0.0034540485366995983
0.0001423965616691857
0.10146017215690634
-0.0034413629864975853
0.00014187358733560166
0.2290019952327737
-0.007596917229179008
0.0002446356778807804
0.1483637007711479
-0.0016729863664600119
-0.006116440067896134
0.0007926207800075009
0
0
0
0
0
0.9999999999999999
0
0
0.5697540584656804
0
0
0
0
0
0
0.03088185709495851
0.22455350001780403
0.21481094733942566
-0.1782544780529784
0.024136450435803286
-0.21423619952640766
-0.17759137235837308
0.024046662970678395
-0.08551998611189626
0.3251501640839459
-0.02035895952767714
0.19344589442138094
0.17755021312620342
-0.026193435888458377
0.38835791837266515
0.000016140267189826695
0.007572499848995921
0.0000004254864233519476
0.0016001992151261303
0.0000056637685944046735
0.0026556991153178283
-0.006810399347727853
-0.04878675140876313
-0.3155553284769278
-0.2286634045558232
0.008615899570396197
0.061720742469947076
-0.00023696176124816243
-0.0017238655460585428
-0.0033784568271228916
0.037337736882784835
-0.00011133119841496005
0.0020992387407639305
0.1740946622268268
-0.00033450183050810853
0.006307299404447203
-0.0010317930143976923
0.0019191475174984522
-0.036187060548450195
-0.0017901358062018347
0.000114867489966801
-0.003949962259153874
-0.004363498713378409
-0.04056279244148478
-0.10677720684299705
-0.013111830744266348
-0.0014058631327425156
0.04781931615802407
-0.019986248310529163
-0.005832848091267681
0.19839968805067246
-0.03849824820574538
-0.0004011043808498445
0.013643246453735786
-0.03861062453349437
0.0013636614947315395
-0.0849543946023202
-0.019881879895310203
-0.14463376464733507
-0.28344535164651863
-0.11616688544891507
0.0016104853317667235
0.08681247986970653
-0.28710199563675926
0.004838619487550982
0.2608235844032111
-0.2246333752403543
0.0011173229145670567
0.060228783904792305
-0.14969952075199164
-0.0008190159725668529
-0.19383301070367648
-0.12457770253658376
-0.5493678041464652
-0.6022784013405698
-0.18689565346007544
0.017146965109471377
-0.0034413629864975858
-0.09109658666865388
0.026778198803474776
-0.0053743331032057974
-0.6682934963604503
0.005442455871875234
-0.0010922904475248517
-0.6800694885256254
0.00009391870657703457
-0.6796203776665697
0
0
0
0.5697540584656804
0
0
1
0
0
0
0
0
0
0
0
0.0611666264181145
0.26973243208034803
0.29570758979576117
0.12877508772320417
0.013576108886471287
-0.17759137235837305
0.40188441088725063
0.021201368453461118
-0.2773386801042609
0.22552389228491887
0.005115948093070615
-0.06692258071589188
0.3342741544071048
-0.007815587867468825
0.435913710165624
0.0015880017587495767
0.012879310000492122
-0.0011618655981343936
-0.017937858840433668
-0.009903992836267661
-0.08031056653228014
-0.16862408396225592
-0.37115358494676554
0.2616940511761461
0.29659953991219185
0.15542715801816795
0.3421065031728258
-0.0012094528275086338
-0.00879860973324607
-0.01724364361851786
-0.00011133119841495922
0.036791314985877184
0.010714514516009417
-0.00033450183050810853
0.17245290207919906
0.03219245610967262
-0.009106953677150656
0.0003701504814135197
0.00011486748996680255
-0.005296171000539042
-0.035623282266582304
-0.02016060733901682
-0.0002170956250347631
-0.002018106422545846
-0.005312449018943105
-0.0014058631327425156
0.015075274021131027
0.0023791377085163575
-0.005832848091267679
0.09696048455419992
0.009870910274822745
-0.0027247914161498484
0.008094164598953804
0.0013636614947315426
-0.0011115793547929135
-0.01369772900918378
-0.004226706275653071
0.00020855450206368762
0.0015171615021543682
0.002973250240227563
0.0016104853317667142
0.03734671609435244
-0.0009106348900342794
0.00483861948755098
0.17412164259193527
-0.002735955204342072
0.003018594776715039
0.03155218293942571
-0.0008190159725668617
0.0009080364644362252
-0.01784090675937148
0.002033245711354806
0.005135838802892584
0.022648230206097703
0.024829521822660513
0.017146965109471446
0.22832356842082258
0.00014187358733560164
0.026778198803474876
0.5573460269113517
0.0002215621891325931
0.0393683406171228
0.14285524495773294
0.00009391870657703496
0.016219254892823148
0.001181980947792576
0.028018021169008783
0
0
0
0
0.5697540584656804
0
0
1
0
0
0
0
0
0
0
-0.008282233708750586
-0.036522972937045
-0.040040125008668784
0.013576108886471339
0.22720020631121518
0.02404666297067843
0.021201368453461187
0.5555917228799737
0.03755289280462353
-0.04959378362003831
-0.06977260867751577
-0.00781558786746884
-0.026205365751265763
-0.12358463087499179
-0.05902465831221749
-0.0006216752343457843
-0.005042027200947565
-0.000057860541482528085
-0.0008932997303743142
0.00020763282897839772
0.0016836755035698524
0.011376371847884054
0.025040202418384915
0.012976564525449215
0.01470741520715144
-0.012023924056915757
-0.026465533218115206
0.022805199861132823
0.1659048198515645
0.3251426844521891
0.0020992387407639135
0.01071451451600941
-0.16467118662275096
0.0063072994044472055
0.03219245610967263
-0.4328542941628698
0.1717188913943124
0.00011486748996680225
-0.001789675971538543
0.17228266967618025
-0.009134506144367685
0.3077252352621244
0.007384334995547911
0.06864428464810839
0.18069872756009742
0.04781931615802402
0.0023791377085163557
-0.06577925721813477
0.1983996880506724
0.009870910274822745
-0.2385004769188328
0.09268161256875612
0.001363661494731541
-0.038249605469872085
0.06534063710583653
-0.001903019240353066
0.11623690224264457
0.0112420356491413
0.08178190124860349
0.16027170290598108
0.08681247986970655
-0.000910634890034285
-0.011723750313066383
0.260823584403211
-0.002735955204342072
0.026691976305135756
0.1627159795369898
-0.000819015972566853
-0.01258130701225917
0.08464628887282596
0.000131973849206835
0.07390219004866434
-0.001030752990284518
-0.004545456332554465
-0.004983237373343588
-0.0034413629864974296
0.00014187358733559462
0.22900199523277365
-0.005374333103206016
0.0002215621891326013
0.5584055174933905
-0.007901150400356006
0.00009391870657703288
0.1433043558167888
-0.00562687900503862
-0.005907863576238733
-0.0032514573938945512
0
0
0
0
0
0.5697540584656804
0
0
1
0
0
0
0
0
0
0.10834129740926793
0.47776317505533883
0.5237716350946651
-0.17759137235837325
0.024046662970678367
-0.08551998611189641
-0.2773386801042611
0.03755289280462344
0.06722675189726535
0.64874465630601
-0.007815587867468825
0.03186694708100354
0.5920826061469101
-0.004314926599108551
0.5228257277612232
0.010414921478605229
0.08446905150745085
0.0019659621455032157
0.03035217800432167
0.003652661830907245
0.0296190986646094
-0.08423765801089916
-0.1854130680719551
-0.44298982220030636
-0.5020770508915987
0.10657012163508732
0.23456860512768815
0.00000018170382251956626
0.0014763243407649323
0.0556889174032083
-0.000014518002753044238
0.00020376591841595083
-0.003842169275783408
0.0010317930143976925
0.009106953677150658
-0.1717188913943124
0.0006316837159600784
-0.000001916490593729853
0.000036136962126932074
0.00022100468516682883
-0.00018510244792821533
0.003701442567609311
0.00000008315881976679659
0.0006532411386243721
0.030199998788333418
0.0006719672477360321
0.000049737897005709946
-0.0016917950023424462
0.03849824820574534
0.0027247914161498466
-0.09268161256875605
0.0003225156150304666
0.000017843843441694368
-0.0006069441406775585
0.00009061397347778155
-0.00004300268318807582
0.0015520517787617715
0.000015804929193878226
0.011656865007113786
0.10706030052042756
0.022082612070918245
-0.0002795602976035337
-0.015069570786746755
0.22463337524035432
-0.0030185947767150403
-0.16271597953698985
0.028592538663645087
-0.000321069413686398
-0.017307100823980917
0.002863070297483079
0.00021296086780989496
0.01433867838621645
0.06594688336000258
0.4860815295967899
0.5360913626006854
0.6213444236709705
-0.03785246577573489
0.007596917229179006
0.6682934963604502
-0.03936834061712281
0.007901150400356013
1.184093047924111
-0.05429985208064314
0.010897876092334894
0.34782873961932237
-0.0006482801514429134
0.3447287218876623
0.12540396769518905
1.1259576063463947
0.9986573293295358
0
0
0
0
0
0
2.513274122871835
0
0
0.8377580409572782
0
0.8377580409572782
0.016921861085616982
0.2141416205575307
0.4187951019427335
-0.037824984392650876
0.024856354075297186
-0.32515016408394587
-0.2255238922849188
0.049593783620038294
-0.6487446563060097
0.11153524171300891
-0.0031371701192934804
0.04103785196966112
0.12622446062028939
-0.03928908155802252
0.6371680855188382
0.0000005255162568294503
0.004045551158398974
0.000000037943660957820466
0.0012871407391621859
0.000007445236391038029
0.011428807472483302
0.019144226008520254
0.181655713234228
0.32211458119194764
0.5875763441734271
0.01660000835804408
0.1702461375542644
0.000000011325685994178785
0.000007381908285561799
0.000037251848699548396
-0.00013873149927128863
-0.000026192435815693063
-0.00001938301546406472
-0.0019191475174984527
-0.00037015048141351975
-0.00011486748996680225
-0.0000019164905937298526
0.00020065386055880436
0.00018444305440580588
-0.0000018306720890674293
0.000034518785620915216
0.0000336499326113104
0.0000000040308672621641695
0.000024664361642750874
0.00044434461536842673
0.000029608461700713196
-0.0001619893844855697
-0.00006390338628319676
0.00040110438084984445
-0.008094164598953799
-0.0013636614947315402
0.00001784384344169436
-0.00006185482972822732
-0.000030197079508146265
-0.0000037299633971809398
0.00012687173793348217
0.00006572136093030085
-0.00000016390486310923876
-0.00010680159671009458
-0.0005388782122293315
-0.00022049310570434796
-0.0022816254728425804
0.00013822411075378605
-0.001117322914567057
-0.03155218293942572
0.0008190159725668534
-0.00032106941368639785
-0.002433988053539454
0.00018154590076579206
0.00002774077448093379
0.0014953538406675638
-0.00013931436586707172
-0.0026631999032088708
-0.01477271522029381
-0.006372364128178972
-0.02344841653578078
-0.14719387482855326
-0.0002446356778807804
-0.005442455871875247
-0.14285524495773314
-0.00009391870657703301
-0.054299852080643314
-0.23657760720522594
-0.0004492757031515558
0.011913199216711452
-0.0023909562172325784
-0.01203046589262113
0
0
0
0
0
0
0
0
0
0
0.8377580409572782
0
0
0
0
-0.002108893491446093
-0.011696811527156271
-0.005045328521604156
0.001626787873681112
0.07131673600234135
0.020358959527677134
-0.005115948093070613
0.06977260867751574
0.007815587867468821
-0.0031371701192934687
-0.017002522671314392
-0.005556707976577015
0.009290100683616737
-0.12152537546270276
-0.049238721753221824
-0.00000007145512512127511
-0.00007628821050317511
0.0000000016771853338961038
0.000027490807462923415
-0.00000014888649673632174
-0.0001588342921497474
-0.0011412628669342326
-0.0051180342404833126
0.0068388328647426095
0.0016448153214618391
-0.0011118209252586509
-0.004986018453862144
-0.00000021355486281653776
-0.00013919178158900756
-0.0007024133851833261
0.002615893316346609
-0.000019383015464064745
0.0003382618545093144
0.036187060548450244
-0.00011486748996680271
0.0017896759715385453
0.00003613696212693208
0.00018444305440580593
-0.0032673856002500487
-0.00003788433015400035
0.000029810099870197264
-0.0005620932623065244
-0.000000137106743545113
-0.000838938641864618
-0.015114028635182965
-0.0010071082725223314
-0.00006390338628319659
0.002009754741142065
-0.013643246453735791
-0.0013636614947315428
0.038249605469872085
-0.0006069441406775584
-0.000030197079508146265
0.0009643870307938276
-0.00013051362011995104
0.00005815436468553469
-0.001978074455542276
-0.000008835217153830554
-0.005757091531083059
-0.02904798511891019
-0.011885580652491531
0.00013822411075378727
0.005166718158251657
-0.06022878390479235
0.0008190159725668622
0.012581307012259183
-0.017307100823980907
0.00018154590076579206
0.007348793303099578
-0.0014994920893198187
-0.00008375604696655406
-0.004514831645981989
0.0005344991089696727
0.0029648555907486308
0.0012789212497485338
0.004706052193086892
-0.0002446356778807868
-0.1483637007711479
0.0010922904475248543
-0.00009391870657703509
-0.143304355816789
0.010897876092335331
-0.0004492757031515724
-0.2387260034550169
0.0024362040411336915
0.012021384741210416
-0.0024126688443538657
0
0
0
0
0
0
0
0
0
0
0
0.8377580409572782
0
0
0
0.027586791799877622
0.1530079663249399
0.0659987941790451
-0.021280286821423678
0.02035895952767716
-0.19344589442138088
0.06692258071589191
0.007815587867468842
-0.0318669470810036
0.041037851969660866
-0.005556707976577
0.055260925682957415
0.12759769514958677
-0.030194317242739518
0.39497696146984523
0.0000011970872833066059
0.0012780559337706293
-0.000000056986726929069224
-0.0009340715699617943
-0.000002619200568821604
-0.0027942014720365614
0.008450612582888215
0.03789707507829871
-0.233461895779003
-0.0561501809957277
0.009854261444133117
0.044191945207543
0.0000002372911413738284
0.0015125553019476237
0.055871752278962114
0.0000409112903257355
-0.00006905457885677949
-0.0039373025738027815
0.0017901358062018349
0.0052961710005390425
-0.17228266967618025
0.00022100468516682883
-0.0000018306720890674293
-0.000037884330154000335
0.000613292359625945
0.00017618388153208423
0.0038665989682415336
0.000000002341224392210951
0.00015872860080736736
0.021291031810234284
0.0002426008279626214
-0.000004235711472368889
-0.00041055260962510263
0.03861062453349433
0.0011115793547929124
-0.06534063710583646
0.00009061397347778148
-0.000003729963397180939
-0.000130513620119951
0.000039536848324437704
0.000006312205194760048
0.00023435957763470107
0.00000018129987540877629
0.0014763949102192613
0.05569371336761409
0.003349357332477919
0.00001278714821561426
-0.0018938649027002439
0.14969952075199164
-0.0009080364644362253
-0.08464628887282598
0.0028630702974830778
0.0000277407744809338
-0.001499492089319818
0.0006320630529679537
-0.00001568577907580109
0.0010590479362394154
0.001456649405257108
0.12835552504276482
0.38178253547286267
0.20219858673520721
0.0039010919538188687
0.0016729863664600119
0.6800694885256251
-0.016219254892823144
0.00562687900503862
0.3478287396193222
0.011913199216711594
0.0024362040411335913
0.15768674757093887
0.00009856953103525385
0.05340715828107444
0.12540396769518905
1.1259576063463947
0.9986573293295358
0
0
0
0
0
0
0.8377580409572782
0
0
2.513274122871835
0
0.8377580409572782
0.001632642818377748
0.12934117653566463
0.38221709109978746
-0.10024014679944271
-0.006161720244329747
-0.17755021312620342
-0.3342741544071046
0.026205365751265752
-0.5920826061469099
0.1262244606202895
0.009290100683616813
0.12759769514958685
0.15614323105086722
0.01645507722210582
0.28019341271606474
0.0000003709653589057812
0.003880546738992463
0.000000004348551270869614
0.0007364820412624532
0.0000003465385994354356
0.003855812851547252
0.002305072937084362
0.10613992760995494
0.1845372341448873
0.5544874629586654
0.002314075105323138
0.10618013087055415
-0.0000010899840181015004
-0.0007104348521130606
-0.003585117912337695
-0.000019383015464064607
0.0025207600183272355
0.001726488502700455
-0.00011486748996680116
0.03562328226658235
0.009134506144367697
-0.0001851024479282154
0.00003451878562091523
0.000029810099870197264
0.00017618388153208428
-0.003121075387569443
-0.0028689240063008267
-0.000000006821423848515749
-0.000041739420768707414
-0.0007519629794523092
-0.00006390338628319676
0.0002741341201950123
0.00009999062457772717
-0.001363661494731539
0.013697729009183772
0.0019030192403530649
-0.00004300268318807579
0.00012687173793348211
0.00005815436468553467
0.000006312205194760048
-0.00020158932336134742
-0.00009841444641077136
0.00000009267857586124595
0.000060390031723474626
0.0003047039869633593
0.000138224110753786
0.0012901252315549692
-0.00005419720561996539
0.0008190159725668532
0.017840906759371486
-0.00013197384920683508
0.00021296086780989485
0.0014953538406675634
-0.00008375604696655403
-0.00001568577907580108
-0.0006349443735160703
0.00004735912654070799
-0.00002203525356515405
-0.00012222909941261967
-0.000052724791407784174
-0.00024463567788078736
-0.0012178786696322714
0.006116440067896134
-0.00009391870657703452
-0.0011819809477925758
0.005907863576238732
-0.0006482801514429424
-0.0023909562172326755
0.01202138474121046
0.00009856953103525667
0.05237565717757828
0.00009946465552873575
0
0
0
0
0
0
0
0
0
0
0
0
0
0.8377580409572782
0
-0.0037353745063429906
-0.020717960276921455
-0.008936530750446904
0.02035895952767714
0.12631966413631882
0.026193435888458374
0.007815587867468828
0.12358463087499183
0.00431492659910856
-0.03928908155802265
-0.12152537546270284
-0.03019431724273962
0.016455077222105693
-0.1636441582518188
-0.053481640169330054
-0.0000004686389755436981
-0.0005003368023720001
-0.000000002837921083753021
-0.0000465164705007241
0.00000005491038137414513
0.00005857919790188281
-0.0005701279961103486
-0.002556759437367247
-0.011576622935042429
-0.0027843064965824365
-0.0007623306811503286
-0.0034187113750144466
0.000020732004800312255
0.014870695077930656
0.12328188291085024
0.00040536558065074085
0.002068985920387697
-0.03377300155282133
0.00394996225915388
0.02016060733901685
-0.30772523526212475
0.0037014425676093134
0.00003364993261131042
-0.0005620932623065249
0.0038665989682415357
-0.0028689240063008293
0.05124425290452682
0.00000023416598412839066
0.0015772346790271369
0.04684634708066189
0.0024143449535902572
0.00012012005988272375
-0.0035311613206571177
0.08495439460232015
0.004226706275653068
-0.1162369022426445
0.0015520517787617704
0.00006572136093030084
-0.001978074455542276
0.00023435957763470107
-0.00009841444641077138
0.003169613561811651
0.000005175377077211886
0.004730571809720861
0.072112990643416
0.010797700963572155
-0.00011326439751914955
-0.0035223155557443687
0.1938330107036765
-0.0020332457113548066
-0.07390219004866438
0.014338678386216443
-0.0001393143658670717
-0.004514831645981986
0.0010590479362394154
0.00004735912654070798
0.0023388128709204703
0.0013512787925342563
0.1277710364159565
0.3815304102336456
0.20102876079261262
-0.008287609172058041
-0.0007926207800075009
0.6796203776665694
-0.02801802116900878
0.003251457393894551
0.3447287218876621
-0.012030465892621077
-0.002412668844354161
0.053407158281074424
0.00009946465552874754
0.15863372934796352
0.12540396769518905
1.1259576063463947
0.9986573293295358
0
0
0
0
0
0
0.8377580409572782
0
0
0.8377580409572782
0
2.5132741228718345
0.05021015379444685
0.3987725122812279
0.4984341986162227
-0.365002777223165
0.04942300209007447
-0.38835791837266526
-0.43591371016562397
0.05902465831221748
-0.5228257277612228
0.6371680855188387
-0.049238721753221734
0.3949769614698455
0.28019341271606474
-0.05348164016932992
0.6376634280004958
0.000008194097863999734
0.012232820677774552
0.00000010069076612500562
0.0023156308840168284
0.0000013093967495131053
0.004883004007633426
0.006449655167378023
0.12472645520295693
0.5793971810230295
0.649455669274264
0.008984732946431095
0.13609504103239253
0.000002386227687365245
0.015749077655357897
0.05990727924320709
0.01807325612488755
0.0008993195018061298
-0.030589637484874737
0.06340683219138941
0.0031551038918185034
-0.1073183491340001
0.01808316133422668
0.0008327844349909591
-0.02832650011287233
0.0013884723180519767
-0.0014095176759178567
0.04929065576537622
0.0000000000000007640226298362461
0.00002090047350251644
0.006339048793244045
0.00006953579123790743
-0.0000007293732283299522
-0.00003931653229038234
0.019877989091253205
-0.00020850374775474052
-0.011239299734150023
0.000015791023866256734
-0.00000016375300330645547
-0.000008827031198947206
0.00000018112564977175472
0.00000009258829341738414
0.0000051703378803190295
0.000000000000000000013813168336625008
0.000000791091111444612
0.00206447939046864
0.0000034663430132204994
-0.00000014265915052736562
0.000000028432068500741465
0.008576614824776623
-0.00035297504621918186
0.0000703481736436601
0.00000031548550052310273
-0.000000012895677533276169
0.0000000025701175538631004
0.0000000026760641706191084
-0.00000000010577452536900956
0.000000002166416787977568
0.0000000000000007649036966536048
0.000020907720207777234
0.006339799491555019
0.00006872751484591023
-0.00000496477776992155
0.00004046774772708337
0.019642431904914506
-0.0014189413001090127
0.011565745987711866
0.000015426919705522658
-0.00000110145245941336
0.000008977904415169765
0.00000025905932934721256
-0.0000006485510259006232
0.000005465811022728595
0.000002386469730462552
0.01574956323372381
0.05990790102888702
0.01743507841602918
-0.002360787289213356
0.03088185709495849
0.06116662641811448
-0.008282233708750582
0.10834129740926787
0.01692186108561699
-0.002108893491446094
0.027586791799877632
0.001632642818377748
-0.0037353745063429915
0.05021015379444686
0.9999999999999999
0.2190588715645055
0.18426105310910237
0
0
0
0
0
0
0.12540396769518908
0
0
0.12540396769518908
0
0.12540396769518908
0.00003461808258677653
0.01341942863287628
0.00000000005637634291679897
0.0002884916436032003
0.00000000000007710678686737594
0.0000423907210006553
0.000000000056467845808828295
0.00028862751822331155
0.00003465999484060701
0.013424049572523215
0.03212587746876407
0.09172222754549345
0.01574907765535789
0.18169698669162515
0.33986054506325575
0.13141918098184863
0.006539376831251624
-0.22243170112872543
0.2796119432999312
0.013913401758373104
-0.47325329331266064
0.22058262409765714
0.004619085051646059
-0.15711450375299083
0.12798460564726472
-0.007817967955817701
0.3936767226056532
0.00002090047350251644
0.004606296863580506
0.05890666179498499
0.008891660468059781
-0.00009326620126624991
-0.00502747217920503
0.14461319027876257
-0.0015168733622637535
-0.08176636900207761
0.011652195586857065
-0.0001067550250249522
-0.005754581091719679
0.0014756794858414744
0.00006036082014503608
0.004728282282567538
0.000000791091111444612
0.0007085932696216088
0.02444660990522332
0.0017959309625433992
-0.00007391247333142605
0.000014730807642200393
0.07971809020637757
-0.003280839486205317
0.0006538736047908355
0.002072873482912982
-0.00007882100231041812
0.000015709080901592905
0.00016091862502845943
-0.0000006465153992088067
0.00015780355663278734
0.000020907720207777207
0.004607204873187382
0.058912123085111776
0.008786997971554468
-0.0006347602163606445
0.0051739105944468705
0.1428957845498235
-0.010322587920413942
0.0841390900484455
0.011412745326819271
-0.000717895241415957
0.005851541573542294
0.0015267673225416237
-0.0004227070277345163
0.004920379304581953
0.01574956323372382
0.18169995562831798
0.33986328701537427
0.12677695740141773
-0.01716616481192599
0.22455350001780403
0.2697324320803481
-0.036522972937045
0.47776317505533883
0.2141416205575307
-0.011696811527156271
0.1530079663249399
0.12934117653566463
-0.020717960276921455
0.3987725122812279
0.21905887156450554
0.9999999999999999
0.8122730676219885
0
0
0
0
0
0
1.1259576063463947
0
0
1.1259576063463947
0
1.1259576063463947
0.007019638485541224
0.10462888761451533
0.000004902858311771882
0.004999890384898955
0.00000013011327088211707
0.0010869323387375858
0.00000490722813084446
0.0050017617829927665
0.00702422161464478
0.10465729798511858
0.2709885231287258
0.47419643797865385
0.05990727924320709
0.33986054506325586
0.5584594766134136
0.12571852989994475
0.00625571423854987
-0.21278314367907644
0.30653930696680115
0.015253298847780056
-0.5188288269797054
0.4215715203056475
0.0019924265422451353
-0.06777080394689372
0.3816296816824075
-0.0033722537445034046
0.49623506780850746
0.006339048793244045
0.05890666179498499
0.1741504052874973
0.060795922034395905
-0.0006376991925181334
-0.03437488506617913
0.2834230738867695
-0.002972874813155196
-0.1602514652948088
0.10704287115676901
-0.000538791519390784
-0.029043311910989283
0.05568209848223257
0.00030464044189035987
0.07209795152908594
0.0020644793904686406
0.02444660990522332
0.09727853117035647
0.03268100356309257
-0.0013450037082051519
0.0002680601799749576
0.20981879198370973
-0.008635201569755896
0.0017210017138151524
0.055760952413091064
-0.0014191233360884728
0.00028283227366427115
0.021337389189599435
-0.000011640109403131811
0.021281304312165367
0.006339799491555019
0.058912123085111796
0.17416110854114267
0.06007409332325995
-0.004339666925949705
0.035372488864023166
0.280048504666107
-0.020230305047161137
0.16489658128311238
0.10583154550631577
-0.0036227245834021954
0.029528714339240085
0.05594379938275734
-0.0021331122601262967
0.0730690299799363
0.05990790102888702
0.33986328701537427
0.5584624826187338
0.12127657025185239
-0.01642138788815207
0.21481094733942568
0.2957075897957613
-0.040040125008668784
0.5237716350946651
0.4187951019427335
-0.005045328521604156
0.06599879417904506
0.38221709109978746
-0.008936530750446899
0.4984341986162225
0.18426105310910237
0.8122730676219885
1.0000000000000002
0
0
0
0
0
0
0.9986573293295358
0
0
0.9986573293295358
0
0.9986573293295358
0.07017966236074681
0.2539014772668659
0.0025058681001161186
0.03317597450380418
0.0004770155545947539
0.011995674495351381
0.00250688982311358
0.033184259852259625
0.07020069944369028
0.25394778547530517
0.37532275377008006
0.702585679235964
-0.018073256124887548
-0.1314191809818486
-0.1257185298999447
-0.006649637474174044
-0.005381235525377257
0.18303844585981738
0.12129312389320494
-0.005361278619833759
0.18235962759259533
-0.045775451612282185
-0.000946411535259948
0.03219143554316749
-0.1025310792743404
0.007963914658149635
-0.3731831664609017
-0.00006953579123790745
-0.008891660468059781
-0.060795922034395926
-0.015465104775230724
0.00018340186589710055
0.009886194204262342
-0.1161586758425053
0.0016102456596477205
0.08679956024427557
-0.022075122564494176
0.00022040888429638003
0.011881040707194073
-0.003347891820111219
-0.00013816331172564512
-0.010792959217206967
-0.0000034663430132205003
-0.0017959309625433992
-0.03268100356309257
-0.004278229077709318
0.000188579533856415
-0.00003758403302292887
-0.0939425357195245
0.004489839580899451
-0.0008948281694484501
-0.005589022923183688
0.00022379882230619643
-0.000044603261849469936
-0.0004831637064062332
0.000001944457870602407
-0.00047379483558452967
-0.00006872751484591015
-0.008786997971554468
-0.06007409332325995
-0.015052166323891962
0.0012332811073589183
-0.010052435585645022
-0.11251714471670013
0.010826900742755895
-0.08824972802980872
-0.021268380353986486
0.0014605703397003612
-0.01190506298242401
-0.003423359639263008
0.0009559809490146809
-0.011098246003385786
-0.017435078416029186
-0.1267769574014177
-0.12127657025185239
0.0008590273898861208
0.01362680051069637
-0.17825447805297828
0.12877508772320426
0.013576108886471323
-0.17759137235837305
-0.037824984392650855
0.001626787873681112
-0.02128028682142368
-0.1002401467994427
0.02035895952767714
-0.36500277722316493
0
0
0
0.9999999999999999
0
0
0.5697540584656804
0
0
0
0
0
0
0
0
-0.0012052899280763205
-0.008638306485682215
-0.000012765469932316533
-0.0059878389971755016
-0.0000004942337752783405
-0.0018581417307870106
-0.000012560235956055091
-0.005888563640699421
-0.0008898888525635585
-0.006375385577861312
0.36630294437016553
0.2654333316079448
-0.0008993195018061297
-0.006539376831251582
-0.006255714238549869
-0.005381235525377233
0.10122708289217144
0.009107935106134238
-0.005361278619833775
0.2287697715423205
0.009074157324107811
-0.009795578205271802
0.07530700318438932
0.007963914658149645
0.002415892190204986
-0.12745981750961932
-0.018569476193163875
0.0000007293732283299522
0.00009326620126624892
0.0006376991925181335
0.00018340186589709865
0.002017838447553489
-0.0001036980417464312
0.0016102456596477038
0.03733939957048285
-0.0009104559586642614
0.0002794473892597211
0.0022806245507584577
-0.00013816331172564382
-0.00001278088923908551
-0.0012894977851816269
0.00011320926054547081
0.00000014265915052736562
0.0000739124733314262
0.0013450037082051516
0.0001885795338564154
0.00029612985310468445
0.0000015467904370670053
0.004489839580899445
0.014967150102731095
0.000036827118965030425
0.00025654514566615037
0.00031250897752484565
0.0000019444578706024035
-0.000006641145076171508
0.000002563299887574594
0.000019499273012206725
0.0000049647777699215435
0.0006347602163606445
0.0043396669259496996
0.0012332811073589183
0.0019310774658201808
0.0007261736269829435
0.010826900742755894
0.03657773211556608
0.006375034640876289
0.0018623955201346413
0.002139114117582289
0.0009559809490146807
-0.00007869939647852936
0.0012595411119381377
0.0008017214818005207
0.002360787289213357
0.017166164811925948
0.016421387888152075
0.01362680051069635
0.09965165401480892
0.024136450435803286
0.013576108886471289
0.2272002063112152
0.024046662970678364
0.02485635407529719
0.07131673600234137
0.02035895952767716
-0.006161720244329747
0.12631966413631882
0.04942300209007447
0
0
0
0
0.9999999999999999
0
0
0.5697540584656804
0
0
0
0
0
0
0
-0.0007634681065730559
-0.0054717718475815105
-0.00000002789425663232295
-0.000013084227885524784
0.000000020325659069699837
0.00007641718800356913
0.0000010705539711387177
0.0005019034046740779
0.000848860590813372
0.006081448882853452
-0.015071438693820188
-0.010921184899302777
0.030589637484874733
0.22243170112872543
0.21278314367907633
0.18303844585981743
0.009107935106134283
-0.208304316205937
0.18235962759259539
0.009074157324107785
-0.07961369621819607
0.3331888007012209
0.007963914658149635
-0.195345084002172
0.1735375476484341
-0.009720309523152013
0.3759137627474849
0.00003931653229038234
0.00502747217920503
0.03437488506617912
0.009886194204262342
-0.00010369804174643227
-0.003570033615632844
0.08679956024427551
-0.0009104559586642704
-0.011721424824078648
0.015063484477555678
-0.00013816331172564517
-0.005164442846337291
0.0018929459851799737
0.00005417075558212825
0.0035205997140211314
-0.000000028432068500741465
-0.000014730807642200393
-0.0002680601799749575
-0.00003758403302292887
0.000001546790437067002
0.00030358266553750797
-0.0008948281694484498
0.00003682711896503046
0.015144592116536201
-0.00005112962700358639
0.0000019444578706024073
0.00032187784834654924
-0.000003963065266541845
-0.000013247050347747571
0.0000014004313736775795
-0.00004046774772708332
-0.0051739105944468705
-0.035372488864023166
-0.010052435585645022
0.0007261736269829435
-0.003898850498185077
-0.08824972802980871
0.006375034640876287
-0.014602855203146671
-0.015180327412328422
0.000955980949014681
-0.005535772246540486
-0.0020157233179662736
0.0003998963013662406
-0.003877606999290289
-0.03088185709495851
-0.22455350001780403
-0.2148109473394257
-0.1782544780529784
0.024136450435803335
-0.21423619952640766
-0.17759137235837313
0.024046662970678433
-0.08551998611189633
-0.32515016408394587
0.020358959527677137
-0.19344589442138088
-0.17755021312620342
0.026193435888458377
-0.38835791837266526
0
0
0
0
0
0.9999999999999999
0
0
0.5697540584656804
0
0
0
0
0
0
0.01518877383604667
0.10885786106824111
0.000010233825667375565
0.00480033251782427
-0.000000004057476202476555
-0.000015254655247409803
-0.000010451860779276964
-0.004900102798851646
-0.01521511870201734
-0.10900490331893552
0.0030477798249472303
0.002208506279779474
-0.06340683219138941
-0.2796119432999313
-0.3065393069668011
0.1212931238932049
-0.005361278619833775
0.18235962759259547
0.3901995568686299
-0.008372560326329144
0.2847859794970436
-0.2363044667605766
0.0018234963015751535
-0.0620247761870716
-0.3459878741955774
0.00305730649451891
-0.4498898394261831
-0.01987798909125321
-0.14461319027876257
-0.2834230738867695
-0.11615867584250528
0.0016102456596477038
0.08679956024427554
-0.28710972602723717
0.0048382392015339885
0.2608030846309746
-0.22461040243361965
0.0011172280004586508
0.06022366745805631
-0.14967543725769272
-0.0008188842121470298
-0.19380182706194582
-0.008576614824776627
-0.07971809020637757
-0.20981879198370973
-0.0939425357195245
0.004489839580899445
-0.0008948281694484496
-0.35527687791993406
0.01862515336224701
-0.0037120060947695138
-0.1666730680677686
0.004397639033417124
-0.0008764525358341161
-0.07601387696664628
0.000041467577695927785
-0.07581407609433335
-0.019642431904914513
-0.14289578454982355
-0.280048504666107
-0.11251714471670013
0.010826900742755906
-0.08824972802980871
-0.27615277394769927
0.0325300333975441
-0.2651512809013831
-0.21869899438391235
0.007368515522460225
-0.060060538679605265
-0.14857928449913332
0.005665262224996083
-0.19406161743120356
-0.0611666264181145
-0.2697324320803481
-0.2957075897957612
0.12877508772320426
0.013576108886471289
-0.1775913723583732
0.4018844108872505
0.021201368453461173
-0.27733868010426094
-0.22552389228491887
-0.005115948093070615
0.06692258071589188
-0.3342741544071048
0.007815587867468827
-0.435913710165624
0
0
0
0.5697540584656804
0
0
1
0
0
0
0
0
0
0
0
-0.01491495205253072
-0.032833711168122254
-0.008235538811831764
-0.06678886420306707
-0.002282903814724072
-0.03524184163174145
-0.008099222489115699
-0.0656729480456824
-0.011008005122146334
-0.024230112662985016
0.5142245566206618
0.5828111714204777
-0.003155103891818504
-0.01391340175837311
-0.015253298847779954
-0.0053612786198337665
0.2287697715423206
0.009074157324107794
-0.00837256032632909
0.5580428606627796
0.014170860161162292
-0.019018120958763537
0.07285758178140127
0.0030573064945189268
-0.009956561542034226
-0.12331408348984178
-0.022386375950443897
0.00020850374775474052
0.0015168733622637535
0.002972874813155164
0.00161024565964772
0.03733939957048285
-0.0009104559586642707
0.0048382392015339365
0.17409965613971262
-0.0027356097400960144
0.003018103358246839
0.031547106858838596
-0.0008188842121470332
0.0009078470962439575
-0.0178371860505631
0.0020328216842574096
0.00035297504621918197
0.003280839486205317
0.008635201569755913
0.004489839580899451
0.014967150102731095
0.00003682711896503045
0.01862515336224705
0.09651200329156137
0.00015276954248686112
0.008175416463729024
0.01577884963136965
0.000041467577695927954
0.0018124910487837388
0.0001294232370746233
0.0031201677538502354
0.0014189413001090138
0.010322587920413946
0.020230305047161137
0.010826900742755894
0.03657773211556608
0.006375034640876286
0.0325300333975441
0.17181118526763237
0.019154150823536543
0.020304421319594538
0.03049271004290923
0.005665262224996071
0.006227238357928339
0.017954545574624132
0.014018734801885434
0.008282233708750586
0.036522972937045
0.04004012500866868
0.01357610888647133
0.22720020631121518
0.024046662970678444
0.02120136845346113
0.5555917228799737
0.03755289280462344
0.04959378362003831
0.06977260867751577
0.00781558786746884
0.026205365751265763
0.1235846308749918
0.05902465831221749
0
0
0
0
0.5697540584656804
0
0
1
0
0
0
0
0
0
0
-0.00944759425754738
-0.020797893281412672
-0.000017995752161158406
-0.00014594258794541816
0.00009388578229172302
0.001449341776756798
0.0006903257891965663
0.005597540967596105
0.010500481835167575
0.0231129850557455
-0.021157634682109825
-0.023979612981927908
0.1073183491340001
0.47325329331266075
0.5188288269797054
0.1823596275925956
0.009074157324107813
-0.07961369621819617
0.28478597949704365
0.014170860161162386
0.0764489405266996
0.6468862563346099
0.003057306494518911
-0.031044383449204554
0.5855969490318398
-0.001544758690105196
0.514522342392296
0.011239299734150023
0.08176636900207761
0.1602514652948088
0.08679956024427554
-0.0009104559586642613
-0.011721424824078674
0.2608030846309746
-0.002735609740096044
0.026688605892092765
0.16268948945647804
-0.0008188842121470291
-0.01257928294541447
0.08462863594785869
0.0001319463264692253
0.07388677779803562
-0.00007034817364366013
-0.0006538736047908355
-0.0017210017138151524
-0.0008948281694484501
0.000036827118965030425
0.015144592116536203
-0.0037120060947695138
0.0001527695424868608
0.09724808409366523
-0.0016293662205302724
0.000041467577695927805
0.01597865050368258
-0.0006234904476215325
-0.0006576096764616437
-0.0003595919025034363
-0.01156574598771187
-0.08413909004844551
-0.16489658128311238
-0.08824972802980874
0.0063750346408762955
-0.014602855203146683
-0.2651512809013831
0.019154150823536543
0.018036226547556322
-0.16550070069274195
0.005665262224996086
-0.01498962288916105
-0.08748561643851252
0.001082829004751111
-0.07753867513891127
-0.10834129740926793
-0.4777631750553387
-0.5237716350946651
-0.1775913723583731
0.02404666297067836
-0.08551998611189641
-0.27733868010426105
0.03755289280462353
0.06722675189726535
-0.64874465630601
0.007815587867468825
-0.031866947081003565
-0.5920826061469101
0.004314926599108555
-0.5228257277612232
0
0
0
0
0
0.5697540584656804
0
0
1
0
0
0
0
0
0
0.18795463914888405
0.4137625325772326
0.006602269162361904
0.053543316180305625
-0.000018741794600276492
-0.00028932246419562937
-0.006739677994330751
-0.05464901394684842
-0.18821238643834892
-0.41428099618119385
0.004278543902658665
0.004849210625547644
0.018083161334226664
0.2205826240976571
0.42157152030564743
0.04577545161228222
0.009795578205271802
-0.33318880070122087
0.2363044667605766
0.019018120958763526
-0.6468862563346097
0.11551017609697223
0.001611867040190487
-0.05482637520282974
0.12891921947654197
-0.01545704584646241
0.6542239094009072
0.0000157910238662567
0.011652195586857062
0.10704287115676908
0.02207512256449418
-0.00027944738925972097
-0.015063484477555676
0.22461040243361968
-0.003018103358246841
-0.16268948945647815
0.028581257706321604
-0.0003209257703471348
-0.017299357753450366
0.0028616092013976323
0.00021285218908524757
0.0143313610013966
0.00000031548550052310257
0.0020728734829129816
0.05576095241309107
0.005589022923183686
-0.00025654514566615075
0.00005112962700358637
0.1666730680677686
-0.008175416463729013
0.0016293662205302721
0.005934731082476328
-0.00025469639316559416
0.00005076116933688631
0.0003186656293310009
-0.0000022875038042635055
0.0003076438797882038
0.000015426919705522624
0.011412745326819285
0.10583154550631586
0.02126838035398651
-0.0018623955201346432
0.015180327412328437
0.21869899438391247
-0.020304421319594552
0.16550070069274203
0.0271521602683386
-0.0021024599852651443
0.017137085330476268
0.0029743566755759225
-0.0014578383619920328
0.014678296777185533
0.016921861085616982
0.21414162055753067
0.4187951019427335
0.03782498439265091
-0.024856354075297186
0.3251501640839458
0.22552389228491868
-0.049593783620038294
0.6487446563060097
0.1115352417130087
-0.0031371701192934834
0.04103785196966105
0.12622446062028939
-0.03928908155802262
0.6371680855188383
0.12540396769518905
1.1259576063463947
0.9986573293295358
0
0
0
0
0
0
2.513274122871835
0
0
0.8377580409572782
0
0.8377580409572782
0.0023582011827981706
0.10634915782111748
0.000005252810932250792
0.009091584499665135
0.00000013431209211413037
0.002865948945246172
0.0000050932308730238375
0.008919033440305644
0.0022997280379785717
0.10611014535536667
0.7167249400536451
0.6824860930251401
0.0008327844349909582
0.004619085051646058
0.0019924265422451345
0.0009464115352599486
-0.07530700318438932
-0.007963914658149635
-0.0018234963015751535
-0.07285758178140121
-0.003057306494518909
0.0016118670401904726
-0.022593617378137178
-0.0027281430691035156
-0.0037470031420774584
0.12745133130176892
0.01914984866363623
-0.00000016375300330645515
-0.00010675502502495217
-0.0005387915193907844
-0.00022040888429637997
-0.0022806245507584573
0.00013816331172564515
-0.0011172280004586516
-0.03154710685883861
0.0008188842121470298
-0.00032092577034713136
-0.0024327831090882475
0.0001814560270048424
0.000027725490782667303
0.0014945299762638066
-0.0001392376110270821
-0.000000012895677533276166
-0.0000788210023104179
-0.0014191233360884815
-0.0002237988223061959
-0.0003125089775248456
-0.000001944457870602402
-0.0043976390334171485
-0.01577884963136964
-0.00004146757769592804
-0.0002546963931655948
-0.0002700625620195219
-0.0000020891023391963784
0.000011642338853631042
-0.000002320326278206636
-0.000012112171795349585
-0.0000011014524594133578
-0.0007178952414159579
-0.0036227245834021984
-0.0014605703397003636
-0.002139114117582292
-0.0009559809490146823
-0.00736851552246023
-0.030492710042909252
-0.0056652622249960885
-0.0021024599852651447
-0.002221989333372769
-0.0012379586324451578
0.00017476811403644137
-0.001424529410442595
-0.0009803759585106143
-0.002108893491446093
-0.01169681152715627
-0.005045328521604158
-0.0016267878736811122
-0.07131673600234133
-0.020358959527677134
0.005115948093070611
-0.06977260867751578
-0.007815587867468825
-0.003137170119293473
-0.01700252267131441
-0.005556707976577007
0.009290100683616806
-0.12152537546270276
-0.049238721753221706
0
0
0
0
0
0
0
0
0
0
0.8377580409572782
0
0
0
0
0.00008381124311943314
0.0003760865673238931
0.000000010728263492650566
0.000011450604327673369
-0.000000005348142374231963
-0.00008762404428690875
-0.0000004048348688887659
-0.00043180307661777937
-0.00006876376122120013
-0.0003084114502514271
-0.021910493435077193
-0.005269622032663339
-0.0283265001128723
-0.15711450375299077
-0.06777080394689369
-0.03219143554316751
-0.007963914658149643
0.195345084002172
0.06202477618707162
-0.003057306494518926
0.03104438344920454
-0.054826375202829625
-0.0027281430691035334
0.07012179300622982
-0.12835622054379522
0.011629239104345221
-0.3955593175867048
-0.000008827031198947186
-0.005754581091719674
-0.029043311910989297
-0.011881040707194068
0.00013816331172564374
0.005164442846337289
-0.060223667458056324
0.0008188842121470333
0.012579282945414461
-0.017299357753450366
0.00018145602700484436
0.007345155287053544
-0.0014986659449700904
-0.00008370990181890222
-0.004512344201916235
0.0000000025701175538630996
0.000015709080901592898
0.0002828322736642713
0.00004460326184946993
-0.000001944457870602406
-0.0003218778483465492
0.0008764525358341162
-0.000041467577695927914
-0.01597865050368258
0.00005076116933688633
-0.000002089102339196374
-0.00028012836506167575
0.0000025004477815424397
0.000012076273453726406
-0.0000024068097475750167
0.000008977904415169745
0.005851541573542302
0.029528714339240137
0.011905062982424029
-0.0009559809490146821
0.005535772246540493
0.06006053867960535
-0.005665262224996078
0.01498962288916109
0.01713708533047627
-0.0012379586324451578
0.007716693898018185
0.0016192699451499915
-0.0006069480257612479
0.004947214302070481
0.027586791799877622
0.1530079663249399
0.06599879417904514
0.02128028682142368
-0.020358959527677155
0.19344589442138085
-0.06692258071589188
-0.007815587867468849
0.03186694708100361
0.04103785196966102
-0.005556707976577021
0.05526092568295748
0.12759769514958677
-0.0301943172427396
0.3949769614698453
0
0
0
0
0
0
0
0
0
0
0
0.8377580409572782
0
0
0
-0.0016673781205779584
-0.007482033322253973
-0.000003935977923506828
-0.004200989831710393
0.0000000010676141096576567
0.00001749180546813798
0.0000039524188432289305
0.004215710522349461
0.0012325331163922104
0.00552801823458484
0.0044307886727130005
0.0010656346777852177
0.0013884723180519756
0.12798460564726472
0.3816296816824075
0.10253107927434042
-0.0024158921902049865
-0.1735375476484341
0.3459878741955774
0.009956561542034224
-0.5855969490318397
0.12891921947654203
-0.003747003142077387
-0.12835622054379525
0.15831288917673458
0.0063419378876061255
0.2703301252313127
0.00000018112564977175438
0.0014756794858414744
0.05568209848223257
0.0033478918201112194
0.00001278088923908551
-0.0018929459851799739
0.14967543725769267
-0.0009078470962439574
-0.08462863594785869
0.002861609201397632
0.000027725490782666416
-0.00149866594497009
0.0006316846992179442
-0.00001567638958610354
0.0010584139888051675
0.0000000026760641706191084
0.0001609186250284594
0.021337389189599435
0.0004831637064062332
0.000006641145076171413
0.000003963065266541844
0.07601387696664627
-0.0018124910487837267
0.0006234904476215323
0.000318665629331001
0.000011642338853631111
0.00000250044778154244
0.000038987990550880365
0.00000009549423543278958
0.00001383988053875945
0.0000002590593293472121
0.0015267673225416265
0.05594379938275734
0.003423359639263014
0.00007869939647852948
0.002015723317966277
0.1485792844991333
-0.006227238357928338
0.08748561643851248
0.0029743566755759225
0.00017476811403644137
0.0016192699451499915
0.0006063380667538128
0.00010290597536403878
0.0011777543545301553
0.001632642818377748
0.12934117653566463
0.38221709109978746
0.10024014679944274
0.006161720244329747
0.17755021312620342
0.33427415440710456
-0.026205365751265752
0.5920826061469099
0.1262244606202894
0.009290100683616742
0.1275976951495868
0.15614323105086722
0.016455077222105693
0.2801934127160647
0.12540396769518905
1.1259576063463947
0.9986573293295358
0
0
0
0
0
0
0.8377580409572782
0
0
2.513274122871835
0
0.8377580409572782
0.002278976709453892
0.10599365348638717
0.0000003431740514335822
0.00385137863099834
0.000000004487910321500531
0.000738907617827746
0.00000037802586488825977
0.0038897235021937353
0.002293234107916141
0.10608101951418496
0.18510407121303282
0.5546276743287721
-0.0014095176759178556
-0.007817967955817701
-0.0033722537445034055
-0.007963914658149636
0.12745981750961932
0.009720309523152015
-0.003057306494518911
0.1233140834898418
0.001544758690105196
-0.015457045846462314
0.12745133130176894
0.011629239104345147
0.006341937887606249
-0.1630076006091645
-0.01968290638768672
0.00000009258829341738394
0.00006036082014503606
0.00030464044189035976
0.0001381633117256451
0.0012894977851816264
-0.00005417075558212825
0.0008188842121470293
0.01783718605056309
-0.0001319463264692251
0.0002128521890852453
0.0014945299762638066
-0.00008370990181890132
-0.000015676389586104042
-0.0006345642950024909
0.00004733077742118767
-0.00000000010577452536900953
-0.0000006465153992088049
-0.000011640109403131886
-0.000001944457870602402
-0.000002563299887574593
0.000013247050347747537
-0.000041467577695928036
-0.0001294232370746233
0.0006576096764616475
-0.0000022875038042635106
-0.000002320326278206636
0.000012076273453726433
0.00000009549423543278901
0.000012804850936547364
0.00000009905350761898021
-0.0000006485510259006219
-0.00042270702773451697
-0.002133112260126299
-0.0009559809490146826
-0.0012595411119381396
-0.00039989630136624116
-0.005665262224996086
-0.017954545574624142
-0.001082829004751113
-0.0014578383619920328
-0.001424529410442595
-0.0006069480257612479
0.00010290597536403878
-0.0006414543195137553
-0.00035737971386025
-0.0037353745063429906
-0.02071796027692146
-0.008936530750446906
-0.020358959527677144
-0.12631966413631882
-0.026193435888458374
-0.007815587867468828
-0.12358463087499186
-0.00431492659910856
-0.039289081558022534
-0.12152537546270281
-0.030194317242739535
0.016455077222105815
-0.16364415825181877
-0.05348164016932992
0
0
0
0
0
0
0
0
0
0
0
0
0
0.8377580409572782
0
-0.0010561691315970128
-0.004739352483410149
-0.000000008600637413238725
-0.00000917972382503903
-0.00000000004390626763353387
-0.0000007193609426200315
-0.00000033687883754941664
-0.0003593201319356406
-0.0011757072654228022
-0.005273149350189911
-0.0001823036393029494
-0.000043845259676697386
0.04929065576537618
0.39367672260565306
0.4962350678085075
0.37318316646090177
0.018569476193163875
-0.37591376274748506
0.44988983942618316
0.022386375950443897
-0.514522342392296
0.6542239094009076
0.019149848663636365
-0.3955593175867051
0.2703301252313127
-0.01968290638768686
0.6117031029884834
0.000005170337880319018
0.004728282282567536
0.07209795152908592
0.010792959217206964
-0.00011320926054547077
-0.0035205997140211314
0.19380182706194574
-0.002032821684257409
-0.07388677779803564
0.0143313610013966
-0.00013923761102708362
-0.004512344201916237
0.0010584139888051678
0.00004733077742118819
0.0023374128545620015
0.000000002166416787977568
0.00015780355663278734
0.021281304312165367
0.0004737948355845297
-0.00001949927301220676
-0.0000014004313736775778
0.07581407609433334
-0.003120167753850231
0.00035959190250343606
0.0003076438797882038
-0.000012112171795349558
-0.0000024068097475750175
0.000013839880538759448
0.00000009905350761898003
0.000039925368881808835
0.000005465811022728584
0.004920379304581961
0.07306902997993633
0.011098246003385803
-0.0008017214818005219
0.003877606999290294
0.1940616174312036
-0.014018734801885438
0.07753867513891124
0.014678296777185533
-0.0009803759585106143
0.004947214302070481
0.0011777543545301553
-0.00035737971386025
0.0026493254585265363
0.05021015379444685
0.39877251228122795
0.49843419861622273
0.365002777223165
-0.04942300209007447
0.3883579183726651
0.43591371016562397
-0.059024658312217496
0.522825727761223
0.6371680855188384
-0.049238721753221845
0.39497696146984546
0.2801934127160647
-0.053481640169330054
0.6376634280004958
0.12540396769518905
1.1259576063463947
0.9986573293295358
0
0
0
0
0
0
0.8377580409572782
0
0
0.8377580409572782
0
2.5132741228718345
0.023237786181839745
0.20004221327725627
0.0000034985465411608865
0.007219204366360374
0.000000004276729489812714
0.0007354476279371409
0.000003632481757061955
0.007360976042309247
0.02330121366541129
0.20030363513489463
0.18423943554711594
0.5544197235964511
0.032109976187475686
0.27091828759766384
0.37527794870524533
0.17976571591818719
-0.024375012314976695
0.31851578607606645
0.2524038539896708
-0.034224251370299
0.4472188234086691
0.3124283913648259
-0.017394496096220242
0.22729923275076555
0.18650255832785145
-0.03082023493292875
0.5868814757978256
0.000034657393127678737
0.007023937190497759
0.07019939412073109
0.013630018197327612
-0.0009195611425289252
0.006809703938193748
0.168608343665537
-0.011375309914948622
0.08423854504439693
0.019139524259347576
-0.001140982408926338
0.008449413577989536
0.002304509301454072
-0.0005700471041923373
0.006448949977327923
0.000000000056477297849245124
0.000004907679341016887
0.00250699529409319
0.000012560909671032113
-0.0000010706524261992628
0.000010453303410883802
0.008099253340388576
-0.0006903548760714063
0.006740272383611464
0.000005093432869964799
-0.0000004048643476565884
0.0000039528886898689955
0.00000037806788056433314
-0.0000003369317969114978
0.0000036331884808537706
0.00000000000007686101405072687
0.00000012988455515011195
0.0004766324827461092
0.000000242230933525854
-0.00000003282306844146353
0.0000004290816956851696
0.001119952501226419
-0.00015175715613142168
0.001983855287672366
0.00000003554054646710027
-0.000000004238763809157219
0.00000005541151541287803
0.000000004833263303068742
-0.00000000750843806927733
0.0000001024134419168155
0.00000000005633708303658832
0.0000049009824325970955
0.002505429342755386
0.000002460966483212062
-0.00000096342583170227
0.000016140267189826692
0.0015880017587495767
-0.0006216752343457843
0.010414921478605227
0.0000005255162568294483
-0.00000007145512512127483
0.0000011970872833066008
0.00000037096535890577975
-0.0000004686389755436961
0.000008194097863999697
0.00003461808258677654
0.007019638485541224
0.07017966236074684
-0.0012052899280763205
-0.0007634681065730559
0.01518877383604667
-0.014914952052530725
-0.009447594257547383
0.1879546391488841
0.002358201182798175
0.0000838112431194333
-0.0016673781205779608
0.0022789767094538965
-0.0010561691315970144
0.023237786181839772
0.9999999999999999
0.6582920493393296
0.0005719401497334467
0.03664339248205174
0.000000000422038542487919
0.00011929315951590301
0.0000000000003626242022465588
0.000006888073349454902
0.000000000421133314719813
0.00011918962420138488
0.0005722710263415094
0.03665200844118248
0.0917097048544565
0.47414570503158887
0.7025348969226396
0.13028733441354678
-0.017666079233155895
0.23084809316684463
0.2860827475312302
-0.03879088100063356
0.5068923779336263
0.5852062360804021
-0.00418448894800255
0.0546800046447864
0.5549130184041662
-0.0074142379140092725
0.6512297582452469
0.013423762843474355
0.1046555351841538
0.25394491227185867
0.09765116925992014
-0.00658812185529904
0.048787576234408964
0.3711325583208394
-0.02503878383860909
0.18542182463739187
0.18163896188223902
-0.005117562281790011
0.037897516992091686
0.10613013993382946
-0.0025567892514692285
0.12471888689087181
0.00028864154484829204
0.005001954961011133
0.03318511506194222
0.005888569205501617
-0.0005019231147925714
0.004900520915539509
0.06567212359428015
-0.005597685223549293
0.05465293928124104
0.008919019276767479
-0.00043180464153492
0.004215919958464988
0.00388988667781253
-0.00035935175480181144
0.007361607989151955
0.00004235133897534357
0.0010861277687917177
0.01198975998540679
0.0009116214859037468
-0.00012352763533949595
0.0016148230422142352
0.017294407775718012
-0.0023434477249223173
0.03063487270705595
0.0012479120369731117
-0.0000695399827936889
0.0009090659451369419
0.0007441368706723829
-0.00012318135136877073
0.00234501020245499
0.0002884332977347277
0.004999086732641989
0.03317241613266045
0.0011546071761596075
-0.000452008748013951
0.007572499848995917
0.012879310000492122
-0.005042027200947565
0.08446905150745083
0.004045551158398974
-0.00007628821050317511
0.0012780559337706298
0.003880546738992463
-0.0005003368023720002
0.012232820677774555
0.01341942863287628
0.10462888761451543
0.253901477266866
-0.008638306485682219
-0.005471771847581514
0.10885786106824114
-0.032833711168122254
-0.020797893281412672
0.41376253257723256
0.10634915782111753
0.0003760865673238933
-0.007482033322253977
0.10599365348638723
-0.004739352483410152
0.20004221327725635
0.6582920493393297
0.9999999999999999
0.03664339248205174
0.16889441278785564
0.00011929315951590305
0.00482138042548179
0.000006888073349454905
0.0008141853250619092
0.0001191896242013849
0.004818772844954761
0.036652008441182486
0.16891895345434446
0.000034612397751866233
0.007019016647918865
0.07017680748300563
-0.013761687813685263
0.00020781428013250824
0.006577958128227724
-0.17030343590360084
0.002571740212069395
0.08140345033500705
0.01947587663305557
-0.00026049445528258496
-0.008245446936523041
0.0022295839927283794
0.00012451391447641525
0.006166896840022148
0.03212672247001179
0.27099225498938173
0.37532513424959274
-0.1865203640832523
-0.009310946531580919
0.31550041834947884
-0.2618391496626186
-0.013070799718657416
0.4429026378157576
0.32227719095591173
0.006892418620214337
-0.23354886108965167
0.18454974674123859
-0.011658571270784977
0.5792551120209416
0.00003472181439052015
0.007030976941033642
0.07023169362358421
0.0008879260430832204
-0.0008511061431525155
0.015228568904540064
0.010977860801560472
-0.010522638500879759
0.18827819157157472
0.0023019375809618433
-0.00006873940578729978
0.0012299321135336354
0.002296113391715241
-0.0011789301436121093
0.023324442894785486
0.000000000056443470777823606
0.000004906064387503956
0.002506617772302066
-0.0000028008751019632627
-0.0000007483437772176001
0.000016112731837443644
-0.001806321689069954
-0.00048261687738992065
0.01039131554553844
0.0000005796548711372706
0.00000006311723755337898
-0.0000013589892158909569
0.0000003602856642726962
-0.00000036309763413047786
0.00000816134591089169
0.00000000000007702715718666442
0.00000013003920355941816
0.00047689154062452476
-0.00000025145857406086294
-0.00000001252255792662084
0.0000004254864233519468
-0.0011618655981343925
-0.000057860541482528024
0.0019659621455032136
0.00000003794366095782044
0.0000000016771853338961027
-0.0000000569867269290692
0.000000004348551270869613
-0.0000000028379210837530205
0.0000001006907661250056
0.00000000005637634291679897
0.000004902858311771882
0.0025058681001161186
-0.000012765469932316533
-0.00000002789425663232295
0.000010233825667375562
-0.008235538811831764
-0.000017995752161158406
0.0066022691623619035
0.000005252810932250798
0.000000010728263492650583
-0.000003935977923506832
0.00000034317405143358277
-0.000000008600637413238737
0.0000034985465411608903
0.0005719401497334467
0.03664339248205174
0.9999999999999999
0.6582920493393296
0.0005733340982765288
0.0366796705929482
0.00000000042231898109553905
0.00011932520782244961
0.0000000000003631125583568703
0.0000068918159395441705
0.00000000042177271327475325
0.00011926276905406442
0.013418801555019602
0.10462503206528159
0.25389519250092835
-0.0986350722643593
0.0014894812915354628
0.047146642484104065
-0.3749112608068042
0.005661508590585659
0.17920407792827317
0.18316337907430583
-0.0011689963640291884
-0.03700231345859089
0.10576882045440966
0.0005587693340193017
0.12343792745148115
0.09172289287815556
0.474199133385897
0.7025883772173903
-0.135156531488888
-0.006746905327320009
0.2286181588642816
-0.29676217218323214
-0.014814128909594923
0.5019751593038881
0.5876210357565611
0.0016576524081687257
-0.056169372950577494
0.5544970712742242
-0.0028039299130995653
0.6494251850939661
0.013430858026364501
0.10469915377159368
0.2540160019355609
0.00635773502274086
-0.006094096886269071
0.10903971859460684
0.024159557472213218
-0.023157725736984408
0.4143537499939205
0.10615449302751634
-0.00030807785610347774
0.0055123381465172535
0.10612839004166588
-0.005283756340048102
0.20037364276889175
0.0002885913385036286
0.00500126349832064
0.03318205386817867
-0.0013133012240147618
-0.0003508906191192929
0.007555092488595325
-0.014647267430573676
-0.003913488119205542
0.08426205513224318
0.004104517185520016
0.00006733382982414324
-0.0014497774640130545
0.00387049286163885
-0.0003873546316949325
0.012192708526567163
0.000042377971098803466
0.0010866718765402375
0.011993759959708652
-0.0009457030606969377
-0.000047095715082253125
0.0016001992151261316
-0.017937858840433668
-0.0008932997303743142
0.030352178004321675
0.001287140739162187
0.00002749080746292344
-0.0009340715699617958
0.0007364820412624538
-0.000046516470500724176
0.0023156308840168328
0.0002884916436032005
0.004999890384898955
0.03317597450380419
-0.0059878389971755016
-0.000013084227885524784
0.004800332517824267
-0.06678886420306707
-0.00014594258794541816
0.05354331618030561
0.009091584499665132
0.000011450604327673365
-0.00420098983171039
0.00385137863099834
-0.000009179723825039024
0.007219204366360371
0.03664339248205174
0.16889441278785564
0.6582920493393297
0.9999999999999999
0.03667967059294821
0.16899772803910248
0.00011932520782244964
0.004822187402279212
0.000006891815939544161
0.000814461444198201
0.00011926276905406445
0.004820615117574961
0.000000000056440406323429994
0.000004905918064423566
0.002506583563563103
-0.00001523640227492812
0.0000009360033614433334
-0.000005914867514147383
-0.009826317756499801
0.0006036508018581778
-0.003814638563150203
0.0000073342308236004105
-0.000000429460456194499
0.00000271388095982767
0.0000003697921198431825
-0.00000016671925925293548
0.0000013969552003097354
0.00003468847165399894
0.00702733410797957
0.07021498190765958
-0.012569500143008927
0.0009716752262996227
-0.008617690627926368
-0.15544758349106438
0.012016751990763883
-0.10657537436998425
0.016605748489846854
-0.0011113961830478173
0.009856861851915697
0.0023147466751253006
-0.000761976877488748
0.008986727971930617
0.03211241549382997
0.27092906307869014
0.3752848230608948
-0.3662445204706346
0.015034173497599284
-0.0030135314360838733
-0.5142194258047322
0.021108477072775973
-0.004231097854286688
0.716612485097105
-0.021857224537432975
0.004381180865021679
0.18505019999991748
-0.00017984551185764235
0.1841890199358375
0.00003465243653030709
0.0070233952986223985
0.07019690710820178
-0.012739874673894005
0.00006790073114335312
0.008405544671551437
-0.15760369570736696
0.0008399930488604882
0.10398413945032611
0.017003419909679806
-0.0000787533390066871
-0.009749007085903144
0.002227744424509707
0.0000519600644432564
0.008659547660568258
0.00000000005644233061681502
0.000004906009946952438
0.0025066050447599543
-0.000015356998863299937
0.000000321952688306532
0.0000056637685944046735
-0.009903992836267661
0.00020763282897839772
0.0036526618309072455
0.000007445236391038023
-0.00000014888649673632166
-0.0000026192005688216027
0.00000034653859943543553
0.00000005491038137414512
0.0000013093967495131051
0.00000000000007710678686737619
0.00000013011327088211707
0.0004770155545947539
-0.0000004942337752783404
0.000000020325659069699837
-0.000000004057476202476555
-0.002282903814724072
0.00009388578229172302
-0.00001874179460027649
0.00000013431209211413029
-0.00000000534814237423196
0.0000000010676141096576557
0.00000000448791032150053
-0.000000000043906267633533835
0.000000004276729489812712
0.000000000422038542487919
0.00011929315951590301
0.0005733340982765288
0.0366796705929482
0.9999999999999999
0.6582920493393296
0.000572262759951809
0.03665179322215844
0.0000000004222400197216767
0.00011931618545954167
0.00000000000036343628207680614
0.0000068942951910349946
0.0002885867891661689
0.0050012008417214815
0.033181776472473945
-0.007144312779434261
0.00043888974943624416
-0.00277346730596105
-0.07968097204470084
0.004894965119136961
-0.03093265618343687
0.011310465595448207
-0.0004581611526319978
0.002895248702706067
0.0038805958183267316
-0.00017786105072892675
0.004976403858623826
0.013427186929348838
0.1046765858271207
0.2539792218558087
-0.09002761751200014
0.0069595134749923255
-0.061723230586795845
-0.3421337872853375
0.026448380715451917
-0.23456804953581933
0.17026823943536581
-0.004983036446787998
0.044194053037283965
0.10619335417835292
-0.0034163861726820227
0.136107732580387
0.09171162617340187
0.4741534889346762
0.702542688512797
-0.26543253086672136
0.010895886485425547
-0.002184030698666255
-0.5828287943836401
0.02392486091778359
-0.004795629137257736
0.6824415366320512
-0.005257868770406191
0.0010539157891820857
0.554571470899245
-0.00004326277101992342
0.55436430956653
0.013423216545019306
0.10465217653651439
0.2539394379415459
-0.09127794136922208
0.00048649135999199273
0.06022357623960349
-0.3469145017525075
0.0018489780249955254
0.22888807121981053
0.1720591442520025
-0.0003532470468115316
-0.04372904064610655
0.105783049858865
0.00023306617278993924
0.13463281708737126
0.00028858964589746893
0.005001240186610284
0.033181950661812815
-0.007200782944326728
0.00015096122930490627
0.0026556991153178283
-0.08031056653228014
0.0016836755035698524
0.0296190986646094
0.011428807472483309
-0.00015883429214974749
-0.0027942014720365627
0.003855812851547252
0.00005857919790188281
0.004883004007633426
0.0000423907210006553
0.0010869323387375858
0.011995674495351386
-0.00185814173078701
0.00007641718800356913
-0.000015254655247409796
-0.03524184163174144
0.001449341776756798
-0.0002893224641956293
0.0028659489452461705
-0.00008762404428690871
0.000017491805468137974
0.000738907617827746
-0.0000007193609426200315
0.0007354476279371409
0.00011929315951590305
0.00482138042548179
0.03667967059294821
0.16899772803910248
0.6582920493393297
0.9999999999999999
0.036651793222158446
0.1689183404772342
0.00011931618545954168
0.004821960227339693
0.000006894295191034996
0.0008146443262374825
0.00000000000007701029733437627
0.0000001300235170036776
0.00047686527105772524
-0.00000024250284991255875
0.00000003284543569285133
-0.00000042951527432029657
-0.0011205590148766838
0.00015177243927833473
-0.001984707449171774
0.00000003558981169528261
-0.000000004242822703212226
0.000000055482812720283375
0.000000004839068807184231
-0.000000007514786559909229
0.0000001025342430037028
0.00000000005640942147125368
0.000004904438382934453
0.002506237599119044
-0.0000024627021965015893
0.0000009641053334472012
-0.00001615116978800223
-0.0015885148158206017
0.0006218760873190909
-0.010417976049853677
0.0000005259642242837417
-0.0000000715160361119258
0.0000011980720381232793
0.00000037128158146028415
-0.0000004690244900294697
0.000008200614718668137
0.00003464944302371143
0.007023068008979157
0.07019540496223847
0.0012051809171782042
0.0007638470601991809
-0.015195605634664506
0.014909556723950446
0.009449719050586752
-0.18798816089394765
0.0023594357513851702
0.00008381169398916892
-0.0016673094861430733
0.0022803196108345993
-0.0010567454489857947
0.02324958467808469
0.03212859710734046
0.27100053395590107
0.37533041517566373
-0.17986161738498063
0.024349980610121003
-0.3185593748651183
-0.252486278330207
0.034182034338670175
-0.4471875220310764
0.312598213255745
-0.017381070558640688
0.22738839345710565
0.1865656687039088
-0.030784238750593194
0.5869483450480978
0.00003467042265636731
0.00702536150394993
0.0702059305117516
-0.013632826203206758
0.0009197505871105136
-0.006810399347727858
-0.168624083962256
0.011376371847884058
-0.08423765801089918
0.019144226008520254
-0.0011412628669342328
0.008450612582888217
0.002305072937084364
-0.0005701279961103491
0.006449655167378028
0.000000000056467845808828295
0.0000049072281308444524
0.00250688982311358
-0.000012560235956055067
0.0000010705539711387158
-0.000010451860779276948
-0.008099222489115699
0.0006903257891965663
-0.006739677994330752
0.000005093230873023825
-0.000000404834868888765
0.000003952418843228922
0.000000378025864888259
-0.00000033687883754941596
0.000003632481757061948
0.0000000000003626242022465588
0.000006888073349454902
0.00000000042231898109553905
0.00011932520782244961
0.000572262759951809
0.03665179322215844
0.9999999999999999
0.6582920493393296
0.0005728985454970286
0.036668340781645756
0.00000000042201276807718264
0.00011929021340022573
0.00004237527038566814
0.0010866167027908215
0.011993354383704214
-0.0009120848928702443
0.00012353597372564038
-0.0016154630475716857
-0.017300502091757028
0.0023432406221771873
-0.030642237419062416
0.0012485750566516836
-0.00006955057948184707
0.0009095034239957701
0.0007444927187907812
-0.00012318633053612645
0.0023459633559690875
0.00028854078072860427
0.0050005671704532045
0.033178970993978055
-0.0011549548492857246
0.0004521448560320703
-0.007574554444621501
-0.012881854948999402
0.005043023504289761
-0.08448322609256735
0.004046852476984343
-0.00007631274987056551
0.0012784289614308497
0.0038817949811713695
-0.0005004828362518784
0.0122362560759948
0.013422886584235297
0.10465014792057213
0.2539361314301494
0.008635049025108914
0.005472918396309109
-0.1088756034477996
0.032818932594442296
0.020800731926485638
-0.41379974570410744
0.10637208987566414
0.0003759494980936858
-0.007478958301013876
0.10601720296292687
-0.004740184838768886
0.20007787996636395
0.09172436887390664
0.4742051129501572
0.7025943624747781
-0.13032862580305726
0.01764411750204332
-0.23082971323440754
-0.28616025145554874
0.038740875766815126
-0.5068287060924482
0.5852983671724136
-0.004180095209959778
0.054686224941304026
0.5549879191477795
-0.0074035168610279405
0.6512787489842196
0.013425198644012398
0.10466436235874484
0.25395929959670116
-0.09765966267405692
0.006588694870939557
-0.04878675140876312
-0.3711535849467655
0.025040202418384963
-0.1854130680719551
0.1816557132342279
-0.005118034240483311
0.037897075078298696
0.1061399276099549
-0.002556759437367246
0.12472645520295689
0.00028862751822331155
0.005001761782992761
0.033184259852259625
-0.005888563640699415
0.0005019034046740776
-0.0049001027988516445
-0.0656729480456824
0.005597540967596105
-0.054649013946848436
0.008919033440305644
-0.00043180307661777937
0.004215710522349463
0.0038897235021937353
-0.0003593201319356408
0.007360976042309252
0.000006888073349454905
0.0008141853250619092
0.00011932520782244964
0.004822187402279212
0.036651793222158446
0.1689183404772342
0.6582920493393297
0.9999999999999999
0.03666834078164578
0.16896546645578475
0.00011929021340022574
0.004821306238138273
0.000000000056431500742410555
0.000004905492815993091
0.002506484141984146
0.0000027986239498508037
0.0000007468129936511275
-0.00001611133546868543
0.0018049838567663408
0.0004816600664178158
-0.010391071095305418
0.0000005792486803394563
0.00000006294330693126932
-0.000001357904511704101
0.00000036016993020137974
-0.00000036235691241482257
0.000008160663542138918
0.00000000000007701066842424397
0.00000013002386228557758
0.000476865849304254
0.0000002513906559703771
0.00000001249557937083698
-0.00000042546172694220834
0.0011616261821118812
0.00005773958503665207
-0.0019659739523526405
0.000000037928004398517397
0.0000000016732761708727843
-0.000000056973346187716306
0.000000004347591292016608
-0.000000002831907043492777
0.00000010068796484334488
0.000000000056513810652523284
0.00000490942202538334
0.002507402599566367
0.00001278063688226536
0.00000002696844906480952
-0.000010248492162149162
0.008239347627467654
0.00001738586495067024
-0.006606939103206681
0.000005259830445619916
0.000000010373524675435996
-0.000003942124594357675
0.0000003437278759216012
-0.00000000831828548994992
0.000003504802994617663
0.000034703981073442744
0.007029028778152019
0.07022275689196969
0.01377879985903224
-0.00021023907288287644
-0.006588198833243559
0.17038022261421892
-0.002599687955878861
-0.0814656425319189
0.01950243660563241
-0.00026355347178949243
-0.008258896177249305
0.002233500592049118
0.00012601552334782056
0.006178389949422162
0.032124669246313874
0.2709831870538045
0.3753193499642847
0.1864127529368091
0.009243607586719254
-0.31555532847692785
0.261694051176146
0.012976564525449215
-0.44298982220030636
0.3221145811919473
0.006838832864742548
-0.23346189577900262
0.1845372341448871
-0.011576622935042327
0.5793971810230287
0.00003465999484060708
0.00702422161464478
0.0702006994436903
-0.0008898888525635585
0.000848860590813372
-0.015215118702017345
-0.011008005122146338
0.010500481835167578
-0.188212386438349
0.0022997280379785713
-0.00006876376122120012
0.0012325331163922102
0.0022932341079161408
-0.001175707265422802
0.023301213665411286
0.000000000421133314719813
0.00011918962420138488
0.0000000000003631125583568703
0.0000068918159395441705
0.0000000004222400197216767
0.00011931618545954167
0.0005728985454970286
0.036668340781645756
0.9999999999999999
0.6582920493393296
0.0005720256683488347
0.03664561965316044
0.000288573567385093
0.005001018741115012
0.033180970263133214
0.001312333304863306
0.00035019623273262255
-0.007554942178819174
0.014636722583707384
0.003905810428929656
-0.08426182007081205
0.0041039527294994115
0.0000671541672260839
-0.0014487473109031951
0.003870217774351303
-0.0003865983196339461
0.012192558591843653
0.000042375329833600455
0.001086617917279756
0.011993363311349085
0.0009455116512726991
0.00004699743448667142
-0.0016002146875413886
0.017934536682086392
0.0008914509002936241
-0.03035299350811195
0.0012869035036833928
0.000027429167533241696
-0.000933935165464721
0.0007364368246215394
-0.00004642201573576115
0.002315695701520575
0.00028869571340806987
0.00500270096509311
0.03318841756023421
0.005990358628142552
0.000012640268480452179
-0.004803527712626777
0.06680384540517259
0.0001409629362557622
-0.05356843264879487
0.00909555545820179
0.000011060839390123248
-0.004203316457837703
0.0038537285333990496
-0.000008869426996534492
0.007224245814840123
0.013428894860229586
0.10468708543868373
0.2539963339055776
0.09867512155912184
-0.0015056003632708125
-0.047180547462544555
0.3749835520344414
-0.005721557402139787
-0.17929472996731277
0.18325033686840794
-0.0011814479622095277
-0.03702268079589141
0.10583777567448502
0.0005648978260660704
0.12352178287334711
0.09172127619905063
0.4741925838599296
0.702581821427937
0.1350817777183278
0.006698269971732707
-0.2286634045558232
0.29659953991219185
0.01470741520715144
-0.5020770508915987
0.5875763441734271
0.0016448153214618391
-0.0561501809957277
0.5544874629586654
-0.0027843064965824365
0.649455669274264
0.013424049572523215
0.10465729798511858
0.2539477854753052
-0.0063753855778613
0.006081448882853452
-0.10900490331893553
-0.024230112662985016
0.0231129850557455
-0.4142809961811939
0.10611014535536667
-0.0003084114502514271
0.005528018234584843
0.10608101951418496
-0.005273149350189914
0.20030363513489474
0.0001191896242013849
0.004818772844954761
0.000006891815939544161
0.000814461444198201
0.00011931618545954168
0.004821960227339693
0.03666834078164578
0.16896546645578475
0.6582920493393297
0.9999999999999999
0.03664561965316045
0.1689007566078479
0.00003470874720149654
0.007029549489034997
0.07022514565990377
0.012750508205615279
-0.00006937703652929463
-0.008411611709177374
0.15765850757368755
-0.0008578387514214345
-0.10400857181317863
0.017019826887147982
-0.00008047496256223488
-0.009757178617715748
0.002230116293623296
0.00005308997307934682
0.008666566784181238
0.00000000005646627996732603
0.000004907153379288884
0.0025068723493304407
0.000015360578808354834
-0.00000032250909739025174
-0.000005664607546316193
0.009905050575197381
-0.00020796540029300095
-0.0036527415363012605
0.000007447333963246549
-0.00000014915105669413572
-0.00000261971587197829
0.0000003466455712810834
0.00000005500327896700692
0.0000013096014539655278
0.00000000000007721503085786364
0.0000001302138986449981
0.00047718397841799604
0.0000004946032483227454
-0.000000020354148238654066
0.000000004073383497250656
0.002283651798097653
-0.00009397792550205338
0.000018807376577858165
0.000000134430951678492
-0.000000005356364958046719
0.0000000010719450585470408
0.000000004492382951659951
-0.00000000004411319314894972
0.00000000428078344555101
0.00000000005644727650657369
0.0000049062461003264716
0.0025066602540069665
0.00001523694000096523
-0.0000009370284960042871
0.000005916225629603094
0.009826308477676352
-0.0006042900381262881
0.00381537618815407
0.000007334381985502461
-0.00000042992322858795176
0.0000027144562140638614
0.0000003698762980281634
-0.00000016693134077922618
0.000001397411033139486
0.00003467012212356037
0.007025328654214871
0.07020577976739958
0.012565855827603108
-0.000972101002860716
0.008615899570396192
0.15542715801816795
-0.012023924056915757
0.10657012163508733
0.016600008358044073
-0.001111820925258648
0.009854261444133112
0.0023140751053231366
-0.0007623306811503269
0.008984732946431092
0.03212587746876407
0.2709885231287258
0.37532275377008006
0.36630294437016553
-0.015071438693820188
0.0030477798249472303
0.5142245566206618
-0.021157634682109825
0.004278543902658665
0.7167249400536446
-0.021910493435077182
0.004430788672712999
0.18510407121303277
-0.00018230363930294937
0.18423943554711592
0.0005722710263415094
0.03665200844118248
0.00000000042177271327475325
0.00011926276905406442
0.00000000000036343628207680614
0.0000068942951910349946
0.00000000042201276807718264
0.00011929021340022573
0.0005720256683488347
0.03664561965316044
0.9999999999999999
0.6582920493393296
0.013429419606467307
0.1046903112914588
0.25400159122163574
0.09130717121273949
-0.0004968132132822041
-0.06023606730959167
0.3469801463745215
-0.0018879603778744723
-0.2289055632159537
0.17212033697491688
-0.00036073001100279906
-0.04373667334611087
0.10582527705482503
0.00023797645830826765
0.1346767456651078
0.0002886251943871362
0.0050017297783803445
0.03318411816502864
0.00720149970347842
-0.00015120193048726296
-0.0026557377865819363
0.08031581255934464
-0.0016863023547387525
-0.029618516566883708
0.011430022707445022
-0.00015908862697597653
-0.002794261136177288
0.003856232806790204
0.000058668012979500275
0.004883348085824837
0.00004240803751745038
0.0010872860646809336
0.011998274324551961
0.0018587059242026736
-0.00007649035068325896
0.0000153076674355942
0.03524856959940579
-0.0014505659096655543
0.00029029518547403336
0.00286685003520032
-0.00008770771974995929
0.000017552548700244387
0.000739172839963094
-0.0000007223308367312633
0.000735708006941746
0.00028859698805612326
0.005001341307552445
0.033182398346598835
0.007144291152682636
-0.0004393535968108336
0.002773997825033773
0.07967994864307464
-0.004900090335329094
0.03093826938333772
0.011310339519081019
-0.0004586317747968895
0.002895716696102809
0.003880772118128342
-0.0001780783451553807
0.004976921495256381
0.013425165530898038
0.1046641587845271
0.25395896779753574
0.09001659607486709
-0.006963729690918934
0.06172074246994706
0.34210650317282576
-0.026465533218115202
0.23456860512768818
0.17024613755426438
-0.004986018453862143
0.04419194520754304
0.1061801308705541
-0.0034187113750144484
0.13609504103239253
0.09172222754549345
0.47419643797865385
0.7025856792359642
0.26543333160794474
-0.010921184899302777
0.002208506279779474
0.5828111714204777
-0.023979612981927908
0.004849210625547644
0.6824860930251401
-0.005269622032663339
0.0010656346777852177
0.5546276743287721
-0.000043845259676697386
0.5544197235964511
0.036652008441182486
0.16891895345434446
0.00011926276905406445
0.004820615117574961
0.000006894295191034996
0.0008146443262374825
0.00011929021340022574
0.004821306238138273
0.03664561965316045
0.1689007566078479
0.6582920493393297
0.9999999999999999
