16.207563176063626
-1.2475685501847642
0.08995043185668533
0
0
0
0
0
0
-0.8320085923679483
0
0
-0.8320085923679483
0
-0.8320085923679483
-0.0000719775640224566
-0.02797578093377165
0.007328397331683131
-0.03183311797539066
0.001309967157630995
-0.00026107737081410584
0.05576899965119729
-0.002294954519173403
0.0004573860409502035
-0.12032088403492874
0.0043483942618061265
-0.0008666380180008033
-0.014830803807451585
0.00003566308967953178
-0.014658970369695386
-0.00000000000007580514561400233
-0.00016680054752652072
-0.0038516231191994413
-0.000485370544924777
0.00003503905492619269
-0.00028576972536627297
-0.005555986327841272
0.00040108843057333357
-0.0032711764313840437
-0.00020289525087104518
0.000014378437321359778
-0.00011726692095937834
-0.000004759199701685339
0.000008465536542103018
-0.00007276400404589946
-0.0000000000000000018330045259671246
-0.000008651510733657683
-0.0020047915671004557
-0.000017074591179292846
0.0000023130573002940844
-0.00003024237979061975
-0.0027248416431333916
0.00036912830231851086
-0.004826217797874635
-0.0000014506679878913027
0.0000001889683189957155
-0.0000024706917856020342
-0.00000008133547922184006
0.000000334699180288081
-0.00000443180595291902
-0.00000000000007568456321979636
-0.00016672752524714786
-0.0038513201113331407
0.000005852932098433892
0.000029873365383427744
-0.0005632861841309418
0.00006702849218395898
0.0003421134235689229
-0.006450822076076366
-0.000003747843107161849
-0.00000014786030819613173
0.0000027880243059065546
-0.000004473552622842609
0.000014230076034968853
-0.00027203833232445696
-0.00007209563318388967
-0.02798275182094986
0.007333390311118654
0.016200647594635187
0.0008061390943096946
-0.027420180044794244
-0.028391137902658094
-0.001412734031869764
0.04805302432634033
-0.04203428510212266
-0.0013620467707649473
0.046328937459343425
-0.014729563366235793
0.0023053132577350206
-0.09307518503689838
-0.0348117846577454
0.02381485035387025
-0.0002884986822354837
-0.004545316978978924
-0.0000000012472316169812282
-0.00044183591703372555
-0.0000000000022313359291066704
-0.00009006056216836716
-0.000000001247044052960919
-0.0004418197730116603
-0.0002892010448810348
-0.004545609284815922
-1.2475685501847644
0.9322455970840973
0.3067182998116485
0
0
0
0
0
0
0.8244379775695391
0
0
0.8244379775695391
0
0.824437977569539
-0.02797578093377176
-0.017728860538566538
0.05419335258541164
0.08652958714472044
-0.0035607858900464015
0.0007096671185913573
0.2261974849041104
-0.009308270606485635
0.0018551448428388265
0.2374012177953701
-0.014262582193819949
0.002842542607645609
-0.10860258252519353
-0.00011697369585540355
-0.10916619023463486
-0.00016680054752652072
-0.010188480033145429
-0.016925841761258748
-0.015133434622204837
0.00109248748712504
-0.00891005336243913
-0.004325649542765669
0.00031227002442827593
-0.0025467958342187003
-0.026093743808685926
0.0014777915503947513
-0.012052496461290665
-0.00572965446417216
0.0008700735755820462
-0.012719073620093597
-0.00000865151073365768
-0.0023048141273869322
-0.012560715840536685
-0.002412391584039762
0.0003268013802519803
-0.004272808743831183
-0.010009083310548922
0.0013559084945350811
-0.0177280085745579
-0.0024541372135426635
0.0002201525432753038
-0.0028784141338634747
-0.0008588325827173811
0.0003899324297542758
-0.005927233171338084
-0.0001667275252471473
-0.010186345112175369
-0.01692560573943262
0.00018253254651449057
0.0009316461159448514
-0.01756693224467143
0.00005223549221758059
0.00026660995185922746
-0.0050271437618952365
-0.005624381615661337
-0.000015202693900682471
0.00028665894605154767
-0.00569899758097552
0.0014631072583462042
-0.03320945994935827
-0.0279827518209498
-0.017703950503207173
0.054213603054077394
-0.04407398619046519
-0.0021931075966349404
0.07459681037902043
-0.11514325098604632
-0.005729491708498326
0.19488410290622243
-0.019377262463606392
0.004469417000757675
-0.15202366405636555
-0.10897491075786583
-0.00756464938454825
0.1481082239373791
0.039990259588865575
0.11346873220653467
-0.014133602137421862
-0.013714118450295059
-0.000030740176910846595
-0.004444402206429949
-0.0000010922589640464506
-0.0013813984634098273
-0.00003073776219601974
-0.004444285975863532
-0.014148670186694147
-0.01370654010756217
0.08995043185668512
0.30671829981164855
0.2530716
0
0
0
0
0
0
0.3587416813367076
0
0
0.3587416813367076
0
0.35874168133670764
0.007328397331683018
0.05419335258541158
0.0864226528038334
0.10323065939344185
-0.004248053036166379
0.0008466399415439232
0.19482427006994024
-0.008017228959423722
0.0015978393395192387
0.14403575988281703
-0.0044979963076747335
0.000896453810386307
0.03491640161137541
-0.00003689004171212719
0.03473865642038588
-0.003851623119199441
-0.01692584176125877
-0.007278655598578116
-0.0034557801285393834
0.00024947387311173195
-0.0020346462070786942
0.03554814103655081
-0.002566231674599839
0.02092954054900683
-0.016218020202914792
-0.0006188886876271435
0.005047500586646667
-0.024746357319053683
-0.0003643806822330183
-0.021819237829482377
-0.002004791567100447
-0.012560715840536692
-0.013626031962689217
-0.004674270863227603
0.0006332131897162262
-0.008279031293082571
0.002945087873951216
-0.0003989645746313307
0.005216316166257437
-0.015980942253151977
0.00010954636398184583
-0.0014322787177815446
-0.015187129839494003
0.00019402764666121117
-0.017709130482441604
-0.0038513201113329915
-0.01692560573943257
-0.007280594071879778
0.00004171010859230295
0.00021288839392033233
-0.004014180843637824
-0.00042876128606468534
-0.0021883976006326763
0.04126398609597322
-0.024788444764014837
0.000006365808054928485
-0.00012003239950192813
-0.024757200899202036
-0.0006126453660944011
-0.013237773876363934
0.007333390311118718
0.05421360305407746
0.08644009382997955
-0.05254917906432739
-0.002614830510334845
0.08894137982651674
-0.09916470209866145
-0.00493440417553295
0.16783983292952553
0.06306999380992018
0.0014090049846428698
-0.04792618375120973
0.03482390868573289
-0.0023847917274439157
0.11587059065606801
0.09358400135554609
0.13292474225845222
-0.014419364502332797
0.005424201167669958
-0.0027448864383433484
-0.010426362246993276
-0.0007318849659930558
-0.0057813032965192855
-0.0027448039467450618
-0.010426241872498156
-0.014416272195812381
0.005444024397734764
0
0
0
2.1783324808668
0
0
0.3766731073477451
0
0
0
0
0
0
0
0
0.031833117975390894
-0.08652958714472066
-0.10323065939344182
-0.2938808085586298
0.012964768820219574
-0.0025838874944901645
-0.1883640089606464
0.011690016729382052
-0.0023298285111202862
-0.6648657176115123
0.03484420933206238
-0.006944475292771779
0.07992760851135645
0.0003196377243359708
0.08146770078891198
0.000485370544924777
0.015133434622204827
0.003455780128539346
0.018302555950048413
-0.0015828720637020394
0.012909506717201525
-0.03248561107890496
0.0021899997966129932
-0.017861087913146296
0.034336798225093126
-0.00206343051012461
0.016828820624094687
0.010693485499359463
-0.0014174521510765103
0.022080071065653316
0.000017074591179292846
0.002412391584039761
0.0046742708632276
0.0016400894983929402
-0.0003362516762462415
0.004396367914006469
-0.003539864265945699
-0.000118350143668532
0.0015473849232541881
0.0019268235937049034
-0.00019143822699256054
0.0025029849309897326
0.0011090013532851013
-0.00047323528520304707
0.00726018503295674
-0.000005852932098433875
-0.00018253254651449054
-0.000041710108592304954
-0.003619885432934107
0.000016284540301529088
-0.0003070580247334135
-0.0021545790700620276
-0.000022527590765256003
0.00042477573172468997
-0.000011964807215187604
0.0002930993464311255
-0.005526622471335301
-0.00012839924024544657
0.000028756044435822833
-0.000669092394354628
-0.016200647594635093
0.044073986190465306
0.05254917906432733
-0.06045126874140097
-0.004062856481098418
0.13819483138114583
0.022143951144876012
-0.0036618748337958395
0.12455575961139134
-0.018782554432680343
0.0036727439862320804
-0.1249254651855782
-0.04117697975466107
-0.010520394613148278
0.3163565803470998
0.11430537634960176
0.06478511154927172
0.02092367495539521
-0.009731853282737755
0.00008655871030443111
0.004844777196639151
0.0000018945979986484924
0.0009676991226249843
-0.000015899255012029967
-0.0008899454235064218
-0.01937573185478941
0.009023665235985783
0
0
0
0
2.1783324808668
0
0
0.3766731073477451
0
0
0
0
0
0
0
-0.0013099671576310091
0.003560785890046406
0.004248053036166376
0.012964768820219574
0.020638625658356894
0.00010632975881948707
0.01169001672938205
0.09523051545371831
0.00009587495748419373
0.03561826630330278
0.0987377342016302
0.0003196377243359706
-0.011547431873563616
0.0008097914902785058
-0.0033524838039329418
-0.000035039054926192685
-0.00109248748712504
-0.00024947387311173076
-0.001582872063702041
-0.0035095515271887706
-0.0009319414201456769
0.0021899997966129923
-0.0023072334107006338
0.0012893976508757485
-0.0031669157947937883
-0.004592293613820316
-0.0014174521510765068
-0.00008383479413546152
-0.00270378682543686
-0.001593967394464711
-0.0000023130573002940865
-0.00032680138025197974
-0.000633213189716224
-0.0003362516762462411
-0.0007965112705910756
-0.0005955662886150868
-0.0001183501436685302
-0.004397472038467045
-0.0002096208310649773
-0.00041251535707540545
-0.0005229519990058174
-0.0004732352852030476
0.0000012588307952276506
-0.0009262484120485236
-0.0009835212928747824
-0.000029873365383427612
-0.0009316461159448514
-0.00021288839392033596
0.00001628454030152909
-0.0035399596841007527
-0.001567224155774723
-0.00002252759076525604
-0.002265146180215891
0.002168055331313346
-0.0006478646590769939
0.00005595891159387176
0.00002875604443582312
-0.00006855343803545047
-0.0053854856420197965
-0.003415047575415523
-0.0008061390943096903
0.0021931075966349295
0.0026148305103348476
-0.004062856481098423
0.02099612943196221
0.006876531049584068
-0.003661874833795845
0.09555293790991048
0.006197855157187277
0.004151414227675997
-0.050796619777593
-0.010520394613148298
-0.007134981662413655
0.08597511005855109
0.01574180326250511
-0.01549903407309104
-0.008784421900332288
-0.0003159669444221776
0.0001469600322059445
-0.000005317478650486038
-0.0002976245743367033
-0.0000002566109913794921
-0.0001310685598691658
-0.00000424271729432952
-0.00023748199751895302
0.00010542566892192942
-0.00004909883924700483
0
0
0
0
0
2.1783324808668
0
0
0.3766731073477452
0
0
0
0
0
0
0.0002610773708141025
-0.0007096671185913409
-0.0008466399415439066
-0.002583887494490196
0.00010632975881948837
0.021150948291026227
-0.0023298285111202424
0.00009587495748419195
0.09569246431141053
-0.007098745388578839
0.00031963772433597277
0.10027782647918579
0.000655521394471494
-0.004126540775173358
0.0023140422222740565
0.0002857697253662731
0.00891005336243913
0.0020346462070786834
0.01290950671720154
-0.000931941420145677
0.003976860423438967
-0.017861087913146265
0.0012893976508757468
-0.01266513979189638
0.02582856925915015
-0.0014174521510765092
0.006794291952473539
0.006295961809618626
-0.0004904821097955277
0.007387771146797111
0.000030242379790619753
0.004272808743831183
0.008279031293082568
0.004396367914006471
-0.0005955662886150878
0.006944749259295013
0.0015473849232541899
-0.00020962083106498087
-0.0016727888305932664
0.005393487699829736
-0.0004732352852030475
0.00562823168066583
0.001964254356791477
-0.000762444162791938
0.010878468747604716
0.0005632861841309397
0.017566932244671447
0.004014180843637891
-0.0003070580247334136
-0.0015672241557747235
0.025928188269040572
0.00042477573172468997
0.002168055331313343
-0.043030581704119365
0.012216006029478688
0.00002875604443582307
-0.00048473424251531427
0.012357142858794195
-0.0024740835699073984
0.053328938930639884
0.02742018004479416
-0.07459681037902055
-0.08894137982651666
0.1381948313811458
0.006876531049584051
-0.21270143779002787
0.12455575961139133
0.006197855157187266
-0.11507996140878615
-0.14120705268719452
-0.010520394613148276
0.3067369403241681
0.06969352255693467
0.015263133021061177
-0.36244771293647715
0.20253064726359502
0.11478874392563887
-0.010001321030431025
0.004651734894047241
0.000033602637578600505
0.0018807730812435604
0.000003355666869109438
0.0017139656472641527
0.0000915300647000641
0.005123306855034121
0.012782324462318398
-0.005952983750505525
0
0
0
0.3766731073477452
0
0
0.421786
0
0
0
0
0
0
0
0
-0.055768999651196964
-0.22619748490411032
-0.19482427006994024
-0.1883640089606469
0.011690016729382052
-0.002329828511120269
-0.1390908353136265
0.013157010156597523
-0.0026222013272995835
-0.3200033680556893
0.007000116354496465
-0.0013951280859054028
-0.2516982901999134
0.00009161408102644251
-0.2512568712810505
0.0055559863278412695
0.004325649542765688
-0.03554814103655076
-0.03248561107890494
0.002189999796612992
-0.017861087913146282
-0.11103433655149303
0.00961153407677377
-0.07838925619580539
-0.02459925038848647
0.00393850623635642
-0.03212146697129037
0.02431437955337141
0.0025454659491326273
0.0038663060054399566
0.002724841643133371
0.01000908331054893
-0.0029450878739512264
-0.0035398642659456936
-0.00011835014366853165
0.0015473849232541929
-0.018741152197512687
0.0029155299670948725
-0.038119489968798374
0.012010676868489348
0.0004604983057495198
-0.006020847236963488
0.016125165256453602
0.0006324276117422431
0.007904775683741455
-0.00006702849218395492
-0.00005223549221757271
0.00042876128606468534
-0.0021545790700619838
-0.0000225275907652564
0.0004247757317246955
0.022083365058006323
-0.0000988870346398029
0.001864594085311171
-0.00042560396689417305
-0.00032762226065880234
0.006177579615627291
-0.0002943816223954411
-0.00005163831430105015
0.0006765614812232882
0.028391137902658153
0.11514325098604634
0.09916470209866146
0.022143951144876026
-0.003661874833795844
0.12455575961139148
0.09784071310885865
-0.004121073898280387
0.1401750505171991
0.06050973200786339
-0.0007861823029309218
0.026741365660794065
0.127984943701852
-0.0030140196605146466
0.23041581431707747
0.131979775415955
0.10130751429844916
-0.010878800410292142
-0.06983706135799221
0.008152993671098265
0.011896944870482007
0.0014232133446022257
0.005486506927122203
-0.0014976321171684744
-0.0021854270887204565
0.01010050948968299
0.06465813273013644
0
0
0
0
0.3766731073477452
0
0
0.421786
0
0
0
0
0
0
0
0.002294954519173397
0.009308270606485635
0.008017228959423724
0.01169001672938207
0.0952305154537182
0.00009587495748419314
0.013157010156597525
0.18009228687104792
0.00010790641438624946
0.021509228842777856
0.1008832893207063
0.0000916140810264428
0.00201691135049458
0.0008273881294094149
0.010339491398918071
-0.00040108843057334046
-0.0003122700244282795
0.002566231674599839
0.002189999796612989
-0.0023072334107006546
0.0012893976508757472
0.009611534076773778
0.02141339508222486
0.005658945484411088
0.00254559683581172
0.005019418653389078
0.0025454659491326273
-0.0025250319190839965
0.002955263571463016
-0.00027910986750766904
-0.0003691283023185101
-0.0013559084945350785
0.0003989645746313329
-0.00011835014366853024
-0.0043974720384670415
-0.00020962083106497838
0.002915529967094871
0.0023858281617375604
0.005163963437247461
-0.001833930048098625
-0.0008119102440772297
0.000632427611742244
-0.001977570581324732
-0.0014380489523553816
-0.001070842570136581
-0.0003421134235688978
-0.00026660995185921906
0.002188397600632678
-0.00002252759076525639
-0.002265146180215862
0.0021680553313133534
-0.0000988870346398029
0.021598020053041463
0.009516888196461947
-0.0015159650068661441
-0.00006155584886955367
-0.000051638314301050426
-0.0021588414350890562
0.005924134884453874
0.0034531697947332114
0.001412734031869787
0.0057294917084983014
0.0049344041755329665
-0.00366187483379584
0.09555293790991054
0.006197855157187269
-0.004121073898280405
0.18045518601890154
0.006975066126749835
0.008144852360888653
-0.051498406337026965
-0.0030140196605146583
0.0012345830148397323
0.08716290910795868
0.011465417958335802
-0.017895562758784567
-0.013736612100987065
0.0001642800001408179
0.0010546045535380062
-0.0005008550801084829
-0.0007308536614316789
-0.0001927650021605761
-0.0007431117222669931
-0.00039964323355064875
-0.0005831813690512441
-0.00005495807731974308
-0.0003518126151520059
0
0
0
0
0
0.37667310734774523
0
0
0.421786
0
0
0
0
0
0
-0.0004573860409502784
-0.0018551448428388907
-0.0015978393395192708
-0.002329828511120314
0.00009587495748419485
0.09569246431141051
-0.0026222013272996555
0.00010790641438625238
0.1806122062136106
-0.004286804353680691
0.00009161408102644533
0.10132470823956916
-0.0020642881383658067
-0.004169621089363288
-0.0003983515726715607
0.0032711764313840585
0.002546795834218729
-0.020929540549006823
-0.01786108791314625
0.0012893976508757462
-0.012665139791896379
-0.07838925619580545
0.005658945484411088
-0.02404568226603132
-0.020761247990149893
0.002545465949132629
-0.015428654894542367
0.01431548255260345
0.001113799533037022
0.008554393074189426
0.0048262177978746
0.017728008574557915
-0.0052163161662574335
0.001547384923254185
-0.00020962083106497946
-0.0016727888305932766
-0.03811948996879838
0.005163963437247464
-0.06473614818030282
0.023977965879607297
0.0006324276117422474
-0.009032299816789423
0.028560764164215435
0.0012235857837115704
0.011296124929493079
0.0064508220760758975
0.0050271437618951385
-0.04126398609597321
0.00042477573172469604
0.0021680553313133586
-0.0430305817041196
0.0018645940853111713
0.009516888196461945
-0.15734579496760748
0.028584732019090835
-0.0000516383143010504
0.0009093872547491855
0.028331287287917416
0.004641512540940577
-0.05273688315429049
-0.048053024326340274
-0.19488410290622263
-0.16783983292952553
0.12455575961139145
0.006197855157187274
-0.11507996140878632
0.1401750505171991
0.006975066126749805
-0.05659107659232291
-0.27704067418424505
-0.0030140196605146453
0.05093246427819831
-0.21661913073708036
0.0025343832945162047
-0.21536130007397297
0.23384682500798584
0.1795005370594041
0.005199964899151782
0.03338146247980637
0.003165043593498575
0.00461846907572204
0.0025207615924660283
0.009717570447987794
0.008621684756776708
0.012581236207388602
-0.00666338647228648
-0.04265548459682873
-0.8320085923679481
0.8244379775695391
0.3587416813367076
0
0
0
0
0
0
4.356341812977847
0
0
-0.33510321638291124
0
-0.3351032163829113
-0.12032088403492965
0.2374012177953697
0.1440357598828171
0.6648657176115108
-0.03561826630330278
0.007098745388578798
0.32000336805568846
-0.02150922884277781
0.004286804353680596
1.70307290197827
-0.10907674426952935
0.02173907143011923
-0.193478751772936
-0.0011681571481291042
-0.19910721695658223
-0.00020289525087104546
-0.02609374380868592
-0.01621802020291474
-0.034336798225093015
0.0031669157947937865
-0.025828569259150138
0.02459925038848652
-0.002545596835811735
0.020761247990149976
-0.0663886845741561
0.0048358488086599465
-0.03943996745558721
-0.013884260496396943
0.00351311043811613
-0.04210555359406444
-0.0000014506679878913029
-0.002454137213542666
-0.015980942253151963
-0.0019268235937049058
0.0004125153570754059
-0.005393487699829744
-0.012010676868489339
0.0018339300480986202
-0.02397796587960726
-0.00143924137351073
0.00019144114245066112
-0.00250302304954007
-0.0006463500303178088
0.0005169795539968903
-0.007366128319684293
-0.0000037478431071618567
-0.005624381615661336
-0.024788444764014872
0.000011964807215187687
0.0006478646590769937
-0.01221600602947868
0.00042560396689417116
0.0015159650068661554
-0.02858473201909084
-0.0030957603786619945
0.0000027378698586950153
-0.000051624724752537396
-0.0015291613546631138
0.0008562358559661182
-0.01762876318470346
-0.04203428510212261
-0.019377262463606253
0.06306999380992015
0.018782554432680666
-0.004151414227675988
0.1412070526871944
-0.06050973200786339
-0.008144852360888627
0.277040674184245
-0.29109928284376063
0.000521859284611223
-0.017750628449970444
-0.15337149319122728
-0.018577343061177497
0.47797588931031787
0.036645603644616574
0.1320238933313008
-0.03877465941601553
-0.00009308862436596763
-0.00005903007520777277
-0.008480156525955605
-0.00000040269425471712614
-0.001674423356255202
-0.000005291903928227919
-0.004527599704118936
-0.034418791504029426
-0.003866672126843773
0
0
0
0
0
0
0
0
0
0
2.345722514680379
0
0
0
0
0.004348394261806174
-0.014262582193819961
-0.004497996307674726
-0.03484420933206243
-0.0987377342016301
-0.0003196377243359718
-0.007000116354496451
-0.10088328932070639
-0.00009161408102644404
-0.1090767442695294
-0.3688353038838094
-0.0010520705874441068
0.03563479169588388
-0.003275059365252926
0.0025140615421125707
0.000014378437321359786
0.0014777915503947508
-0.0006188886876271448
0.002063430510124605
0.004592293613820314
0.0014174521510765085
-0.003938506236356421
-0.005019418653389082
-0.0025454659491326317
0.0048358488086599465
0.006698618768570941
0.002671343243331397
-0.00024027519182853962
0.00439541637673375
0.0026330206768605383
0.00000018896831899571565
0.00022015254327530402
0.00010954636398184561
0.00019143822699256078
0.000522951999005818
0.00047323528520304815
-0.0004604983057495196
0.0008119102440772288
-0.0006324276117422476
0.00019144114245066087
0.00026651980750105533
0.0003119214421774856
-0.00003073414571253039
0.0006023103445420395
0.0007755742771406579
-0.00000014786030819613197
-0.000015202693900682444
0.000006365808054928543
-0.00029309934643112533
-0.00005595891159387161
-0.00002875604443582299
0.0003276222606587991
0.00006155584886955449
0.000051638314301050554
0.0000027378698586950153
-0.0007766196685673149
-0.0005591289965897991
0.000002546493297791481
-0.0001059386593362449
-0.00007964765698809012
-0.0013620467707649501
0.00446941700075766
0.0014090049846428672
-0.003672743986232079
0.05079661977759298
0.01052039461314827
0.000786182302930919
0.051498406337027014
0.0030140196605146405
0.0005218592846112039
-0.07350926289790324
-0.011066387872750683
-0.011214446388164871
0.17680443181871958
0.03291479493266506
-0.023229865973114407
-0.0032866278004533593
0.0004605924123153014
-0.0003982867637019602
0.0000034165016027292245
0.00025128473790732476
0.00000004699460970269394
0.00006907288308038192
-0.0000005007397535188242
-0.00003683233260626637
0.00014219235406130265
-0.00012296974941946364
0
0
0
0
0
0
0
0
0
0
0
2.345722514680379
0
0
0
-0.0008666380180008036
0.0028425426076455814
0.0008964538103862929
0.006944475292771764
-0.00031963772433596946
-0.10027782647918564
0.0013951280859053892
-0.00009161408102644161
-0.10132470823956925
0.02173907143011979
-0.0010520705874441359
-0.37390443579097743
-0.00045407476261170475
0.01666847550039484
-0.007149018372151209
-0.00011726692095937853
-0.012052496461290666
0.0050475005866466695
-0.01682882062409466
0.0014174521510765062
-0.006794291952473538
0.032121466971290355
-0.0025454659491326286
0.015428654894542346
-0.0394399674555872
0.0026713432433313968
-0.014760644173061924
-0.00726497237784567
0.0012033065897269133
-0.012249658412548263
-0.0000024706917856020355
-0.002878414133863478
-0.001432278717781536
-0.0025029849309897356
0.00047323528520304805
-0.005628231680665836
0.006020847236963504
-0.0006324276117422498
0.009032299816789467
-0.0025030230495400705
0.00031192144217748614
-0.0037878821875626844
-0.0009113933699612228
0.000659800206067058
-0.008827119435182263
0.000002788024305906561
0.0002866589460515471
-0.00012003239950192981
0.005526622471335301
-0.000028756044435823057
0.00048473424251531275
-0.006177579615627276
0.00005163831430105068
-0.0009093872547491901
-0.000051624724752537396
-0.000559128996589799
0.00973655161946381
0.00017136636707083233
-0.0000649410396239511
0.0012824377065490825
0.04632893745934341
-0.15202366405636542
-0.047926183751209696
0.12492546518557805
0.010520394613148288
-0.306736940324168
-0.026741365660794054
0.003014019660514653
-0.05093246427819828
-0.01775062844996999
-0.011066387872750626
0.3025797716965373
0.02585983805602951
0.028477102039765757
-0.7639799321255415
0.30355180646706814
0.04294737675917604
0.014579159817398445
-0.012606995308447038
-0.00002158983094981011
-0.0015879386701743822
-0.00000061454208940273
-0.0009032566534296621
0.00001080268583973967
0.0007946006185732934
0.01724009744741011
-0.014909454710632476
-0.8320085923679481
0.8244379775695391
0.3587416813367076
0
0
0
0
0
0
-0.33510321638291124
0
0
4.356341812977847
0
-0.3351032163829113
-0.014830803807451613
-0.10860258252519361
0.03491640161137546
-0.07992760851135655
0.01154743187356362
-0.000655521394471505
0.25169829019991363
-0.0020169113504945706
0.002064288138365739
-0.19347875177293625
0.03563479169588389
-0.0004540747626116089
-0.07859568706969582
0.0002922565654002742
-0.13811721977446975
-0.000004759199701685344
-0.005729654464172155
-0.024746357319053686
-0.010693485499359452
0.00008383479413546198
-0.006295961809618619
-0.024314379553371426
0.002525031919083997
-0.014315482552603447
-0.013884260496396936
-0.00024027519182853962
-0.007264972377845669
-0.0030613014276989654
-0.00014146588889486875
-0.00582231168811545
-0.00000008133547922184012
-0.0008588325827173826
-0.01518712983949401
-0.0011090013532851033
-0.0000012588307952276995
-0.001964254356791481
-0.016125165256453612
0.0019775705813247315
-0.028560764164215442
-0.000646350030317809
-0.00003073414571253019
-0.0009113933699612228
-0.0002747005860724449
-0.00005443607389591858
-0.0017460377340205607
-0.000004473552622842617
-0.0056989975809755185
-0.02475720089920211
0.00012839924024544633
0.0000685534380354504
-0.012357142858794185
0.00029438162239543817
0.002158841435089068
-0.02833128728791757
-0.0015291613546631138
0.0000025464932977914843
0.00017136636707083228
-0.00306982432676436
-0.00024507451453465443
-0.01801967987683738
-0.014729563366235796
-0.10897491075786579
0.03482390868573293
0.0411769797546611
0.007134981662413653
-0.06969352255693467
-0.12798494370185207
-0.0012345830148397063
0.21661913073708045
-0.15337149319122725
-0.011214446388164875
0.02585983805602949
-0.07674679380603461
0.01898085476336161
-0.18186144955393516
-0.13152484566419334
0.10823065773739904
-0.008280683941233201
-0.02646205710824945
-0.000003625635403610913
-0.004405143031458967
-0.00000006209101456759541
-0.0011738032227444615
-0.0000035490428569921706
-0.004399402096057735
-0.008286641848758316
-0.026466086252270586
0
0
0
0
0
0
0
0
0
0
0
0
0
2.345722514680379
0
0.000035663089679531874
-0.00011697369585540253
-0.00003689004171212651
-0.0003196377243359698
-0.0008097914902784981
0.00412654077517336
-0.00009161408102644126
-0.0008273881294094015
0.004169621089363281
-0.001168157148129132
-0.0032750593652529822
0.016668475500394832
0.0002922565654002829
0.03046524918695325
0.0002941898209298421
0.000008465536542103022
0.0008700735755820453
-0.00036438068223301865
0.0014174521510765068
0.002703786825436857
0.0004904821097955266
-0.0025454659491326273
-0.002955263571463005
-0.0011137995330370212
0.003513110438116125
0.004395416376733748
0.0012033065897269124
-0.00014146588889486853
0.0018210197940215565
0.0008843067599227656
0.00000033469918028808124
0.00038993242975427655
0.00019402764666121008
0.00047323528520304815
0.000926248412048525
0.0007624441627919394
-0.0006324276117422483
0.0014380489523553677
-0.0012235857837115769
0.0005169795539968899
0.0006023103445420396
0.0006598002060670573
-0.00005443607389591897
0.000993267775542594
0.0011957904488441018
0.000014230076034968873
0.001463107258346205
-0.0006126453660943961
-0.00002875604443582279
0.0053854856420197965
0.002474083569907399
0.000051638314301050405
-0.005924134884453876
-0.004641512540940565
0.0008562358559661184
-0.0001059386593362449
-0.0000649410396239511
-0.0002450745145346539
0.009417816111684478
0.0065455620439329575
0.002305313257735031
-0.007564649384548223
-0.0023847917274439088
0.010520394613148276
-0.08597511005855102
-0.015263133021061177
0.003014019660514641
-0.08716290910795872
-0.0025343832945162012
-0.01857734306117754
0.17680443181871958
0.028477102039765882
0.0189808547633616
-0.2682958867095013
-0.03801539950528979
-0.041159566956780476
-0.005823373116803209
-0.0002201588673866384
0.0001903773497937845
0.0000013263074823948818
0.0000975503210160608
0.00000008323573386995698
0.0001223402460427233
0.0000028826974598994314
0.0002120392297598228
-0.00009380542728883587
0.00008112412206721559
-0.8320085923679482
0.8244379775695391
0.3587416813367081
0
0
0
0
0
0
-0.33510321638291124
0
0
-0.33510321638291124
0
4.356341812977847
-0.014658970369695414
-0.10916619023463496
0.034738656420386
-0.08146770078891218
0.0033524838039329396
-0.002314042222274052
0.2512568712810504
-0.010339491398918026
0.00039835157267152145
-0.19910721695658223
0.0025140615421125707
-0.007149018372151222
-0.13811721977446972
0.0002941898209298426
-0.07577004578263041
-0.00007276400404589958
-0.012719073620093597
-0.02181923782948241
-0.022080071065653295
0.0015939673944647093
-0.007387771146797097
-0.0038663060054399687
0.0002791098675076642
-0.008554393074189481
-0.042105553594064385
0.0026330206768605353
-0.012249658412548249
-0.005822311688115449
0.000884306759922765
-0.009028642994520473
-0.000004431805952919022
-0.005927233171338092
-0.017709130482441493
-0.007260185032956755
0.0009835212928747837
-0.010878468747604727
-0.007904775683741382
0.001070842570136567
-0.011296124929492455
-0.007366128319684303
0.0007755742771406598
-0.008827119435182273
-0.001746037734020562
0.0011957904488441044
-0.015110197057749936
-0.00027203833232445734
-0.03320945994935826
-0.01323777387636385
0.0006690923943546265
0.003415047575415524
-0.053328938930639704
-0.0006765614812233053
-0.0034531697947332227
0.05273688315429062
-0.017628763184703466
-0.00007964765698809012
0.0012824377065490833
-0.018019679876837388
0.006545562043932963
-0.12153641253568095
-0.09307518503689849
0.14810822393737827
0.11587059065606772
-0.31635658034709996
-0.015741803262505103
0.36244771293647676
-0.2304158143170776
-0.011465417958335776
0.21536130007397392
0.477975889310318
0.032914794932664956
-0.7639799321255409
-0.18186144955393513
-0.03801539950528961
0.5701384986897782
0.4031700681660007
0.18388082165092437
-0.015242430671726098
-0.02044204570367034
-0.000011797061340645114
-0.005006153908572698
-0.0000011441882178577887
-0.002764274429491973
-0.00006560516032206157
-0.00896399187081596
-0.019659297615372485
-0.016630869449744883
-0.00007197756402245661
-0.02797578093377172
0.007328397331683258
0.03183311797539075
-0.0013099671576310016
0.00026107737081410714
-0.05576899965119741
0.0022949545191734144
-0.00045738604095020574
-0.1203208840349289
0.004348394261806129
-0.0008666380180008038
-0.014830803807451588
0.00003566308967953183
-0.01465897036969539
16.207563176063626
-1.2475685501847642
0.08995043185668533
0
0
0
0
0
0
-0.8320085923679483
0
0
-0.8320085923679483
0
-0.8320085923679483
-0.0000721525255909569
-0.027986106384145
0.007335793885315257
-0.015625864833740583
0.002116121808993633
-0.027681346657905774
0.027388001395460854
-0.0037090009208667037
0.048518067253336086
-0.0401329264184561
0.0034487638036418762
-0.045113861585902665
-0.015133614143586969
0.006109513131312272
-0.09458614048673217
-0.00000000000007547319025798677
-0.00016659931740688143
-0.0038507877747727412
0.000005871892879116109
0.000029874132300590424
-0.0005628829267071923
0.00006729956694494248
0.0003423966015858238
-0.0064513740267332954
-0.0000037439328643753072
-0.00000014840798821552652
0.000002796276119853399
-0.000004469810430310586
0.00001422647253164078
-0.00027176735121691386
-0.00000000000000000183458077447443
-0.000008653599434281436
-0.002004912358275936
0.000017705576757079054
0.0000008808993665780218
-0.000029963091237497122
0.002824987105932452
0.0001405505952361596
-0.004780716695148835
-0.0000015554737471598456
-0.00000007461496761984126
0.000002537968770667946
-0.000000059467585262439266
0.00000012627067240734308
-0.000004350751772056879
-0.00000000000007560733482597101
-0.0001666807127777676
-0.0038511257889941104
0.0004909017892311269
-0.000005149155800635594
-0.00027756290255873833
0.0056235127636229286
-0.000058986021240851174
-0.003179614659160286
-0.00020754005589221223
0.0000021379322219288985
0.00011524426449073218
-0.0000037397975507028213
-0.0000012088174987544145
-0.0000688781301269107
-0.00028882672190410654
-0.004545453884458637
-0.034813026360584955
0.023822384988577402
-0.0002890532647107243
-0.004545548038232209
-0.0000000012465790262836695
-0.0004417797391292566
-0.0000000000022313462925399307
-0.0000900606701130149
-0.0000000012477765439402646
-0.0004418828094030926
-0.027975780933771753
-0.017728860538566614
0.05419335258541169
-0.08652958714472045
0.0035607858900463985
-0.0007096671185912939
-0.2261974849041104
0.009308270606485635
-0.001855144842838827
0.23740121779536955
-0.014262582193819937
0.002842542607645607
-0.10860258252519361
-0.00011697369585540348
-0.10916619023463495
-1.2475685501847644
0.9322455970840973
0.3067182998116485
0
0
0
0
0
0
0.8244379775695391
0
0
0.8244379775695391
0
0.824437977569539
-0.027986106384144956
-0.017691956536617745
0.05422335079059412
0.04252746021817545
-0.005759251536239442
0.07533774170615327
0.11107009695334977
-0.015041590144982561
0.19676158022652498
-0.02561824215572885
-0.01131914464087953
0.14806764210996542
-0.10766817299266876
-0.020051956804246658
0.15310197218562752
-0.00016659931740688162
-0.010182595471003187
-0.01692519053921624
0.0001831999864873686
0.0009320573018719733
-0.01756165289279841
0.00005253493591493138
0.0002672793353413374
-0.005036028260553349
-0.005621648584928196
-0.000015269344433073828
0.00028770218987143333
-0.005696332398810309
0.00146372787452528
-0.03319793972776961
-0.000008653599434281412
-0.0023051032997244395
-0.012561159529199754
0.002501245005047711
0.00012444356774325507
-0.004232848967408755
0.01037647113701664
0.0005162569385523391
-0.017560069105197418
-0.002576018255128089
-0.00008691182123477964
0.0029562364647745345
-0.0008334641234771418
0.00014708059867259347
-0.00583196959774794
-0.00016668071277776725
-0.010184976197087806
-0.016925454256998936
0.015311838068934361
-0.00016060858106574277
-0.00865753254755773
0.004385109902993636
-0.000045996194327978444
-0.002479403944769327
-0.02658221005921583
0.000219872169971978
0.011852109365534595
-0.005622703212937834
-0.00012431887401530137
-0.012321749321595734
-0.014140642502731317
-0.013710578548829035
0.04004685814163534
0.11349448204322907
-0.014145501676185907
-0.013708134341247534
-0.00003073177464926477
-0.0044439977416995645
-0.0000010922616614958843
-0.00138139970278783
-0.00003074719135392452
-0.004444739804954072
0.007328397331683018
0.05419335258541158
0.0864226528038334
-0.10323065939344185
0.004248053036166379
-0.0008466399415439232
-0.19482427006994027
0.008017228959423722
-0.0015978393395192363
0.1440357598828175
-0.004497996307674737
0.0008964538103863076
0.03491640161137545
-0.000036890041712127195
0.03473865642038592
0.08995043185668512
0.30671829981164855
0.2530716
0
0
0
0
0
0
0.3587416813367076
0
0
0.3587416813367076
0
0.35874168133670764
0.007335793885315309
0.05422335079059411
0.08644848869241567
0.05069063558351927
-0.0068647438469078385
0.0897988732672963
0.09565289783061953
-0.01295372674386305
0.1694498865730163
0.061109855941446266
-0.003567784522880233
0.04667079170906826
0.03524778927200916
-0.0063203593035891514
0.11744231169522179
-0.003850787774772811
-0.016925190539216265
-0.007283998584305805
0.00004191213217637871
0.0002132342342432735
-0.004017720368823887
-0.00043032186635691405
-0.0021893267864447554
0.0412508941405511
-0.02478607574537224
0.000006391999371255618
-0.0001204368808908226
-0.024754811869344702
-0.0006127406251566973
-0.013242185539791548
-0.0020049123582759087
-0.012561159529199766
-0.013625901389882782
0.004845884722074759
0.0002410956073757403
-0.008200675303947181
-0.003054179327424366
-0.0001519535156553496
0.0051685779626865274
-0.01604198791540766
-0.000043234113695460124
0.0014705739865175094
-0.015175157806707286
0.00007316495311068873
-0.01766165447553454
-0.00385112578899403
-0.01692545425699892
-0.007281837002555435
0.003500384664151885
-0.00003671615462250151
-0.0019791676232751663
-0.035966644733899225
0.00037726050591712826
0.020336056063832774
-0.016012373054824138
-0.00009205781721900594
-0.004962334786485769
-0.024787864971336764
0.00005205080835119702
-0.021983055420900607
-0.014417920706132743
0.005433463582616609
0.09360867508584853
0.13294368101587653
-0.014416923144592515
0.005439856133139211
-0.0027445993818496096
-0.010425943349223397
-0.0007318857004194118
-0.0057813061277420825
-0.0027451260423453686
-0.01042671186498573
-0.03183311797539088
0.08652958714472052
0.10323065939344181
-0.2938808085586299
0.012964768820219564
-0.0025838874944901346
-0.18836400896064645
0.01169001672938205
-0.002329828511120286
0.6648657176115113
-0.03484420933206238
0.006944475292771779
-0.07992760851135654
-0.0003196377243359707
-0.08146770078891208
0
0
0
2.1783324808668
0
0
0.3766731073477451
0
0
0
0
0
0
0
0
0.015625864833740538
-0.04252746021817545
-0.05069063558351927
-0.05476999591519101
0.010289658289173258
-0.13460075733043722
0.027278044318597656
0.009272292909061263
-0.12129242902677255
0.026513782579084173
0.008505795484332467
-0.1112657468026522
0.037954869471110354
0.026898090952031765
-0.31184735437443706
-0.000005871892879116103
-0.00018319998648737754
-0.00004191213217637582
-0.0036185548501280985
0.000016357410407970022
-0.00030820332959451005
-0.00215641848465875
-0.000022622994910522404
0.00042625832469333634
-0.000012000989260543139
0.000293204354413801
-0.005524502719447071
-0.0001288544600669703
0.000028884853410450272
-0.0006715645567141283
-0.000017705576757079014
-0.0025012450050477127
-0.004845884722074771
0.00182586309409785
0.00013274154024629155
-0.00451509790142783
-0.003475053123214082
0.00004669227045997454
-0.0015882004380510435
-0.002150720886560279
-0.00008050576094231386
0.0027383394196651726
-0.0011177978350629166
0.00018505297076111936
-0.007406786972498956
-0.0004909017892311258
-0.015311838068934358
-0.003500384664151918
0.018831627819386812
-0.00023552636343816176
-0.01269594154772547
-0.033210685557077936
0.0003257923786721567
0.01756169006278625
-0.03556311723517972
0.00031197601396082907
0.016816925204124446
-0.01064620197023628
-0.00020499333845535968
-0.02169247179175304
-0.020718227000240494
0.009642184115400174
-0.1186367072322107
-0.06721038791797633
0.01910285027140154
-0.008894138228680997
0.00001399116100116704
0.0007832471017945012
-0.000001964035221357075
-0.0010031638082213872
-0.0000872618972718564
-0.004883365560136547
0.001309967157631008
-0.003560785890046397
-0.004248053036166376
0.012964768820219567
0.020638625658356842
0.00010632975881948578
0.011690016729382047
0.09523051545371831
0.00009587495748419375
-0.035618266303302754
-0.0987377342016301
-0.00031963772433597044
0.011547431873563616
-0.000809791490278505
0.003352483803932946
0
0
0
0
2.1783324808668
0
0
0.3766731073477451
0
0
0
0
0
0
0
-0.0021161218089936346
0.005759251536239453
0.0068647438469078385
0.010289658289173255
0.019817420161578003
0.018228213358083598
0.009272292909061265
0.09449080782907518
0.016425942311695023
0.00976524700812459
0.0472549103249889
0.026898090952031776
-0.018495869092174818
0.08371245802470806
0.04223170971271892
-0.00002987413230059047
-0.0009320573018719755
-0.0002132342342432728
0.000016357410407969276
-0.003538549202219859
-0.0015680304857970675
-0.000022622994910522655
-0.002267069701465004
0.0021686529111262605
-0.0006480681778061298
0.00005615682071725999
0.000028884853410450553
-0.00006855496486651486
-0.005383224157975531
-0.0034166850160054912
-0.0000008808993665780192
-0.00012444356774325507
-0.0002410956073757405
0.00013274154024629146
-0.0008355622000866773
-0.00022463808640491216
0.000046692270459973285
-0.004411218165555087
-0.00007901718080540489
-0.00016469291254317303
0.0005743160784925531
0.00018505297076111868
0.00000207544398908646
-0.0009719132731529748
-0.0003685072811787383
0.0000051491558006355825
0.00016060858106574496
0.00003671615462250343
-0.00023552636343816496
-0.0036201287061904913
0.00013316997920784153
0.0003257923786721572
-0.002154242205858636
-0.0001842076770536768
0.00047418421050168677
0.004818137621126386
-0.0002049933384553567
0.000010513521813893184
-0.0027242440186292507
0.00022753617812551707
0.001397773371663595
-0.0006505184155491498
-0.005922248989546747
-0.0033550884984964316
-0.0014767306694177366
0.0006875542923558886
-0.000005477297645450377
-0.00030662769916713886
-0.00000009762398646383505
-0.00004986308237748711
0.00000183214161893431
0.00010253062978132397
-0.0002610773708141023
0.0007096671185913099
0.0008466399415439066
-0.002583887494490103
0.0001063297588194845
0.021150948291026185
-0.002329828511120242
0.00009587495748419195
0.09569246431141054
0.007098745388578834
-0.00031963772433597255
-0.10027782647918565
-0.0006555213944714948
0.004126540775173356
-0.002314042222274057
0
0
0
0
0
2.1783324808668
0
0
0.3766731073477452
0
0
0
0
0
0
0.027681346657905725
-0.07533774170615329
-0.08979887326729626
-0.13460075733043722
0.018228213358083604
-0.21723544655523724
-0.12129242902677255
0.01642594231169502
-0.1191240230388967
-0.1277408448243003
0.026898090952031783
-0.30254731352055897
0.06723736000306008
0.04097225818892684
-0.37772989859021855
0.0005628829267071928
0.017561652892798388
0.00401772036882384
-0.0003082033295944951
-0.0015680304857970627
0.025922773117828153
0.00042625832469334095
0.002168652911126261
-0.04301333260497216
0.012210781854979645
0.000028884853410450445
-0.0004865532759299008
0.01235206041645119
-0.002475412483785548
0.053316192671902976
0.00002996309123749705
0.004232848967408755
0.008200675303947197
-0.004515097901427827
-0.00022463808640491216
0.006798719375855137
-0.0015882004380510387
-0.00007901718080540664
-0.001725834679345038
0.005601898414196626
0.00018505297076111914
-0.005714673058943474
0.0018916457213784836
-0.00028432012957787926
0.010572241740237458
0.0002775629025587376
0.00865753254755773
0.0019791676232751784
-0.012695941547725473
0.00013316997920783972
0.0035558680044340363
0.01756169006278626
-0.00018420767705367653
-0.012080456000229719
0.025560684296662025
-0.0002049933384553596
-0.006228132200390361
0.006019515073908331
0.00006532798158465596
0.006812445780774688
-0.010351049422926792
0.004817339066818233
0.20067476785891583
0.11368681167750445
0.013096976958316015
-0.006097850414474629
0.00009175840147547388
0.00513677900032502
0.000003323997122440263
0.001697787074083165
0.0000321800635222917
0.0018008663441981868
0.055768999651196964
0.22619748490411032
0.19482427006994027
-0.1883640089606469
0.011690016729382052
-0.002329828511120269
-0.1390908353136266
0.013157010156597525
-0.002622201327299618
0.32000336805568824
-0.007000116354496461
0.001395128085905402
0.2516982901999134
-0.00009161408102644248
0.2512568712810505
0
0
0
0.3766731073477452
0
0
0.421786
0
0
0
0
0
0
0
0
-0.027388001395460996
-0.11107009695334984
-0.09565289783061959
0.027278044318597698
0.009272292909061265
-0.12129242902677254
0.10362162436841468
0.01043463164581856
-0.13649717828522495
-0.05596578516490911
-0.002389859688809543
0.03126215808018766
-0.12396388844276982
0.00770449177445276
-0.22415867033675158
-0.00006729956694493422
-0.000052534935914930674
0.00043032186635690907
-0.0021564184846587786
-0.000022622994910522194
0.000426258324693331
0.02207528355076132
-0.00009933634939665848
0.0018716772930571185
-0.00042727025476251273
-0.00032765514286339456
0.006173618162692714
-0.0002956070497448682
-0.00005186627119173269
0.0006788950067900363
-0.002824987105932402
-0.010376471137016665
0.003054179327424366
-0.003475053123214085
0.00004669227045997336
-0.0015882004380510255
-0.02035123116764041
-0.0011509241068304462
0.039147767984393476
-0.012247376527798013
0.0001855196672645406
-0.0063103039092777
-0.016760397199305097
-0.00024731707115242753
-0.008355374747717775
-0.005623512763622751
-0.0043851099029936155
0.035966644733899204
-0.033210685557078026
0.0003257923786721621
0.017561690062786288
-0.1142557105277098
0.0014302575599520887
0.07709738355516012
0.02635327912116576
-0.0005944716284456355
-0.0320447228766749
-0.024921926995379876
0.000368105593781641
-0.005086191149713984
0.010785240794250077
0.0691451631963807
-0.13692251424664248
-0.10509303349830411
-0.009952760490334028
-0.0637500671190125
0.0013180648731507775
0.0019235336442513197
-0.001475372063147453
-0.005687576067460699
-0.008218015588001448
-0.01199079645332874
-0.002294954519173397
-0.009308270606485635
-0.008017228959423724
0.01169001672938207
0.0952305154537182
0.00009587495748419314
0.013157010156597527
0.18009228687104792
0.00010790641438625085
-0.021509228842777905
-0.10088328932070637
-0.00009161408102644287
-0.002016911350494582
-0.000827388129409415
-0.010339491398918075
0
0
0
0
0.3766731073477452
0
0
0.421786
0
0
0
0
0
0
0
0.0037090009208667583
0.015041590144982547
0.01295372674386305
0.009272292909061263
0.09449080782907526
0.01642594231169502
0.010434631645818551
0.17925991966471286
0.018485034838632532
0.021057075733352634
0.049172951844504605
0.007704491774452772
0.0033097743871069634
0.08711028417838922
0.030356531047828414
-0.0003423966015858339
-0.0002672793353413373
0.002189326786444754
-0.00002262299491052195
-0.0022670697014650298
0.0021686529111262544
-0.00009933634939665695
0.021589420031041445
0.009522437862527103
-0.0015174088516923543
-0.00006175569431532001
-0.00005186627119173177
-0.0021603374349868764
0.0059199353041115566
0.0034539797759574643
-0.00014055059523615716
-0.00051625693855234
0.0001519535156553496
0.00004669227045997386
-0.004411218165555087
-0.00007901718080540468
-0.0011509241068304457
0.002724427920855539
0.0019477052057401988
-0.0006880930852921183
0.0007987227560672782
-0.00024731707115242753
-0.0007551205333677276
-0.001351675979938946
-0.0004157020369214353
0.00005898602124084573
0.00004599619432797255
-0.0003772605059171269
0.00032579237867216176
-0.0021542422058586155
-0.00018420767705367924
0.0014302575599520954
0.022084841910452027
-0.0008086881092217257
-0.00038955477613871587
-0.005385899472448488
0.00036810559378164145
0.00037454107021438557
0.003045264701120368
0.000053349959678718146
-0.0007276357377978194
-0.004664939132779694
-0.006835061765969309
-0.005246159691751378
0.0007693902455723447
0.004928148310570305
-0.0005159996104438658
-0.0007530301666690499
-0.00007333458216818875
-0.00028270564752813426
0.0001725445911051076
0.0002517575014197956
0.0004573860409502784
0.0018551448428388907
0.0015978393395192046
-0.002329828511120314
0.00009587495748419485
0.09569246431141051
-0.0026222013272995475
0.00010790641438624795
0.18061220621361054
0.004286804353680701
-0.00009161408102644538
-0.10132470823956921
0.002064288138365807
0.004169621089363289
0.000398351572671561
0
0
0
0
0
0.37667310734774523
0
0
0.421786
0
0
0
0
0
0
-0.04851806725333603
-0.1967615802265251
-0.16944988657301624
-0.12129242902677255
0.016425942311695026
-0.11912402303889665
-0.13649717828522487
0.018485034838632536
-0.06113283928413969
-0.2754511628297584
0.00770449177445276
-0.0510218300494772
-0.2196030367315569
0.006909595625666227
-0.2207915886981479
0.006451374026733539
0.005036028260553402
-0.04125089414055109
0.00042625832469332756
0.0021686529111262613
-0.043013332604971984
0.0018716772930570877
0.009522437862527095
-0.1573252207757876
0.028590739535390965
-0.00005186627119173172
0.0009127463622195597
0.028337056676809816
0.004643733484786385
-0.05271162861988895
0.004780716695148749
0.017560069105197435
-0.005168577962686542
-0.0015882004380510253
-0.00007901718080540393
-0.0017258346793451239
0.03914776798439345
0.0019477052057401988
-0.06346795381420901
0.023404938948463336
-0.0002473170711524273
0.009203745207654422
0.028363566877802067
0.000457910715635214
0.011461031512788798
0.0031796146591601604
0.0024794039447693255
-0.020336056063832784
0.017561690062786302
-0.0001842076770536795
-0.01208045600022972
0.07709738355516012
-0.000808688109221722
-0.02149212075197481
-0.020998773110989317
0.0003681055937816405
0.014449836373217347
0.014091214466806022
-0.00015156689262820335
0.008974056974644123
0.00538842249861211
0.03454566848764461
0.23160533027373076
0.17776555496927582
-0.0068236453179287265
-0.043707255633928424
0.00864428089929065
0.01261513410974769
0.0024969676913646774
0.00962583882219612
0.003030604100036707
0.004421913843436876
-0.12032088403492965
0.2374012177953696
0.1440357598828172
-0.6648657176115107
0.035618266303302754
-0.0070987453885787925
-0.32000336805568935
0.021509228842777808
-0.004286804353680597
1.7030729019782753
-0.10907674426952944
0.021739071430119432
-0.19347875177293633
-0.0011681571481291103
-0.19910721695658254
-0.8320085923679481
0.8244379775695391
0.3587416813367076
0
0
0
0
0
0
4.356341812977847
0
0
-0.33510321638291124
0
-0.3351032163829113
-0.0401329264184561
-0.025618242155728874
0.06110985594144629
-0.02651378257908411
-0.009765247008124565
0.1277408448243001
0.055965785164908875
-0.02105707573335268
0.27545116282975846
-0.2914570728300797
0.0007547460175214827
-0.009872960082397998
-0.14934028050477358
-0.045568434767210064
0.44326459421131853
-0.0000037439328643753047
-0.005621648584928195
-0.0247860757453722
0.000012000989260543176
0.0006480681778061295
-0.012210781854979647
0.0004272702547625264
0.0015174088516923352
-0.028590739535390833
-0.0030938600219388435
0.0000027500297510028977
-0.00005181555665621025
-0.0015282591863155144
0.0008564308089414534
-0.01761951782929901
-0.0000015554737471598418
-0.0025760182551280916
-0.016041987915407653
0.002150720886560278
0.00016469291254317308
-0.005601898414196631
0.012247376527797971
0.0006880930852921176
-0.023404938948463287
-0.00166018859852698
-0.0000822599351629776
0.002798006260412709
-0.000649178531587745
0.00020631423441502998
-0.007660727569670906
-0.00020754005589221198
-0.026582210059215808
-0.016012373054824166
0.035563117235179686
-0.0004741842105016844
-0.025560684296662008
-0.02635327912116617
0.0003895547761387114
0.020998773110989275
-0.06966382598416687
0.0007379488601205078
0.039778797823456634
-0.013746939743398124
-0.0005123843976434886
-0.04135728235918002
-0.03817254183818012
-0.0006168525612605478
0.04975231463603906
0.13389950062510053
-0.03368981918831584
-0.004495623465641804
-0.000004867923826181357
-0.0044961649440383045
-0.0000004285926269720192
-0.0017124886586280096
-0.00005992844510223364
-0.008545638352677009
0.004348394261806174
-0.014262582193819968
-0.004497996307674723
0.034844209332062406
0.09873773420163008
0.0003196377243359717
0.007000116354496449
0.10088328932070634
0.000091614081026444
-0.10907674426952929
-0.3688353038838093
-0.0010520705874441207
0.03563479169588386
-0.0032750593652529003
0.002514061542112589
0
0
0
0
0
0
0
0
0
0
2.345722514680379
0
0
0
0
0.0034487638036418858
-0.01131914464087953
-0.003567784522880267
-0.008505795484332473
-0.04725491032498892
-0.02689809095203176
0.00238985968880954
-0.04917295184450473
-0.0077044917744528325
0.0007547460175215018
-0.06456889298446299
-0.02565411768727457
0.027966727999674
-0.16652941696868212
-0.08499578680710912
-0.00000014840798821552668
-0.00001526934443307379
0.000006391999371255113
-0.00029320435441380097
-0.00005615682071725983
-0.000028884853410450384
0.0003276551428633961
0.00006175569431531518
0.00005186627119173031
0.0000027500297510019575
-0.0007761144373938535
-0.0005592837108290522
0.000002557575262913471
-0.00010630349566492843
-0.00007999612878943953
-0.00000007461496761984092
-0.00008691182123477965
-0.00004323411369546072
0.00008050576094231383
-0.0005743160784925536
-0.0001850529707611192
-0.00018551966726453983
-0.0007987227560672843
0.0002473170711524259
-0.0000822599351629775
0.0003143597125001228
0.00012896374372359096
0.000013535591806078842
-0.0006663106747592981
-0.00030090707450601474
0.0000021379322219288955
0.0002198721699719773
-0.00009205781721900539
-0.0003119760139608276
-0.004818137621126383
0.00020499333845535868
0.0005944716284456347
0.005385899472448498
-0.0003681055937816397
0.000737948860120518
0.0072062100479491735
-0.00039212992510019796
-0.00003962309405182143
-0.004530421608666562
0.0003771649294661772
0.002016767062458006
-0.0017440338025583601
0.00920676260037414
0.0013020269081740691
0.001964029633629928
-0.0016984823808299456
0.0000005689525345418491
0.00004185758873814426
-0.000000018533639010536362
-0.000027240766009747505
0.0000011865142785724834
0.00008724942336947174
-0.0008666380180008036
0.0028425426076455823
0.0008964538103862924
-0.0069444752927717585
0.0003196377243359694
0.10027782647918568
-0.001395128085905389
0.00009161408102644156
0.1013247082395692
0.02173907143011887
-0.0010520705874440923
-0.3739044357909773
-0.00045407476261169043
0.016668475500394825
-0.007149018372151144
0
0
0
0
0
0
0
0
0
0
0
2.345722514680379
0
0
0
-0.04511386158590258
0.14806764210996542
0.046670791709068446
0.11126574680265232
-0.026898090952031762
0.30254731352055875
-0.031262158080187466
-0.007704491774452804
0.05102183004947748
-0.009872960082398217
-0.02565411768727457
0.26905580305093335
-0.019478133992060893
-0.07375433852090559
0.7654848807272415
0.000002796276119853399
0.00028770218987143214
-0.00012043688089081274
0.005524502719447062
-0.000028884853410450425
0.00048655327592989956
-0.006173618162692745
0.000051866271191730254
-0.0009127463622195358
-0.00005181555665619239
-0.0005592837108290507
0.009732123650025386
0.00017196145689864925
-0.00006522765098867966
0.0012871215788995507
0.000002537968770667939
0.002956236464774536
0.0014705739865175389
-0.0027383394196651726
-0.00018505297076111863
0.005714673058943482
0.006310303909277685
0.00024731707115242633
-0.009203745207654445
0.0027980062604127075
0.000128963743723591
-0.004068447977994714
0.0008883902389842924
-0.00025519967271360217
0.008886322153694417
0.0001152442644907321
0.011852109365534588
-0.004962334786485765
-0.016816925204124422
0.0002049933384553556
0.006228132200390359
0.03204472287667488
-0.00036810559378164026
-0.014449836373217357
0.039778797823456606
-0.00039212992510019205
-0.0139241007728155
0.006934202500641441
0.00016448111909256888
0.011260836686373777
-0.01493493577802819
0.01291524109094365
-0.3119701570844682
-0.0441190412637295
-0.01741878284903727
0.015063670760360474
-0.000009531374496024253
-0.0007012190464800087
0.0000006310514963675604
0.0009275202858368539
0.000020840149287574023
0.0015324644979933626
-0.014830803807451613
-0.1086025825251935
0.03491640161137552
0.07992760851135645
-0.011547431873563621
0.0006555213944715042
-0.25169829019991363
0.002016911350494573
-0.00206428813836574
-0.19347875177293639
0.03563479169588388
-0.0004540747626117889
-0.07859568706969604
0.00029225656540027967
-0.13811721977446983
-0.8320085923679481
0.8244379775695391
0.3587416813367076
0
0
0
0
0
0
-0.33510321638291124
0
0
4.356341812977847
0
-0.3351032163829113
-0.015133614143586974
-0.10766817299266872
0.035247789272009014
-0.03795486947111027
0.018495869092174797
-0.06723736000306
0.12396388844276984
-0.0033097743871068896
0.21960303673155654
-0.1493402805047733
0.027966727999673972
-0.019478133992060713
-0.08326157472371915
0.04954328614021521
-0.17285072635522788
-0.000004469810430310586
-0.005696332398810306
-0.024754811869344695
0.00012885446006697006
0.00006855496486651497
-0.012352060416451188
0.0002956070497448927
0.00216033743498687
-0.028337056676809802
-0.0015282591863155146
0.0000025575752629133676
0.00017196145689864177
-0.003067900021707238
-0.00024517059130672696
-0.01801078649312318
-0.0000000594675852624391
-0.0008334641234771418
-0.015175157806707293
0.0011177978350629166
-0.0000020754439890864582
-0.001891645721378484
0.016760397199305083
0.0007551205333677273
-0.02836356687780208
-0.0006491785315877441
0.00001353559180607882
0.0008883902389842916
-0.00028228756319992646
-0.00002290623896659586
-0.0016276372664886692
-0.0000037397975507028196
-0.005622703212937834
-0.02478786497133678
0.01064620197023628
-0.000010513521813893201
-0.006019515073908333
0.02492192699537993
-0.00037454107021438676
-0.014091214466806053
-0.01374693974339812
-0.00003962309405182535
0.006934202500641442
-0.003095311757402435
0.00002240346487758365
-0.005403705686289494
-0.008415462853047903
-0.0263497954387675
-0.1342214037799987
0.10788180665688793
-0.008435142695365709
-0.02633573337149789
-0.00000363733154969804
-0.004405630809315003
-0.00000005664729889390439
-0.0011658029459714388
-0.0000034416299800437464
-0.004391923444738006
0.000035663089679531874
-0.00011697369585540266
-0.00003689004171212652
0.00031963772433597
0.0008097914902784985
-0.004126540775173364
0.00009161408102644126
0.0008273881294094017
-0.0041696210893632825
-0.0011681571481290834
-0.0032750593652528448
0.01666847550039482
0.0002922565654002708
0.030465249186953168
0.00029418982092983945
0
0
0
0
0
0
0
0
0
0
0
0
0
2.345722514680379
0
0.0061095131313122775
-0.020051956804246648
-0.0063203593035891965
-0.026898090952031755
-0.08371245802470804
-0.04097225818892678
-0.007704491774452817
-0.08711028417838923
-0.006909595625666289
-0.04556843476720999
-0.1665294169686821
-0.07375433852090552
0.04954328614021522
-0.265572790059291
-0.10366525423054249
0.000014226472531640775
0.0014637278745252785
-0.0006127406251566973
-0.000028884853410450157
0.005383224157975521
0.002475412483785551
0.000051866271191731324
-0.005919935304111586
-0.0046437334847864095
0.000856430808941455
-0.00010630349566492335
-0.00006522765098867649
-0.0002451705913067223
0.009413089013813098
0.006548423332405472
0.00000012627067240734241
0.0001470805986725934
0.00007316495311069011
-0.00018505297076111917
0.0009719132731529749
0.00028432012957787937
0.00024731707115242677
0.0013516759799389487
-0.00045791071563521435
0.0002063142344150298
-0.0006663106747592977
-0.000255199672713602
-0.00002290623896659588
0.0010482235836535877
0.00044211807747340803
-0.0000012088174987544126
-0.00012431887401530091
0.00005205080835119672
0.00020499333845535873
0.0027242440186292485
-0.00006532798158465562
-0.00036810559378163993
-0.0030452647011203707
0.0001515668926282033
-0.0005123843976434954
-0.0045304216086665605
0.00016448111909257127
0.000022403464877581416
0.0017552057176038719
-0.00011811691017559511
0.0010075985526073917
-0.00087133807759356
-0.015573299282033683
-0.0022023870489971935
0.0013465451747590844
-0.0011644851050912554
0.000003731368331807831
0.0002745151336554226
0.00000003136693378482397
0.00004610315886641983
-0.0000004375575829576085
-0.000032175463450740874
-0.014658970369695414
-0.10916619023463488
0.03473865642038606
0.08146770078891208
-0.003352483803932935
0.002314042222274052
-0.2512568712810504
0.01033949139891803
-0.000398351572671522
-0.19910721695658234
0.0025140615421125802
-0.007149018372151122
-0.13811721977446978
0.00029418982092983847
-0.07577004578263064
-0.8320085923679482
0.8244379775695391
0.3587416813367081
0
0
0
0
0
0
-0.33510321638291124
0
0
-0.33510321638291124
0
4.356341812977847
-0.09458614048673189
0.1531019721856275
0.11744231169522173
0.3118473543744373
-0.04223170971271889
0.377729898590218
0.22415867033675207
-0.03035653104782849
0.22079158869814874
0.4432645942113181
-0.08499578680710913
0.7654848807272405
-0.1728507263552278
-0.10366525423054243
0.6205796320985912
-0.0002717673512169138
-0.03319793972776951
-0.013242185539791645
0.000671564556714125
0.003416685016005484
-0.05331619267190289
-0.0006788950067899778
-0.0034539797759574617
0.0527116286198909
-0.017619517829299
-0.00007999612878943528
0.0012871215788994822
-0.018010786493123165
0.006548423332405441
-0.12149809787327451
-0.000004350751772056866
-0.005831969597747941
-0.017661654475534732
0.007406786972498946
0.00036850728117873764
-0.010572241740237466
0.008355374747717907
0.00041570203692144463
-0.011461031512788322
-0.007660727569670899
-0.0003009070745060146
0.008886322153694403
-0.0016276372664886692
0.0004421180774734076
-0.014529120174480867
-0.0000688781301269106
-0.012321749321595726
-0.02198305542090062
0.021692471791753033
-0.0002275361781255162
-0.006812445780774694
0.005086191149714008
-0.00005334995967872096
-0.00897405697464413
-0.04135728235917997
0.00037716492946617176
0.01126083668637376
-0.005403705686289491
-0.00011811691017559329
-0.008252925903674165
-0.015741054713205322
-0.020014864615229673
0.3930185674786212
0.18244445798622105
-0.020225689740448086
-0.016139330998786817
-0.00006592432582907024
-0.008988057693801146
-0.0000011237381573080324
-0.0027342144364873896
-0.000011102057802446064
-0.004955227167531957
-0.00000000000007580514561400232
-0.0001668005475265209
-0.0038516231191994483
0.00048537054492477755
-0.00003503905492619273
0.0002857697253662733
0.005555986327841285
-0.00040108843057333525
0.0032711764313840515
-0.00020289525087104518
0.000014378437321359776
-0.00011726692095937832
-0.0000047591997016853375
0.000008465536542103015
-0.00007276400404589942
-0.00007215252559095685
-0.027986106384145063
0.007335793885315108
0.015625864833740646
-0.0021161218089936406
0.02768134665790586
-0.027388001395460854
0.0037090009208666746
-0.04851806725333584
-0.04013292641845618
0.0034487638036418775
-0.045113861585902665
-0.015133614143586965
0.006109513131312253
-0.09458614048673186
16.207563176063626
-1.2475685501847642
0.08995043185668533
0
0
0
0
0
0
-0.8320085923679483
0
0
-0.8320085923679483
0
-0.8320085923679483
-0.00007200485994458142
-0.027977393602308886
0.007329552217685215
0.016200563662004362
0.0008084250739394149
-0.02742232814387282
-0.02838411938602703
-0.0014163972496321789
0.04804515769435834
-0.04202344805818702
-0.0013657561943756257
0.0463273786699768
-0.014722310867147698
0.0023117846581185986
-0.09307146555477522
-0.00000000000007578085638705668
-0.00016678584526240813
-0.0038515621228863177
0.0004911833537520232
-0.000005152354822739313
-0.0002777353450589727
0.005623041562435009
-0.00005898389082481062
-0.0031794998277003645
-0.00020770419050317423
0.000002139720505017795
0.00011534066135509679
-0.0000037431890944129095
-0.000001209886304679006
-0.00006893911549726824
-0.00000000000000000184422256971191
-0.000008666347800193183
-0.002005649096775893
0.00003483266870457267
-0.000001433556606787948
0.00000028570883461181713
0.005551079402221425
-0.00022845756147344364
0.000045531751824635346
-0.000005855238337727997
0.00000023867598437638746
-0.00000004756829065773536
-0.00000006569374412303892
0.000000001957697755643226
-0.000000056261080315888354
-0.0000000012480085887384956
-0.00044190277266230115
-0.00028929627968869677
-0.004545648682196256
-0.03481196601377272
0.0238159480127225
-0.00028876876597643165
-0.004545429745829251
-0.0000000012487775596636473
-0.00044196890825447623
-0.000000000002237053241907185
-0.00009012005630902654
-0.00016680054752652072
-0.010188480033145427
-0.016925841761258727
0.015133434622204832
-0.0010924874871250398
0.00891005336243913
0.004325649542765649
-0.000312270024428273
0.002546795834218677
-0.026093743808685947
0.0014777915503947513
-0.012052496461290661
-0.0057296544641721545
0.0008700735755820453
-0.012719073620093585
-0.027986106384144956
-0.017691956536617606
0.05422335079059411
-0.042527460218175404
0.005759251536239454
-0.07533774170615343
-0.11107009695334978
0.015041590144982565
-0.19676158022652498
-0.02561824215572882
-0.01131914464087953
0.14806764210996542
-0.10766817299266876
-0.020051956804246655
0.15310197218562743
-1.2475685501847644
0.9322455970840973
0.3067182998116485
0
0
0
0
0
0
0.8244379775695391
0
0
0.8244379775695391
0
0.824437977569539
-0.027977393602308897
-0.01772309942303464
0.054198036721423294
-0.044045333071402085
-0.002197908195530577
0.07455454031657606
-0.11512277955248865
-0.005744747128157486
0.1948657283528426
-0.019411924445258567
0.004480085226128022
-0.15196753681171182
-0.10896774845672184
-0.007583339058228769
0.14804070725533783
-0.000166785845262408
-0.01018805023201382
-0.01692579426759752
0.015315402319502165
-0.00016065362639084538
-0.008659960716159352
0.004378700660147859
-0.00004593115644353404
-0.0024758981131312863
-0.026589358422278272
0.0002199339370277267
0.011855438919111293
-0.005624963336680867
-0.00012435972722604183
-0.012326210877340748
-0.000008666347800193173
-0.0023068675087601306
-0.012563865269567043
0.004917222351371649
-0.00020237084469869614
0.00004033265092183837
0.020384015112439972
-0.0008389147494021239
0.00016719629643881896
-0.007577310718568757
0.0002776915729977681
-0.00005534412476426918
-0.0008413680583153612
0.0000022777162546922357
-0.0008303934675662724
-0.00003075017784766991
-0.004444883525526394
-0.014150711559628435
-0.013705512806433399
0.0399985039816738
0.11347248357527097
-0.014139399014636941
-0.013711203901742443
-0.000030760072848144824
-0.004445359637102555
-0.0000010937462027735568
-0.0013820814912598178
-0.0038516231191994404
-0.01692584176125877
-0.007278655598578102
0.0034557801285393834
-0.00024947387311173195
0.0020346462070786942
-0.03554814103655079
0.002566231674599841
-0.020929540549006843
-0.016218020202914792
-0.0006188886876271435
0.005047500586646667
-0.024746357319053683
-0.0003643806822330183
-0.021819237829482377
0.007335793885315309
0.05422335079059412
0.08644848869241571
-0.05069063558351927
0.0068647438469078385
-0.08979887326729631
-0.09565289783061952
0.012953726743863051
-0.1694498865730163
0.0611098559414463
-0.0035677845228802335
0.04667079170906828
0.035247789272009195
-0.006320359303589155
0.1174423116952219
0.08995043185668512
0.30671829981164855
0.2530716
0
0
0
0
0
0
0.3587416813367076
0
0
0.3587416813367076
0
0.35874168133670764
0.007329552217685312
0.054198036721423336
0.08642668721857923
-0.052539230112389944
-0.0026217625432345005
0.08893196796278316
-0.0991535051967797
-0.004947863632551026
0.1678348983929669
0.06304786550306302
0.001412766408936103
-0.04792199710939431
0.03480700545198378
-0.002391357786355778
0.11585298889108606
-0.0038515621228862786
-0.016925794267597483
-0.007279045854305231
0.003497807336140844
-0.00003669086983447998
-0.001977804663028804
-0.03597551061098303
0.00037737149311168955
0.020342038827029264
-0.016010327750901235
-0.00009210394949011478
-0.004964821537529654
-0.02478979858723367
0.00005207937524252008
-0.021983449674706057
-0.0020056490967758737
-0.012563865269567036
-0.013625104202494407
0.009519989382468579
-0.00039180011705498017
0.00007808603742224628
-0.006011642489449617
0.00024741227499649673
-0.000049309439490005625
-0.018527883276424215
0.00013789172790807557
-0.000027481917837551435
-0.015183054470547817
0.0000011310326296662468
-0.015177604880323887
-0.0027452280462702612
-0.010426860694827119
-0.014415852612828593
0.005446709834509025
0.0935875959136152
0.13292750142053567
-0.0144181758468266
0.005431827661898238
-0.0027455659650848915
-0.010427353699791354
-0.0007322897255390546
-0.005782863390594311
-0.0004853705449247769
-0.01513343462220482
-0.003455780128539342
0.018302555950048406
-0.0015828720637020388
0.012909506717201523
-0.03248561107890496
0.0021899997966129923
-0.017861087913146296
-0.034336798225093085
0.0020634305101246073
-0.016828820624094663
-0.010693485499359452
0.001417452151076507
-0.022080071065653278
-0.015625864833740535
0.04252746021817549
0.05069063558351926
-0.05476999591519088
0.010289658289173255
-0.1346007573304372
0.02727804431859765
0.009272292909061262
-0.12129242902677255
-0.026513782579084173
-0.008505795484332467
0.11126574680265221
-0.037954869471110354
-0.026898090952031772
0.31184735437443717
0
0
0
2.1783324808668
0
0
0.3766731073477451
0
0
0
0
0
0
0
0
-0.016200563662004376
0.044045333071402154
0.05253923011238992
-0.06043239325003065
-0.004072453432240916
0.13814038922043687
0.02213773945934441
-0.0036716833911210204
0.12454599694822616
-0.018787893456042194
0.003681635793320112
-0.12488358919730577
-0.041180569876509004
-0.010545954677286078
0.3162344823592973
-0.0004911833537520228
-0.015315402319502165
-0.0034978073361408638
0.01883413235006178
-0.00023557509571119916
-0.012698568469293608
-0.03322022946019742
0.0003259235612688155
0.017568761443280508
-0.03556880435088502
0.0003120274503756224
0.016819697901137794
-0.010649822652174594
-0.00020504197212709607
-0.02169871317403337
-0.00003483266870457264
-0.004917222351371651
-0.009519989382468584
0.009460701648294387
-0.00042404598482180295
0.00008451266142654561
-0.0008030202181177658
-0.00014860203014545721
0.000029616488566111046
-0.01658370464373447
0.000639408369170627
-0.0001274345352891983
-0.002215486788777787
0.000005629441795438091
-0.0021883627693906156
-0.00007135647087834673
-0.0039929953964846325
-0.0013491974040543483
0.000628459201381356
-0.2328897155444578
-0.13198695194923488
-0.0018320100205347276
0.0008525185825283975
-0.0000726020468513001
-0.004061793028003207
-0.000003863753166543227
-0.0019717542447500722
0.00003503905492619268
0.0010924874871250398
0.0002494738731117301
-0.0015828720637020405
-0.0035095515271887693
-0.0009319414201456766
0.002189999796612993
-0.0023072334107006286
0.0012893976508757492
0.003166915794793791
0.004592293613820316
0.0014174521510765064
0.00008383479413546173
0.002703786825436856
0.001593967394464709
0.0021161218089936337
-0.005759251536239461
-0.006864743846907836
0.010289658289173255
0.01981742016157805
0.018228213358083604
0.009272292909061265
0.09449080782907518
0.016425942311695023
-0.009765247008124587
-0.047254910324988894
-0.02689809095203178
0.018495869092174818
-0.08371245802470807
-0.04223170971271893
0
0
0
0
2.1783324808668
0
0
0.3766731073477451
0
0
0
0
0
0
0
-0.000808425073939418
0.0021979081955305884
0.002621762543234517
-0.004072453432240906
0.02097496943709725
0.006893349929019354
-0.003671683391121044
0.0955338056063347
0.006214975533713746
0.004159871577773264
-0.05076425242327554
-0.0105459546772861
-0.007152360630321022
0.08592750332473457
0.015780431478634078
0.0000051523548227393105
0.00016065362639084536
0.000036690869834479275
-0.00023557509571119916
-0.00362119876236377
0.00013320388403814245
0.0003259235612688149
-0.002152762572252602
-0.00018429063619599612
0.00047429622734324083
0.004819554908630858
-0.0002050419721270986
0.000010522250157178318
-0.0027251753044038158
0.00022761249666842563
0.0000014335566067879463
0.00020237084469869562
0.00039180011705498103
-0.00042404598482180165
-0.0008253484764362748
-0.0000034781625597740317
-0.00014860203014545526
-0.0044076479835598
-0.0000012188819987896795
0.0007763398119884827
0.0011116839419271832
0.000005629441795438081
-0.000002649305845568908
0.000009118391880866461
0.00009006320855619245
0.0000060822011042008745
0.00034035036641557806
0.0012932498239703709
-0.0006023986920792104
0.009560018494754947
0.0054180052509022894
-0.0011611331116305537
0.0005403286790784806
-0.00000015319773345779879
-0.000008570798106274483
0.00000015900300892903237
0.00008114256896600498
-0.000285769725366273
-0.008910053362439132
-0.002034646207078682
0.012909506717201537
-0.0009319414201456768
0.003976860423438965
-0.017861087913146285
0.0012893976508757488
-0.012665139791896375
-0.025828569259150162
0.0014174521510765088
-0.006794291952473535
-0.00629596180961862
0.0004904821097955266
-0.007387771146797101
-0.027681346657905715
0.07533774170615337
0.08979887326729628
-0.13460075733043722
0.018228213358083615
-0.21723544655523738
-0.12129242902677254
0.01642594231169502
-0.11912402303889677
0.12774084482430023
-0.02689809095203178
0.30254731352055897
-0.06723736000306009
-0.04097225818892684
0.37772989859021855
0
0
0
0
0
2.1783324808668
0
0
0.3766731073477452
0
0
0
0
0
0
0.027422328143872854
-0.07455454031657621
-0.08893196796278321
0.13814038922043687
0.0068933499290193675
-0.21264892715205336
0.1245459969482262
0.006214975533713706
-0.11509916912195993
-0.1411056721511544
-0.010545954677286085
0.30665079981253107
0.06970542037088603
0.01530219569418092
-0.3623754496391204
0.00027773534505897226
0.00865996071615935
0.001977804663028818
-0.0126985684692936
0.00013320388403814245
0.003556624961022584
0.017568761443280526
-0.0001842906361959966
-0.012083446726378302
0.025566722575078384
-0.00020504197212709596
-0.006229335613227912
0.006021849369536762
0.00006534371970081063
0.0068146959297592504
-0.0000002857088346118168
-0.00004033265092183837
-0.00007808603742224634
0.00008451266142654555
-0.00000347816255977404
-0.0008421071093756006
0.00002961648856611112
-0.0000012188819987896893
-0.0044135208534050235
-0.00015472506763647913
0.00000562944179543809
0.0011388079613143553
-0.00001817214046641461
-0.000046868234261665926
0.0000007504885036907064
-0.00005938350485406858
-0.003323007130126617
-0.023139703800243792
0.010778526349667245
-0.0019162620591073834
-0.0010860144155625734
0.02309902305454693
-0.010749038581407628
0.00005821787403599648
0.0032570563106699107
-0.00000003182055200692336
-0.000016238694809294727
-0.005555986327841269
-0.004325649542765688
0.0355481410365508
-0.03248561107890494
0.002189999796612992
-0.017861087913146282
-0.11103433655149314
0.009611534076773776
-0.07838925619580543
0.02459925038848647
-0.00393850623635642
0.03212146697129037
-0.02431437955337141
-0.0025454659491326273
-0.0038663060054399566
0.027388001395460996
0.11107009695334985
0.09565289783061946
0.0272780443185977
0.009272292909061265
-0.12129242902677251
0.10362162436841477
0.010434631645818546
-0.13649717828522479
0.055965785164909125
0.0023898596888095435
-0.03126215808018767
0.12396388844276984
-0.007704491774452765
0.22415867033675183
0
0
0
0.3766731073477452
0
0
0.421786
0
0
0
0
0
0
0
0
0.028384119386026873
0.11512277955248858
0.09915350519677969
0.022137739459344375
-0.0036716833911210308
0.12454599694822624
0.0978285670625918
-0.0041323696775301694
0.14017278899678726
0.06049424492023325
-0.0007882566860806575
0.02673820271552515
0.12795794437788616
-0.0030223594405870318
0.23038933066664158
-0.005623041562434926
-0.004378700660147823
0.03597551061098305
-0.033220229460197474
0.0003259235612688122
0.01756876144328053
-0.11426325253237522
0.0014304730652094915
0.07710900045356306
0.02636465599791355
-0.0005945984772049426
-0.03205156067847349
-0.024917236420118886
0.00036821242458460394
-0.005075743842678858
-0.005551079402221357
-0.02038401511243995
0.006011642489449631
-0.000803020218117729
-0.00014860203014545299
0.000029616488566110734
-0.08653186257908192
0.0036759718754926776
-0.0007326237664001669
-0.007543124311071639
-0.0009814913688468378
0.00019561191643705178
-0.032907112400479235
-0.000007526128236803052
-0.03294337511632627
-0.006719677333511203
-0.009804232952762636
0.0007035825190292702
0.004502246944896772
-0.26888346123517265
-0.20639217809934388
0.0009534783188736558
0.006114260102346664
-0.006835552847722552
-0.009972092112159481
-0.002900044287166015
-0.011175992124536132
0.00040108843057334046
0.00031227002442827957
-0.002566231674599841
0.002189999796612989
-0.0023072334107006546
0.0012893976508757472
0.009611534076773776
0.021413395082224874
0.0056589454844110905
-0.00254559683581172
-0.005019418653389078
-0.0025454659491326273
0.0025250319190839965
-0.002955263571463016
0.00027910986750766904
-0.0037090009208667583
-0.015041590144982547
-0.012953726743863051
0.009272292909061263
0.09449080782907526
0.016425942311695016
0.010434631645818556
0.17925991966471289
0.018485034838632536
-0.021057075733352637
-0.04917295184450461
-0.007704491774452776
-0.0033097743871069642
-0.08711028417838926
-0.030356531047828452
0
0
0
0
0.3766731073477452
0
0
0.421786
0
0
0
0
0
0
0
0.0014163972496321808
0.005744747128157462
0.00494786363255101
-0.0036716833911210073
0.09553380560633472
0.006214975533713685
-0.004132369677530151
0.18043364105379442
0.006994768803927017
0.008166338637900748
-0.05148910184834028
-0.0030223594405870374
0.001237622745534758
0.08715443957236894
0.011496668607639624
0.00005898389082481375
0.00004593115644353522
-0.00037737149311168944
0.00032592356126881267
-0.0021527625722525816
-0.00018429063619599526
0.001430473065209491
0.022091340595180003
-0.0008088485233237357
-0.0003897493843552332
-0.00538859992270257
0.00036821242458460584
0.0003745664202233762
0.00304693684646348
0.000053242914416881275
0.00022845756147344114
0.0008389147494021213
-0.0002474122749964987
-0.00014860203014545526
-0.004407647983559799
-0.0000012188819987896672
0.0036759718754926746
0.0026358982813525743
0.000030151512349524795
0.00043830301149505113
0.0015911606672811126
-0.000007526128236803069
0.0012264475298945153
0.00001305121533422355
0.0013558017460115982
0.0005727641571208591
0.0008356819746985384
-0.0006744068482113534
-0.004315550898231918
0.011037545631126286
0.008472306452818983
0.0006043172443690528
0.003875235276215443
-0.000014423714600593875
-0.00002104213277270537
0.00011934400253093617
0.0004599197461566248
-0.0032711764313840585
-0.0025467958342187294
0.020929540549006836
-0.01786108791314625
0.0012893976508757462
-0.012665139791896379
-0.07838925619580543
0.0056589454844110905
-0.02404568226603132
0.020761247990149893
-0.002545465949132629
0.015428654894542367
-0.01431548255260345
-0.001113799533037022
-0.008554393074189426
0.04851806725333603
0.19676158022652507
0.1694498865730163
-0.12129242902677256
0.016425942311695026
-0.11912402303889678
-0.13649717828522492
0.018485034838632536
-0.061132839284139685
0.27545116282975834
-0.007704491774452759
0.0510218300494772
0.21960303673155682
-0.006909595625666227
0.22079158869814725
0
0
0
0
0
0.37667310734774523
0
0
0.421786
0
0
0
0
0
0
-0.04804515769435836
-0.1948657283528427
-0.16783489839296684
0.12454599694822618
0.006214975533713721
-0.11509916912196004
0.14017278899678728
0.006994768803927049
-0.05662746284204929
-0.2770077587663783
-0.0030223594405870357
0.05094228444041528
-0.21659152190953432
0.0025420732836582225
-0.21536429864013798
0.00317949982770029
0.0024758981131312377
-0.02034203882702927
0.017568761443280505
-0.00018429063619599482
-0.012083446726378297
0.07710900045356305
-0.0008088485233237359
-0.021494266245508424
-0.021009263428963827
0.0003682124245846044
0.014452892654737473
0.014089234095973686
-0.00015160617843283972
0.008971633655480992
-0.00004553175182463481
-0.00016719629643881858
0.00004930943949000568
0.000029616488566110988
-0.000001218881998789657
-0.004413520853405017
-0.0007326237664001664
0.00003015151234952481
0.0027811755992891048
-0.0000873540968163698
-0.000007526128236803052
0.0015548979514340778
-0.0002699147979191949
-0.00006399263433027702
-0.00024472928924343813
-0.005592176667938689
-0.008159171942981727
0.012066945163430558
0.0772167663734013
-0.002212425627648949
-0.0016982351464670262
-0.012021996289760873
-0.07709206471718932
0.0054812690814375065
0.00799638615768115
-0.000023883774683440228
-0.00009204165569042684
-0.00020289525087104535
-0.026093743808685906
-0.016218020202914817
0.03433679822509296
-0.0031669157947937835
0.02582856925915011
-0.024599250388486347
0.0025455968358117217
-0.020761247990149865
-0.06638868457415603
0.004835848808659945
-0.0394399674555872
-0.013884260496396938
0.003513110438116128
-0.04210555359406441
-0.040132926418456075
-0.02561824215572888
0.06110985594144648
0.02651378257908411
0.009765247008124566
-0.12774084482430015
-0.055965785164908785
0.021057075733352693
-0.27545116282975873
-0.2914570728300795
0.0007547460175215425
-0.009872960082398774
-0.14934028050477335
-0.045568434767209995
0.4432645942113178
-0.8320085923679481
0.8244379775695391
0.3587416813367076
0
0
0
0
0
0
4.356341812977847
0
0
-0.33510321638291124
0
-0.3351032163829113
-0.04202344805818706
-0.019411924445258622
0.06304786550306311
0.018787893456042124
-0.004159871577773226
0.14110567215115413
-0.060494244920233524
-0.008166338637900745
0.2770077587663784
-0.29102937009448737
0.0005227028049103587
-0.01773043452020508
-0.1533507060521243
-0.018620757632940473
0.4777291028135456
-0.00020770419050317477
-0.026589358422278237
-0.016010327750901533
0.035568804350885004
-0.0004742962273432418
-0.025566722575078374
-0.02636465599791392
0.0003897493843552162
0.02100926342896339
-0.06967843099841754
0.0007381276613717385
0.03978843611932358
-0.013752632013308954
-0.0005125473285284584
-0.04137175438827219
-0.000005855238337728003
-0.007577310718568758
-0.018527883276424215
0.016583704643734445
-0.0007763398119884828
0.0001547250676364792
0.00754312431107193
-0.00043830301149503704
0.0000873540968163685
-0.026922672222641778
0.0011403431259128002
-0.00022727118274886205
-0.002185062522800889
0.00001039294395433902
-0.00213498679175137
-0.000041202503210915946
-0.0071685159481496615
-0.008414212292531968
-0.02635700363451381
0.5764332600261687
0.20839291611762098
-0.00851214844397045
-0.026265428808651105
-0.00004252488888567918
-0.007265305257005248
-0.0000014973304092160376
-0.0032813598336356945
0.000014378437321359784
0.001477791550394749
-0.0006188886876271414
-0.002063430510124602
-0.004592293613820309
-0.0014174521510765064
0.00393850623635642
0.00501941865338905
0.0025454659491326256
0.004835848808659938
0.006698618768570935
0.0026713432433313937
-0.00024027519182853927
0.004395416376733747
0.0026330206768605353
0.0034487638036418827
-0.011319144640879528
-0.0035677845228802535
0.008505795484332475
0.04725491032498892
0.026898090952031765
-0.002389859688809566
0.04917295184450455
0.007704491774452806
0.0007547460175215226
-0.06456889298446282
-0.02565411768727451
0.027966727999673972
-0.16652941696868206
-0.08499578680710908
0
0
0
0
0
0
0
0
0
0
2.345722514680379
0
0
0
0
-0.0013657561943756296
0.004480085226128008
0.0014127664089361044
-0.003681635793320112
0.05076425242327547
0.010545954677286048
0.0007882566860806558
0.0514891018483403
0.003022359440587037
0.000522702804910341
-0.0734751908398228
-0.011094078415372268
-0.011241125110142618
0.17671548085337152
0.03299692838442058
0.0000021397205050177993
0.00021993393702772718
-0.00009210394949011302
-0.0003120274503756236
-0.004819554908630857
0.0002050419721270968
0.0005945984772049406
0.005388599922702563
-0.0003682124245846019
0.0007381276613717398
0.007208595851262909
-0.00039223587721446383
-0.00003963164780529657
-0.004532202707000281
0.0003773061069420813
0.00000023867598437638783
0.0002776915729977679
0.00013789172790807514
-0.0006394083691706261
-0.001111683941927183
-0.000005629441795438085
0.0009814913688468369
-0.0015911606672811235
0.000007526128236803065
0.0011403431259127963
0.0014130590955048466
0.000009194742621530723
-0.0000420081847781303
0.000012228879861915885
0.00008279541557830909
0.0000032207064264338682
0.0002368101665400389
0.00012144516036206373
-0.00010502872116739903
-0.029190699421404294
-0.004129719186389973
-0.00014815161892426686
0.0001281156002207792
-0.00000008251849345805406
-0.0000060655011264920896
0.00000005932175617645669
0.00008708959577529796
-0.00011726692095937849
-0.012052496461290656
0.005047500586646625
0.016828820624094628
-0.0014174521510765042
0.006794291952473522
-0.032121466971290355
0.0025454659491326247
-0.015428654894542348
-0.03943996745558713
0.0026713432433313933
-0.014760644173061903
-0.007264972377845666
0.0012033065897269113
-0.012249658412548249
-0.045113861585902526
0.14806764210996531
0.04667079170906828
-0.11126574680265235
0.026898090952031772
-0.30254731352055897
0.03126215808018782
0.007704491774452779
-0.05102183004947732
-0.0098729600823985
-0.02565411768727451
0.2690558030509327
-0.01947813399206068
-0.07375433852090554
0.765484880727241
0
0
0
0
0
0
0
0
0
0
0
2.345722514680379
0
0
0
0.04632737866997691
-0.1519675368117118
-0.04792199710939438
0.12488358919730595
0.010545954677286069
-0.30665079981253074
-0.026738202715525072
0.003022359440587037
-0.05094228444041525
-0.017730434520204282
-0.011094078415372327
0.3025164322683886
0.02588338798729104
0.028550316660282966
-0.7638550264888264
0.000115340661355097
0.011855438919111281
-0.004964821537529655
-0.016819697901137777
0.00020504197212709913
0.006229335613227906
0.03205156067847355
-0.0003682124245846032
-0.014452892654737485
0.03978843611932365
-0.0003922358772144638
-0.01392742435537803
0.006937306708456177
0.00016453166824529505
0.011264881543806924
-0.000000047568290657735416
-0.000055344124764269144
-0.000027481917837551652
0.0001274345352891981
-0.0000056294417954380735
-0.0011388079613143549
-0.00019561191643705124
0.000007526128236803096
-0.0015548979514340804
-0.00022727118274886191
0.000009194742621530747
0.0014573616011864152
-0.000016885108291369336
-0.00006328529670975896
0.000008756184659206026
-0.000031445332443145916
-0.0023120935058379374
-0.0021729792547921854
0.0018792451800771983
0.005851142423075274
0.0008277833558573869
0.002947256974090106
-0.0025486700650463366
0.000031358500869104615
0.0023049987266593203
-0.000000011871794378416313
-0.00001742884634885544
-0.0000047591997016853434
-0.0057296544641721545
-0.024746357319053714
0.010693485499359454
-0.00008383479413546203
0.006295961809618616
0.024314379553371457
-0.0025250319190839995
0.014315482552603488
-0.013884260496396942
-0.00024027519182853957
-0.007264972377845669
-0.0030613014276989646
-0.0001414658888948687
-0.005822311688115449
-0.01513361414358697
-0.10766817299266872
0.03524778927200915
0.03795486947111028
-0.0184958690921748
0.06723736000306002
-0.12396388844276969
0.003309774387106899
-0.21960303673155684
-0.1493402805047735
0.027966727999674007
-0.01947813399206079
-0.08326157472371892
0.04954328614021524
-0.1728507263552275
-0.8320085923679481
0.8244379775695391
0.3587416813367076
0
0
0
0
0
0
-0.33510321638291124
0
0
4.356341812977847
0
-0.3351032163829113
-0.014722310867147693
-0.10896774845672193
0.03480700545198373
0.04118056987650901
0.007152360630321006
-0.0697054203708862
-0.12795794437788613
-0.0012376227455347518
0.21659152190953418
-0.15335070605212445
-0.011241125110142611
0.02588338798729105
-0.07677069125289612
0.019027598539649894
-0.1818715436384416
-0.0000037431890944129197
-0.005624963336680867
-0.02478979858723368
0.010649822652174597
-0.000010522250157178236
-0.006021849369536765
0.024917236420118852
-0.0003745664202233781
-0.014089234095973686
-0.01375263201330895
-0.00003963164780529664
0.006937306708456176
-0.0030968629511203423
0.000022409369727982983
-0.005406434978993458
-0.00000006569374412303902
-0.0008413680583153608
-0.015183054470547816
0.0022154867887777866
0.000002649305845568933
0.0000181721404664146
0.032907112400479215
-0.0012264475298945138
0.00026991479791919475
-0.0021850625228008887
-0.00004200818477812978
-0.000016885108291369326
-0.0002804478822748177
-0.00000034456474233746423
-0.00012662490360784825
-0.0000036916519535831833
-0.004410440620202665
-0.008403922421839438
-0.02636590256434023
-0.1334773172043824
0.10795916874189071
-0.008372297025299425
-0.026386366727351313
-0.0000034186650679079007
-0.004390812101842153
-0.000000058260414489278206
-0.0011686775360935163
0.000008465536542103022
0.0008700735755820452
-0.00036438068223301664
-0.0014174521510765072
-0.002703786825436856
-0.0004904821097955262
0.0025454659491326273
0.002955263571463
0.0011137995330370216
0.0035131104381161274
0.004395416376733748
0.0012033065897269124
-0.00014146588889486848
0.001821019794021556
0.0008843067599227652
0.006109513131312271
-0.020051956804246634
-0.0063203593035892
0.026898090952031765
0.0837124580247081
0.04097225818892682
0.00770449177445282
0.08711028417838931
0.006909595625666294
-0.045568434767210106
-0.16652941696868226
-0.0737543385209056
0.04954328614021525
-0.26557279005929124
-0.10366525423054256
0
0
0
0
0
0
0
0
0
0
0
0
0
2.345722514680379
0
0.002311784658118608
-0.007583339058228744
-0.0023913577863557806
0.010545954677286048
-0.08592750332473449
-0.01530219569418086
0.0030223594405870326
-0.08715443957236893
-0.0025420732836582208
-0.018620757632940417
0.17671548085337152
0.028550316660282838
0.019027598539649904
-0.26819751741011744
-0.0381171648809053
-0.0000012098863046790086
-0.00012435972722604207
0.00005207937524251942
0.00020504197212709678
0.002725175304403814
-0.00006534371970081094
-0.00036821242458460183
-0.003046936846463488
0.0001516061784328395
-0.0005125473285284582
-0.00453220270700028
0.00016453166824529505
0.000022409369727982915
0.0017559528614447006
-0.00011816497099598972
0.000000001957697755643229
0.0000022777162546922336
0.0000011310326296662443
-0.0000056294417954380845
-0.000009118391880866453
0.00004686823426166588
0.0000075261282368030755
-0.000013051215334223618
0.00006399263433027653
0.000010392943954338992
0.000012228879861915879
-0.0000632852967097588
-0.00000034456474233746826
-0.00007774486701557639
-0.00000036036533619981355
0.0000026803012166021068
0.0001970755770446955
0.0020828716615571372
-0.0018013179472691216
-0.00024018677531239762
-0.00003398013593320845
0.0018679797723492985
-0.0016153542666121016
0.00000006616963937147128
0.000004863782714977101
0.0000000004885537316152591
0.0000007172401787014614
-0.00007276400404589956
-0.012719073620093594
-0.02181923782948243
0.02208007106565329
-0.0015939673944647087
0.0073877711467970906
0.003866306005440084
-0.0002791098675076765
0.008554393074189412
-0.0421055535940644
0.0026330206768605353
-0.012249658412548249
-0.0058223116881154485
0.0008843067599227645
-0.00902864299452047
-0.09458614048673182
0.15310197218562713
0.1174423116952219
-0.3118473543744375
0.04223170971271892
-0.3777298985902178
-0.2241586703367519
0.03035653104782851
-0.22079158869814836
0.4432645942113195
-0.08499578680710922
0.7654848807272413
-0.17285072635522739
-0.10366525423054251
0.6205796320985921
-0.8320085923679482
0.8244379775695391
0.3587416813367081
0
0
0
0
0
0
-0.33510321638291124
0
0
-0.33510321638291124
0
4.356341812977847
-0.09307146555477547
0.14804070725533758
0.11585298889108639
-0.31623448235929724
-0.015780431478634
0.3623754496391195
-0.2303893306666417
-0.011496668607639617
0.21536429864013776
0.47772910281354525
0.0329969283844207
-0.7638550264888258
-0.1818715436384415
-0.03811716488090541
0.5701976070002646
-0.00006893911549726838
-0.012326210877340744
-0.021983449674706036
0.021698713174033366
-0.00022761249666842614
-0.00681469592975926
0.005075743842678831
-0.00005324291441688717
-0.008971633655480954
-0.041371754388272175
0.00037730610694208127
0.011264881543806927
-0.005406434978993459
-0.00011816497099598978
-0.008256748726161361
-0.000000056261080315888407
-0.0008303934675662721
-0.015177604880323896
0.0021883627693906147
-0.0000900632085561924
-0.0000007504885036906988
0.03294337511632625
-0.0013558017460115947
0.00024472928924343786
-0.0021349867917513695
0.00008279541557830927
0.000008756184659206023
-0.00012662490360784828
-0.0000003603653361998146
-0.0002838444067992103
-0.00002958622107741712
-0.006314400936600522
-0.04555566703465826
0.005763827547499295
-0.1346274379964899
0.10779645678239744
-0.045439088298682505
0.00566751325539365
-0.00002856413535538039
-0.00623912357680103
-0.00000005591694939554968
-0.0011652371216337811
-0.0000000000000000018330045259671246
-0.000008651510733657688
-0.002004791567100456
0.000017074591179292853
-0.000002313057300294088
0.000030242379790619766
0.0027248416431333968
-0.0003691283023185125
0.004826217797874637
-0.0000014506679878913027
0.00000018896831899571575
-0.0000024706917856020347
-0.00000008133547922184012
0.0000003346991802880814
-0.000004431805952919021
-0.00000000000007547319025798677
-0.00016659931740688143
-0.0038507877747727412
-0.000005871892879116109
-0.000029874132300590424
0.0005628829267071923
-0.00006729956694494248
-0.00034239660158581965
0.0064513740267332954
-0.0000037439328643753072
-0.00000014840798821552652
0.000002796276119853399
-0.000004469810430310586
0.00001422647253164078
-0.00027176735121691386
-0.00007200485994458142
-0.02797739360230894
0.007329552217685089
-0.016200563662004435
-0.0008084250739394067
0.027422328143872892
0.028384119386026956
0.0014163972496321754
-0.0480451576943583
-0.04202344805818711
-0.0013657561943756298
0.046327378669977
-0.014722310867147701
0.002311784658118608
-0.09307146555477547
16.207563176063626
-1.2475685501847642
0.08995043185668533
0
0
0
0
0
0
-0.8320085923679483
0
0
-0.8320085923679483
0
-0.8320085923679483
-0.000072074833500207
-0.027981524688775933
0.007332511194702998
0.03183100607893093
-0.0013122646575319166
0.0002633689980756163
-0.055779768467788315
0.00229957603551969
-0.000461520496644815
-0.12032713521808946
0.004356230322863107
-0.0008742870646816181
-0.014839630377126708
0.000036043347567276914
-0.01466727431112923
-0.0000000000000756917355739013
-0.0001667318710490218
-0.0038513381482227814
0.00048517370273248975
-0.00003504825715402875
0.0002856772436776343
0.0055561174699184646
-0.00040136601132122825
0.0032715217568801865
-0.0002027781162929632
0.000014379746062735295
-0.0001172088586868385
-0.000004757785355943747
0.00000846700098717334
-0.00007273327219848834
-0.0000000000022271667403843407
-0.00009001710578032351
-0.000000001247296158350178
-0.00044184147180954066
-0.00028879058873982336
-0.004545438837468551
-0.03481316487471042
0.02382322829720559
-0.0002891663076413524
-0.004545594900417749
-0.0000000012473763116750463
-0.00044184836992533716
-0.00000865151073365768
-0.0023048141273869322
-0.012560715840536684
0.0024123915840397626
-0.00032680138025197963
0.004272808743831183
0.010009083310548918
-0.0013559084945350742
0.017728008574557898
-0.0024541372135426618
0.00022015254327530367
-0.002878414133863474
-0.0008588325827173812
0.00038993242975427585
-0.005927233171338085
-0.00016659931740688162
-0.010182595471003185
-0.01692519053921624
-0.00018319998648737965
-0.0009320573018719761
0.01756165289279841
-0.00005253493591493138
-0.0002672793353413374
0.005036028260553349
-0.005621648584928196
-0.000015269344433073828
0.00028770218987143333
-0.005696332398810309
0.00146372787452528
-0.03319793972776961
-0.027977393602308897
-0.017723099423034645
0.05419803672142331
0.044045333071402085
0.0021979081955306084
-0.07455454031657607
0.11512277955248862
0.005744747128157484
-0.1948657283528426
-0.019411924445258463
0.004480085226128024
-0.1519675368117118
-0.1089677484567218
-0.007583339058228769
0.1480407072553374
-1.2475685501847644
0.9322455970840973
0.3067182998116485
0
0
0
0
0
0
0.8244379775695391
0
0
0.8244379775695391
0
0.824437977569539
-0.027981524688775627
-0.017708336935493757
0.05421003767648606
-0.08658370220369317
0.0035694986215148317
-0.000716391522232073
-0.22622432507928542
0.009326321189453512
-0.0018717747622781769
0.2375131594091023
-0.0142934247495466
0.00286866291319422
-0.10860667372927997
-0.00011826346129376741
-0.1091721990291093
-0.00016673187104902128
-0.01018647218335968
-0.016925619795230815
0.01513066321559611
-0.0010930175570204178
0.00890915179058944
0.004329651173408484
-0.00031276783316619547
0.002549360788391598
-0.02608787579008034
0.0014784620908215049
-0.012050898084078032
-0.005728298421672872
0.0008705397110540386
-0.012717238279399485
-0.0000010911733070960087
-0.0013808994818193517
-0.0000307410077813626
-0.004444442198291386
-0.014139867256499126
-0.01371096842822217
0.0400531938783173
0.11349736398821132
-0.014147925485541276
-0.013706914834936199
-0.00003074203960289165
-0.004444491861358719
-0.0020047915671004466
-0.012560715840536692
-0.013626031962689213
0.0046742708632276
-0.0006332131897162261
0.008279031293082571
-0.0029450878739512194
0.00039896457463133635
-0.005216316166257442
-0.015980942253151977
0.00010954636398184583
-0.0014322787177815446
-0.015187129839494003
0.00019402764666121117
-0.017709130482441604
-0.003850787774772811
-0.016925190539216265
-0.0072839985843058015
-0.00004191213217637871
-0.0002132342342432735
0.004017720368823887
0.0004303218663568874
0.0021893267864447497
-0.041250894140551116
-0.02478607574537224
0.000006391999371255618
-0.0001204368808908226
-0.024754811869344702
-0.0006127406251566973
-0.013242185539791548
0.007329552217685312
0.05419803672142336
0.08642668721857923
0.05253923011238995
0.0026217625432345014
-0.08893196796278321
0.0991535051967797
0.004947863632551028
-0.1678348983929669
0.06304786550306304
0.001412766408936103
-0.04792199710939433
0.0348070054519838
-0.0023913577863557793
0.11585298889108629
0.08995043185668512
0.30671829981164855
0.2530716
0
0
0
0
0
0
0.3587416813367076
0
0
0.3587416813367076
0
0.35874168133670764
0.007332511194703219
0.05421003767648612
0.08643702320073476
-0.10324418542012918
0.004256343493716484
-0.0008542399697894324
-0.19483383522154152
0.008032217248133338
-0.0016120505850894958
0.14405858579391928
-0.004506361116086551
0.0009044180267285715
0.03493561597448163
-0.000037285526230860516
0.034757319921158575
-0.00385133814822272
-0.016925619795230818
-0.0072804786944846165
0.0034573358635233645
-0.00024975301779582554
0.0020357290067383703
-0.03554131262178756
0.002567453795093586
-0.020927235275312595
-0.016219828415935927
-0.0006190805119958339
0.005046105816453685
-0.024745050441918964
-0.0003645234959880386
-0.021818552365106308
-0.0007315892883020545
-0.005780163316423782
-0.0027449148216125573
-0.010426403663985133
-0.014418079779005784
0.005432443677887228
0.09361143662997447
0.13294580059229757
-0.014416425222982757
0.005443044730368446
-0.002744950068856114
-0.010426455096332539
-0.000017074591179292846
-0.00241239158403976
-0.0046742708632275965
0.0016400894983929406
-0.0003362516762462408
0.004396367914006467
-0.0035398642659456967
-0.00011835014366852855
0.001547384923254181
-0.0019268235937049043
0.00019143822699256062
-0.0025029849309897334
-0.0011090013532851018
0.00047323528520304734
-0.007260185032956744
0.000005871892879116103
0.0001831999864873708
0.00004191213217637582
-0.0036185548501280985
0.000016357410407969537
-0.00030820332959449986
-0.00215641848465875
-0.000022622994910522404
0.00042625832469333634
0.000012000989260543139
-0.000293204354413801
0.005524502719447071
0.0001288544600669703
-0.000028884853410450272
0.0006715645567141283
0.016200563662004376
-0.04404533307140213
-0.05253923011238992
-0.06043239325003064
-0.004072453432240921
0.13814038922043687
0.022137739459344385
-0.0036716833911210186
0.12454599694822613
0.01878789345604219
-0.003681635793320111
0.12488358919730576
0.04118056987650899
0.01054595467728608
-0.3162344823592976
0
0
0
2.1783324808668
0
0
0.3766731073477451
0
0
0
0
0
0
0
0
-0.03183100607893032
0.08658370220369337
0.10324418542012921
-0.2939752228177543
0.012993149649075567
-0.0026077001962086154
-0.18835300546746195
0.01171164365588053
-0.0023505044030288935
0.6650643172047531
-0.03491750462418314
0.0070078761592711454
-0.07990445351197667
-0.00032315303059546563
-0.0814497424162504
-0.000485173702732488
-0.015130663215596113
-0.003457335863523381
0.018299610188321075
-0.0015836668168969512
0.012908418503282093
-0.03247765930772851
0.0021908193843198816
-0.01785730001801509
-0.03433005736923389
0.002064438442883812
-0.016827172932260968
-0.010691021866654885
0.001418251990624387
-0.02207715134439401
-0.0000018926258776689329
-0.0009673099658661907
0.00001591185284378061
0.0008905856182077448
0.01936571031896491
-0.009012122231682271
-0.11440531754145573
-0.06481001605658276
-0.020938890052183502
0.009751030543085569
-0.00008656116828625154
-0.004844711988016859
0.0000023130573002940865
0.0003268013802519801
0.0006332131897162258
-0.0003362516762462416
-0.0007965112705910754
-0.0005955662886150874
-0.00011835014366853076
-0.004397472038467043
-0.00020962083106497814
0.0004125153570754051
0.0005229519990058173
0.0004732352852030474
-0.0000012588307952276642
0.0009262484120485237
0.0009835212928747826
0.00002987413230059047
0.0009320573018719737
0.0002132342342432728
0.000016357410407970286
-0.003538549202219859
-0.0015680304857970649
-0.000022622994910522655
-0.002267069701465004
0.0021686529111262605
0.0006480681778061298
-0.00005615682071725999
-0.000028884853410450553
0.00006855496486651486
0.005383224157975531
0.0034166850160054912
0.000808425073939418
-0.002197908195530602
-0.0026217625432345165
-0.00407245343224093
0.02097496943709723
0.006893349929019394
-0.0036716833911210433
0.09553380560633465
0.0062149755337137435
-0.004159871577773264
0.05076425242327554
0.0105459546772861
0.007152360630321021
-0.08592750332473459
-0.01578043147863409
0
0
0
0
2.1783324808668
0
0
0.3766731073477451
0
0
0
0
0
0
0
0.0013122646575318923
-0.00356949862151485
-0.004256343493716467
0.012993149649075542
0.020658034591231715
0.00010750501559511296
0.01171164365588049
0.09524817612326583
0.00009690186505005231
-0.03569603640489375
-0.09878894430596905
-0.00032315303059546487
0.011572243200679259
-0.0008173774092560842
0.0033578460596842517
0.00003504825715402864
0.001093017557020418
0.00024975301779582435
-0.0015836668168969505
-0.0035087184016107968
-0.0009324857645969808
0.0021908193843198807
-0.0023083658018779735
0.0012899859155250221
0.003168392094206844
0.004591029914224624
0.0014182519906243863
0.00008386653713398886
0.0027032643446060966
0.0015948219641520106
0.0000002564568769668798
0.0001310736029935952
0.000004251362744200501
0.0002379485629323843
-0.00010321497843794538
0.000048032630174802976
0.015488392155767475
0.008774093423954722
0.00031948884349908334
-0.00014878274174851783
0.000005323265782138808
0.0002979360151984453
-0.000030242379790619753
-0.004272808743831183
-0.008279031293082563
0.004396367914006471
-0.0005955662886150866
0.006944749259295012
0.001547384923254183
-0.00020962083106497372
-0.0016727888305932796
-0.005393487699829732
0.0004732352852030473
-0.0056282316806658276
-0.0019642543567914774
0.0007624441627919381
-0.01087846874760472
-0.0005628829267071928
-0.017561652892798384
-0.00401772036882384
-0.0003082033295945146
-0.0015680304857970675
0.025922773117828153
0.00042625832469334095
0.002168652911126261
-0.04301333260497216
-0.012210781854979645
-0.000028884853410450445
0.0004865532759299008
-0.01235206041645119
0.002475412483785548
-0.053316192671902976
-0.027422328143872854
0.07455454031657618
0.08893196796278324
0.13814038922043684
0.006893349929019379
-0.21264892715205333
0.12454599694822618
0.006214975533713706
-0.11509916912195996
0.1411056721511544
0.010545954677286083
-0.3066507998125309
-0.06970542037088599
-0.015302195694180913
0.3623754496391201
0
0
0
0
0
2.1783324808668
0
0
0.3766731073477452
0
0
0
0
0
0
-0.00026336899807561536
0.0007163915222320875
0.0008542399697894551
-0.0026077001962085834
0.00010750501559511183
0.021172113965473617
-0.0023505044030289572
0.00009690186505005527
0.09571155217946234
0.007164125993387091
-0.00032315303059545847
-0.10033423321024271
-0.0006611275751399675
0.0041363778403949465
-0.0023353126833951998
-0.0002856772436776335
-0.008909151790589442
-0.0020357290067383764
0.012908418503282088
-0.0009324857645969808
0.003977541954121524
-0.017857300018015082
0.0012899859155250212
-0.01266473882707032
-0.02582546448415837
0.0014182519906243882
-0.006795099563514511
-0.006295027207291303
0.0004908683128289779
-0.007387910062118639
-0.000003352549193726909
-0.0017134681948568248
-0.00009153689778205073
-0.005123315650314757
-0.012777154198851308
0.005946039340490109
-0.20262736968079126
-0.11478734874151805
0.010011726160662836
-0.004662360198574702
-0.00003361012134398812
-0.0018811132175971688
-0.0027248416431333695
-0.010009083310548932
0.00294508787395123
-0.003539864265945693
-0.00011835014366853164
0.0015473849232541942
-0.018741152197512684
0.002915529967094875
-0.03811948996879838
-0.012010676868489348
-0.0004604983057495198
0.006020847236963488
-0.016125165256453602
-0.0006324276117422431
-0.007904775683741455
0.00006729956694493422
0.000052534935914930674
-0.0004303218663568928
-0.0021564184846587786
-0.000022622994910522194
0.000426258324693331
0.022075283550761306
-0.00009933634939665476
0.0018716772930570482
0.00042727025476251273
0.00032765514286339456
-0.006173618162692714
0.0002956070497448682
0.00005186627119173269
-0.0006788950067900363
-0.028384119386026873
-0.1151227795524886
-0.09915350519677969
0.022137739459344382
-0.0036716833911210308
0.1245459969482263
0.0978285670625918
-0.004132369677530161
0.14017278899678726
-0.06049424492023327
0.0007882566860806577
-0.02673820271552515
-0.12795794437788618
0.0030223594405870335
-0.23038933066664144
0
0
0
0.3766731073477452
0
0
0.421786
0
0
0
0
0
0
0
0
0.055779768467788475
0.22622432507928547
0.19483383522154155
-0.1883530054674613
0.011711643655880512
-0.0023505044030289173
-0.1390571176439348
0.013180471552668776
-0.002645295342724098
0.3200078019485368
-0.007011864780834127
0.0014072678033128561
0.2517397619382499
-0.00009258822507659433
0.2512970133227917
-0.005556117469918302
-0.004329651173408484
0.03554131262178756
-0.03247765930772852
0.002190819384319882
-0.01785730001801512
-0.11102133696735961
0.009616713061496144
-0.07838552623525036
0.02458759807405383
-0.003940322399903501
0.03211744417015267
-0.024316290289043876
-0.002546814202412143
-0.0038697430914312143
-0.0014225878932389703
-0.0054854291254451525
0.0014987165324032569
0.0021869226696025383
-0.010079799981364443
-0.0646318992505059
-0.13203263665856949
-0.10133895426676634
0.010913963153425417
0.06987515686598295
-0.008152906015269018
-0.011896545805245184
0.00036912830231851
0.0013559084945350785
-0.0003989645746313342
-0.00011835014366853013
-0.0043974720384670415
-0.0002096208310649783
0.002915529967094876
0.0023858281617375604
0.005163963437247468
0.001833930048098625
0.0008119102440772297
-0.000632427611742244
0.001977570581324732
0.0014380489523553816
0.001070842570136581
0.0003423966015858339
0.0002672793353413373
-0.002189326786444751
-0.00002262299491052195
-0.0022670697014650298
0.0021686529111262544
-0.00009933634939665626
0.021589420031041424
0.009522437862527088
0.0015174088516923543
0.00006175569431532001
0.00005186627119173177
0.0021603374349868764
-0.0059199353041115566
-0.0034539797759574643
-0.0014163972496321808
-0.005744747128157462
-0.004947863632551043
-0.003671683391121008
0.09553380560633473
0.006214975533713689
-0.004132369677530178
0.18043364105379442
0.006994768803927064
-0.008166338637900748
0.05148910184834029
0.0030223594405870387
-0.0012376227455347586
-0.08715443957236896
-0.011496668607639617
0
0
0
0
0.3766731073477452
0
0
0.421786
0
0
0
0
0
0
0
-0.00229957603551972
-0.009326321189453538
-0.008032217248133324
0.011711643655880545
0.09524817612326592
0.00009690186505005385
0.01318047155266874
0.18011219932746625
0.0001090549126340148
-0.021549494826264535
-0.10089290837969407
-0.00009258822507659457
-0.0020213630743037784
-0.0008347855586783909
-0.010359967520633978
0.0004013660113212235
0.00031276783316620084
-0.002567453795093587
0.002190819384319884
-0.0023083658018779683
0.0012899859155250234
0.009616713061496144
0.021408310583842703
0.0056624587548218565
-0.0025461807294992036
-0.0050171601385465975
-0.0025468142024121414
0.002526581841588879
-0.002954175940280841
0.0002795447284645767
0.00019276522244338537
0.0007432932408530171
0.00040043027625579153
0.0005843066582676302
0.00005372311785106468
0.00034447381364635155
0.01787480947454102
0.013719445022914377
-0.00016652694852446997
-0.001066166019344558
0.0005013805436700469
0.0007316037487073419
-0.004826217797874599
-0.01772800857455792
0.005216316166257439
0.001547384923254186
-0.0002096208310649794
-0.0016727888305932775
-0.0381194899687984
0.005163963437247469
-0.06473614818030282
-0.023977965879607297
-0.0006324276117422474
0.009032299816789423
-0.028560764164215435
-0.0012235857837115704
-0.011296124929493079
-0.006451374026733539
-0.005036028260553402
0.041250894140551095
0.00042625832469332756
0.0021686529111262613
-0.043013332604971984
0.001871677293057078
0.009522437862527093
-0.1573252207757876
-0.028590739535390965
0.00005186627119173172
-0.0009127463622195597
-0.028337056676809816
-0.004643733484786385
0.05271162861988895
0.04804515769435836
0.19486572835284263
0.16783489839296684
0.12454599694822616
0.006214975533713719
-0.11509916912196021
0.14017278899678728
0.0069947688039270345
-0.05662746284204929
0.2770077587663784
0.0030223594405870352
-0.05094228444041536
0.21659152190953435
-0.002542073283658227
0.21536429864013767
0
0
0
0
0
0.37667310734774523
0
0
0.421786
0
0
0
0
0
0
0.00046152049664478984
0.0018717747622781116
0.001612050585089464
-0.0023505044030288536
0.00009690186505005095
0.09571155217946242
-0.002645295342724027
0.00010905491263401218
0.18063369017079628
0.004324942250676287
-0.00009258822507659316
-0.10133565699515226
0.002082888888685062
0.004177662524796368
0.0004020203976510517
-0.0032715217568800876
-0.0025493607883916047
0.020927235275312595
-0.01785730001801513
0.001289985915525023
-0.012664738827070341
-0.07838552623525036
0.005662458754821855
-0.02405151529404987
0.02075383918554789
-0.002546814202412144
0.01542938705906603
-0.014317780924885448
-0.0011145969419396927
-0.008554868645688125
-0.0025199359000406944
-0.00971674920476499
-0.008621740244693648
-0.012580817509439311
0.006650474293697688
0.042642987491123205
-0.23384774810358996
-0.17948506407349626
-0.005218405089636796
-0.03341012509412504
-0.003165624562426856
-0.004619211547218812
-0.0000014506679878913029
-0.0024541372135426652
-0.015980942253151987
0.0019268235937049052
-0.00041251535707540566
0.00539348769982974
0.012010676868489362
-0.001833930048098625
0.02397796587960732
-0.0014392413735107297
0.00019144114245066076
-0.0025030230495400696
-0.0006463500303178083
0.0005169795539968893
-0.00736612831968429
-0.0000037439328643753047
-0.005621648584928195
-0.0247860757453722
-0.000012000989260543176
-0.0006480681778061295
0.012210781854979647
-0.0004272702547625264
-0.0015174088516923534
0.028590739535390833
-0.0030938600219388435
0.0000027500297510020184
-0.0000518155566561935
-0.0015282591863155146
0.0008564308089414553
-0.017619517829299006
-0.04202344805818705
-0.019411924445258712
0.06304786550306307
-0.01878789345604212
0.004159871577773227
-0.14110567215115416
0.060494244920233524
0.008166338637900745
-0.2770077587663785
-0.29102937009448737
0.0005227028049103722
-0.017730434520205073
-0.15335070605212434
-0.018620757632940514
0.4777291028135456
-0.8320085923679481
0.8244379775695391
0.3587416813367076
0
0
0
0
0
0
4.356341812977847
0
0
-0.33510321638291124
0
-0.3351032163829113
-0.12032713521808933
0.2375131594091028
0.14405858579391942
-0.6650643172047547
0.03569603640489386
-0.007164125993387241
-0.32000780194853906
0.02154949482626449
-0.004324942250676327
1.7033097953681657
-0.10929628492537294
0.021935554607042374
-0.19341829863943064
-0.0011809323618443021
-0.19906541162516705
-0.00020277811629296308
-0.026087875790080366
-0.016219828415935895
0.03433005736923385
-0.0031683920942068462
0.02582546448415839
-0.02458759807405309
0.0025461807294992348
-0.020753839185548007
-0.0663712217604626
0.004837847046710406
-0.0394331393873417
-0.013880338228560914
0.0035148283625591414
-0.042098377824267195
-0.00000040217028248412155
-0.001673716426087361
-0.0000052951735913167905
-0.004527971750751985
-0.03439750517527239
-0.003881022567130875
0.03681782362669685
0.1320727623623471
-0.03880615336070025
-0.00007210142783386445
-0.00005903091152593068
-0.008480064213370164
0.00000018896831899571565
0.00022015254327530396
0.00010954636398184583
-0.00019143822699256078
-0.0005229519990058179
-0.000473235285203048
0.00046049830574952026
-0.0008119102440772314
0.0006324276117422472
0.00019144114245066112
0.00026651980750105533
0.0003119214421774859
-0.000030734145712530164
0.0006023103445420394
0.0007755742771406585
-0.00000014840798821552668
-0.00001526934443307379
0.000006391999371255076
0.00029320435441380097
0.00005615682071725983
0.000028884853410450384
-0.0003276551428633941
-0.00006175569431531502
-0.00005186627119173003
0.0000027500297510029553
-0.0007761144373938534
-0.0005592837108290512
0.0000025575752629134235
-0.00010630349566492443
-0.00007999612878943638
-0.0013657561943756292
0.004480085226128006
0.0014127664089361041
0.0036816357933201122
-0.05076425242327549
-0.01054595467728605
-0.0007882566860806558
-0.0514891018483403
-0.0030223594405870374
0.000522702804910344
-0.07347519083982283
-0.011094078415372341
-0.01124112511014264
0.1767154808533716
0.032996928384420796
0
0
0
0
0
0
0
0
0
0
2.345722514680379
0
0
0
0
0.004356230322863087
-0.014293424749546639
-0.004506361116086549
0.03491750462418319
0.09878894430596921
0.0003231530305954632
0.007011864780834144
0.10089290837969413
0.0000925882250765936
-0.10929628492537266
-0.36896989499481625
-0.001063518457848175
0.03571072313435189
-0.0033053453851074866
0.0025154231055674594
0.000014379746062735287
0.0014784620908215057
-0.0006190805119958336
-0.002064438442883813
-0.004591029914224629
-0.0014182519906243884
0.0039403223999035
0.005017160138546582
0.002546814202412144
0.004837847046710402
0.006696256951769527
0.0026726900330810454
-0.00024036089879647869
0.004394213624126367
0.002634347293429914
0.000000046953549053781156
0.0000690714671829054
-0.0000005021171222928974
-0.000036929912088236614
0.000139207087843071
-0.00012038109706978558
-0.023217906644578186
-0.003283331419809538
0.0004656924185489946
-0.00040273473495611476
0.000003420158405148631
0.00025153910126853073
-0.0000024706917856020355
-0.0028784141338634773
-0.001432278717781542
0.0025029849309897356
-0.0004732352852030478
0.005628231680665834
-0.006020847236963514
0.0006324276117422487
-0.009032299816789458
-0.00250302304954007
0.00031192144217748543
-0.0037878821875626835
-0.0009113933699612224
0.0006598002060670567
-0.008827119435182261
0.000002796276119853399
0.00028770218987143214
-0.00012043688089081274
-0.005524502719447062
0.000028884853410450425
-0.00048655327592989956
0.006173618162692745
-0.00005186627119173011
0.0009127463622195358
-0.000051815556656211256
-0.0005592837108290521
0.009732123650025386
0.00017196145689864282
-0.00006522765098867742
0.0012871215788995023
0.04632737866997689
-0.1519675368117117
-0.04792199710939435
-0.12488358919730597
-0.010545954677286067
0.30665079981253063
0.026738202715525086
-0.003022359440587038
0.050942284440415306
-0.017730434520204282
-0.011094078415372282
0.3025164322683886
0.025883387987291007
0.0285503166602829
-0.7638550264888263
0
0
0
0
0
0
0
0
0
0
0
2.345722514680379
0
0
0
-0.0008742870646816702
0.002868662913194314
0.0009044180267285787
-0.007007876159271227
0.00032315303059546964
0.10033423321024296
-0.0014072678033128661
0.00009258822507659499
0.1013356569951523
0.02193555460704183
-0.001063518457848149
-0.374055545187775
-0.00045728979632023766
0.01670616962152091
-0.0072146243847982135
-0.00011720885868683842
-0.012050898084078046
0.005046105816453669
0.016827172932260968
-0.0014182519906243863
0.006795099563514503
-0.03211744417015263
0.002546814202412143
-0.015429387059066022
-0.03943313938734168
0.0026726900330810454
-0.014760857137755663
-0.007263523584608819
0.0012041200682369403
-0.012249784355783968
-0.0000006138033219643397
-0.0009029412443616784
0.000010811179017984707
0.0007951449432378992
0.017232677406538964
-0.014902176633329753
0.3037489821778034
0.04295428490545873
0.014593263785195992
-0.01262037771838304
-0.000021594251295587292
-0.0015881716341798388
-0.00000008133547922184012
-0.0008588325827173825
-0.015187129839494015
0.0011090013532851033
0.0000012588307952276928
0.001964254356791481
0.016125165256453612
-0.001977570581324732
0.028560764164215456
-0.0006463500303178092
-0.00003073414571253043
-0.0009113933699612233
-0.0002747005860724449
-0.00005443607389591898
-0.001746037734020561
-0.000004469810430310586
-0.005696332398810306
-0.024754811869344695
-0.00012885446006697006
-0.00006855496486651497
0.012352060416451188
-0.0002956070497448927
-0.002160337434986882
0.028337056676809802
-0.0015282591863155146
0.0000025575752629135302
0.00017196145689865047
-0.0030679000217072386
-0.00024517059130672273
-0.01801078649312318
-0.014722310867147693
-0.10896774845672197
0.03480700545198369
-0.041180569876509004
-0.007152360630321007
0.06970542037088621
0.12795794437788613
0.0012376227455347518
-0.21659152190953423
-0.15335070605212434
-0.011241125110142632
0.025883387987290903
-0.0767706912528962
0.01902759853964993
-0.18187154363844132
-0.8320085923679481
0.8244379775695391
0.3587416813367076
0
0
0
0
0
0
-0.33510321638291124
0
0
4.356341812977847
0
-0.3351032163829113
-0.014839630377126713
-0.10860667372927989
0.03493561597448139
0.07990445351197646
-0.011572243200679254
0.0006611275751399275
-0.2517397619382496
0.0020213630743037315
-0.0020828888886850853
-0.19341829863943058
0.035710723134351884
-0.000457289796320337
-0.07858802231966107
0.00029546968603909454
-0.1381536398960677
-0.000004757785355943746
-0.005728298421672877
-0.024745050441919002
0.010691021866654896
-0.0000838665371339888
0.006295027207291309
0.024316290289043904
-0.0025265818415888828
0.0143177809248855
-0.013880338228560912
-0.00024036089879647858
-0.007263523584608817
-0.0030602478033116215
-0.00014152794899915884
-0.005821358705001546
-0.00000006202018418520863
-0.0011733353723569102
-0.000003550023785332952
-0.004399618770830713
-0.008279517275989383
-0.026466884287875282
-0.13153842599041662
0.1082648725059954
-0.008292373658504503
-0.026460675712902
-0.000003626339079462531
-0.004405277402802501
0.00000033469918028808124
0.0003899324297542765
0.0001940276466612104
-0.00047323528520304805
-0.000926248412048525
-0.0007624441627919391
0.0006324276117422483
-0.0014380489523553698
0.001223585783711576
0.0005169795539968908
0.0006023103445420399
0.0006598002060670583
-0.000054436073895918564
0.0009932677755425943
0.0011957904488441033
0.000014226472531640775
0.0014637278745252785
-0.0006127406251566941
0.000028884853410450157
-0.005383224157975521
-0.002475412483785551
-0.000051866271191731026
0.005919935304111572
0.004643733484786384
0.0008564308089414534
-0.0001063034956649294
-0.00006522765098868058
-0.00024517059130672706
0.009413089013813096
0.00654842333240546
0.0023117846581186072
-0.00758333905822874
-0.0023913577863557793
-0.010545954677286045
0.08592750332473444
0.015302195694180856
-0.003022359440587033
0.08715443957236896
0.002542073283658223
-0.018620757632940542
0.17671548085337155
0.02855031666028303
0.01902759853964994
-0.26819751741011755
-0.03811716488090555
0
0
0
0
0
0
0
0
0
0
0
0
0
2.345722514680379
0
0.00003604334756727898
-0.0001182634612937715
-0.000037285526230860705
0.0003231530305954702
0.0008173774092561099
-0.004136377840394961
0.00009258822507659463
0.0008347855586783958
-0.004177662524796358
-0.0011809323618442722
-0.003305345385107429
0.016706169621520876
0.00029546968603908565
0.03048967354755626
0.0002974300144350511
0.000008467000987173336
0.0008705397110540394
-0.0003645234959880386
-0.0014182519906243874
-0.002703264344606098
-0.000490868312828977
0.002546814202412145
0.0029541759402808305
0.0011145969419396919
0.003514828362559141
0.004394213624126367
0.00120412006823694
-0.00014152794899915884
0.0018208163744141005
0.0008849069720079961
0.00000008317231888256286
0.00012235143476892207
0.00000288855384405515
0.00021244852005040618
-0.00009184638196318045
0.00007942532520386014
-0.04112206892114344
-0.005815226282163228
-0.0002226662902374391
0.00019256368755550584
0.0000013279850686923328
0.00009766804080595802
-0.000004431805952919022
-0.005927233171338091
-0.017709130482441503
0.007260185032956755
-0.0009835212928747837
0.010878468747604725
0.007904775683741382
-0.0010708425701365688
0.011296124929492477
-0.0073661283196843055
0.0007755742771406586
-0.008827119435182273
-0.0017460377340205615
0.0011957904488441023
-0.015110197057749936
-0.0002717673512169138
-0.03319793972776951
-0.013242185539791645
-0.000671564556714125
-0.003416685016005484
0.05331619267190289
0.0006788950067899778
0.0034539797759574288
-0.0527116286198909
-0.017619517829299
-0.00007999612878944052
0.0012871215788995646
-0.018010786493123168
0.00654842333240546
-0.1214980978732745
-0.09307146555477544
0.14804070725533705
0.11585298889108653
0.3162344823592973
0.01578043147863401
-0.3623754496391195
0.2303893306666415
0.011496668607639607
-0.21536429864013712
0.47772910281354525
0.032996928384420685
-0.7638550264888255
-0.18187154363844144
-0.03811716488090537
0.5701976070002646
-0.8320085923679482
0.8244379775695391
0.3587416813367081
0
0
0
0
0
0
-0.33510321638291124
0
0
-0.33510321638291124
0
4.356341812977847
-0.014667274311129233
-0.10917219902910932
0.03475731992115833
0.08144974241625019
-0.003357846059684232
0.0023353126833952098
-0.2512970133227916
0.010359967520633928
-0.0004020203976510623
-0.19906541162516722
0.0025154231055675167
-0.007214624384798196
-0.13815363989606774
0.00029743001443505136
-0.07575282895383803
-0.00007273327219848831
-0.0127172382793995
-0.02181855236510637
0.022077151344394034
-0.0015948219641520119
0.007387910062118639
0.0038697430914313227
-0.0002795447284645808
0.008554868645688121
-0.042098377824267195
0.0026343472934299145
-0.012249784355783954
-0.005821358705001547
0.0008849069720079954
-0.009028305569468861
-0.000001142933372440503
-0.0027634230508118162
-0.00006560986787393318
-0.008964021147582928
-0.01964859202716056
-0.016635332515473798
0.40329903238722
0.18389824714498182
-0.015262894871029407
-0.020432510122877803
-0.000011800662603259328
-0.005006466514265509
-0.00000000000007568456321979636
-0.00016672752524714786
-0.0038513201113331407
-0.000005852932098433892
-0.000029873365383427744
0.0005632861841309418
-0.00006702849218395898
-0.0003421134235689229
0.006450822076076366
-0.000003747843107161849
-0.00000014786030819613173
0.0000027880243059065546
-0.000004473552622842609
0.000014230076034968853
-0.00027203833232445696
-0.00000000000000000183458077447443
-0.000008653599434281434
-0.002004912358275935
-0.00001770557675707905
-0.0000008808993665780215
0.000029963091237497115
-0.0028249871059324487
-0.0001405505952361595
0.004780716695148832
-0.0000015554737471598456
-0.00000007461496761984122
0.0000025379687706679457
-0.00000005946758526243925
0.00000012627067240734305
-0.000004350751772056878
-0.0000000000000757808563870567
-0.00016678584526240802
-0.0038515621228863246
-0.0004911833537520228
0.000005152354822739306
0.00027773534505897237
-0.005623041562435052
0.00005898389082481085
0.0031794998277003663
-0.00020770419050317426
0.000002139720505017795
0.00011534066135509678
-0.0000037431890944129095
-0.0000012098863046790063
-0.00006893911549726824
-0.00007207483350020702
-0.02798152468877589
0.0073325111947029654
-0.03183100607893086
0.001312264657531908
-0.00026336899807561547
0.05577976846778827
-0.0022995760355196864
0.0004615204966448144
-0.12032713521808965
0.004356230322863114
-0.0008742870646816193
-0.014839630377126708
0.000036043347567276995
-0.014667274311129228
16.207563176063626
-1.2475685501847642
0.08995043185668533
0
0
0
0
0
0
-0.8320085923679483
0
0
-0.8320085923679483
0
-0.8320085923679483
-0.0000721022213596762
-0.027983140427933782
0.007333668723854469
0.01562811139569077
-0.002116115904786373
0.027681269408120622
-0.027388266776582893
0.0037084933337780085
-0.04851142739314765
-0.04013451662758215
0.0034490459321105255
-0.04511755213019503
-0.0151293581007702
0.006109117553005154
-0.09457674001154531
-0.0000000012450553941934554
-0.00044164848977952325
-0.0000000000022318067726103557
-0.00009006546605592535
-0.0000000012472721451063116
-0.0004418394051270827
-0.0002889217024887881
-0.004545493398476078
-0.03481287453862435
0.02382146130916349
-0.00028891951177046103
-0.004545492487723562
-0.0001667275252471473
-0.010186345112175369
-0.01692560573943262
-0.00018253254651449057
-0.0009316461159448514
0.01756693224467143
-0.00005223549221758059
-0.00026660995185922746
0.0050271437618952365
-0.005624381615661337
-0.000015202693900682471
0.00028665894605154767
-0.00569899758097552
0.0014631072583462042
-0.03320945994935827
-0.000008653599434281412
-0.002305103299724439
-0.012561159529199752
-0.002501245005047711
-0.00012444356774325504
0.004232848967408754
-0.01037647113701664
-0.0005162569385523389
0.017560069105197414
-0.0025760182551280895
-0.00008691182123477964
0.002956236464774534
-0.0008334641234771418
0.0001470805986725935
-0.005831969597747941
-0.000166785845262408
-0.01018805023201382
-0.0169257942675975
-0.015315402319502163
0.00016065362639084546
0.008659960716159355
-0.004378700660147838
0.00004593115644353361
0.002475898113131254
-0.026589358422278272
0.0002199339370277267
0.011855438919111293
-0.005624963336680867
-0.00012435972722604183
-0.012326210877340746
-0.027981524688775624
-0.017708336935493795
0.054210037676486064
0.08658370220369324
-0.003569498621514862
0.0007163915222321361
0.22622432507928536
-0.009326321189453512
0.0018717747622781767
0.2375131594091028
-0.01429342474954662
0.002868662913194222
-0.10860667372927992
-0.0001182634612937675
-0.10917219902910924
-1.2475685501847644
0.9322455970840973
0.3067182998116485
0
0
0
0
0
0
0.8244379775695391
0
0
0.8244379775695391
0
0.824437977569539
-0.027983140427933786
-0.017702561291814627
0.05421473218341736
-0.0425183865503711
0.005757178954451599
-0.07531062987073223
-0.11107544213774735
0.01504010969640764
-0.19674221411609064
-0.025611374195562524
-0.011317966619068092
0.1480522321229693
-0.10766523925899069
-0.02004693178863109
0.1530395568317594
-0.00003071214927017168
-0.004443052717864677
-0.0000010923815117472936
-0.001381454767516377
-0.00003074069865032735
-0.004444427319136331
-0.014142680050642226
-0.01370955374457615
0.04003991881044381
0.11349132541688534
-0.014142633059435793
-0.013709577380889364
-0.0038513201113329915
-0.01692560573943257
-0.007280594071879778
-0.00004171010859230295
-0.00021288839392033233
0.004014180843637824
0.00042876128606468534
0.0021883976006326763
-0.04126398609597322
-0.024788444764014837
0.000006365808054928485
-0.00012003239950192813
-0.024757200899202036
-0.0006126453660944011
-0.013237773876363934
-0.0020049123582759087
-0.012561159529199766
-0.013625901389882778
-0.004845884722074759
-0.0002410956073757403
0.008200675303947181
0.0030541793274243764
0.00015195351565534983
-0.005168577962686534
-0.016041987915407625
-0.00004323411369546023
0.0014705739865175137
-0.015175157806707282
0.00007316495311068859
-0.01766165447553453
-0.0038515621228862786
-0.01692579426759748
-0.007279045854305238
-0.0034978073361408386
0.000036690869834479946
0.001977804663028802
0.03597551061098302
-0.00037737149311168933
-0.02034203882702925
-0.0160103277509014
-0.0000921039494901146
-0.004964821537529646
-0.024789798587233663
0.00005207937524252011
-0.02198344967470605
0.007332511194703219
0.05421003767648608
0.08643702320073476
0.1032441854201292
-0.004256343493716483
0.0008542399697894322
0.19483383522154146
-0.008032217248133341
0.0016120505850894984
0.14405858579391928
-0.004506361116086551
0.0009044180267285715
0.03493561597448163
-0.000037285526230860516
0.034757319921158575
0.08995043185668512
0.30671829981164855
0.2530716
0
0
0
0
0
0
0.3587416813367076
0
0
0.3587416813367076
0
0.35874168133670764
0.007333668723854515
0.05421473218341737
0.0864410662665765
-0.05069275127219253
0.006864024353834941
-0.08978946140551189
-0.09566093712130196
0.012952917046967978
-0.16943929469418872
0.06110551294760662
-0.0035679699047276928
0.04667321669358386
0.035238170255531706
-0.0063197614652316485
0.11742491790884466
-0.0027439286991599436
-0.010424964462880233
-0.0007319183305751346
-0.005781431915676168
-0.0027449042614817575
-0.010426388254644795
-0.014417502515253705
0.005436144131239419
0.09360565034466428
0.1329413594049425
-0.014417512161566321
0.0054360823111588375
0.000005852932098433875
0.00018253254651449054
0.000041710108592304954
-0.003619885432934107
0.000016284540301529088
-0.0003070580247334135
-0.0021545790700620276
-0.000022527590765256003
0.00042477573172468997
0.000011964807215187604
-0.0002930993464311255
0.005526622471335301
0.00012839924024544657
-0.000028756044435822833
0.000669092394354628
0.00001770557675707901
0.0025012450050477123
0.00484588472207477
0.0018258630940978498
0.00013274154024629152
-0.00451509790142783
-0.0034750531232140822
0.000046692270459974626
-0.001588200438051046
0.002150720886560278
0.00008050576094231383
-0.0027383394196651726
0.001117797835062917
-0.00018505297076111947
0.007406786972498958
0.0004911833537520226
0.015315402319502175
0.003497807336140846
0.018834132350061802
-0.0002355750957111994
-0.012698568469293616
-0.033220229460197516
0.0003259235612688158
0.017568761443280533
0.03556880435088502
-0.00031202745037562247
-0.016819697901137794
0.010649822652174594
0.00020504197212709607
0.02169871317403337
0.031831006078930316
-0.08658370220369324
-0.10324418542012916
-0.2939752228177542
0.012993149649075574
-0.002607700196208642
-0.1883530054674617
0.01171164365588052
-0.002350504403028892
-0.6650643172047541
0.034917504624183145
-0.007007876159271148
0.07990445351197656
0.0003231530305954657
0.08144974241625028
0
0
0
2.1783324808668
0
0
0.3766731073477451
0
0
0
0
0
0
0
0
-0.01562811139569071
0.04251838655037116
0.050692751272192506
-0.054783316076639124
0.01028844626659272
-0.13458490258135278
0.02725407572652974
0.009272820776112002
-0.12129933407531696
-0.026485362444306472
-0.008508320787928332
0.11129878066160716
-0.03796377225154193
-0.02689468076909067
0.3117941029065891
-0.000013982316343508591
-0.0007830974379414458
0.0000019645484026804987
0.0010033551560416313
0.0000872436566319733
0.00488305707482067
0.02072097495100994
-0.009645166285354853
0.11856380916704262
0.06717271489500284
-0.019099284369358916
0.008890268142237057
0.000029873365383427612
0.0009316461159448514
0.00021288839392033596
0.00001628454030152909
-0.0035399596841007527
-0.001567224155774723
-0.00002252759076525604
-0.002265146180215891
0.002168055331313346
0.0006478646590769939
-0.00005595891159387176
-0.00002875604443582312
0.00006855343803545047
0.0053854856420197965
0.003415047575415523
0.0000008808993665780192
0.00012444356774325507
0.00024109560737574034
0.00013274154024629146
-0.0008355622000866772
-0.00022463808640491213
0.00004669227045997324
-0.004411218165555083
-0.0000790171808054045
0.00016469291254317297
-0.0005743160784925531
-0.00018505297076111863
-0.0000020754439890864633
0.000971913273152975
0.00036850728117873835
-0.00000515235482273931
-0.00016065362639084544
-0.000036690869834479234
-0.00023557509571119919
-0.003621198762363771
0.0001332038840381425
0.0003259235612688148
-0.0021527625722526002
-0.00018429063619599618
-0.0004742962273432409
-0.004819554908630858
0.0002050419721270986
-0.000010522250157178316
0.0027251753044038158
-0.00022761249666842563
-0.001312264657531892
0.003569498621514862
0.004256343493716469
0.012993149649075587
0.020658034591231656
0.00010750501559511448
0.01171164365588049
0.09524817612326587
0.00009690186505005235
0.03569603640489382
0.0987889443059692
0.00032315303059546525
-0.011572243200679264
0.0008173774092560852
-0.0033578460596842465
0
0
0
0
2.1783324808668
0
0
0.3766731073477451
0
0
0
0
0
0
0
0.002116115904786377
-0.005757178954451601
-0.006864024353834963
0.010288446266592732
0.019806653136473895
0.018223395372972333
0.009272820776112021
0.09448088512872041
0.01642447021126001
-0.009765170934973416
-0.04724596424361689
-0.02689468076909069
0.018491870887803942
-0.08368434493208271
-0.04221831054782249
0.000005473835114888159
0.0003065691083561347
0.000000097833892775764
0.00004996677130390434
-0.0000018290246707956156
-0.00010237113165058422
-0.001397958764574489
0.0006507196102629788
0.005879197150735284
0.0033308784256539446
0.0014775303603747681
-0.0006877556686417771
-0.0005632861841309397
-0.017566932244671447
-0.004014180843637891
-0.0003070580247334136
-0.0015672241557747235
0.025928188269040572
0.00042477573172468997
0.002168055331313343
-0.043030581704119365
-0.012216006029478688
-0.00002875604443582307
0.00048473424251531427
-0.012357142858794195
0.0024740835699073984
-0.053328938930639884
-0.00002996309123749705
-0.004232848967408755
-0.008200675303947191
-0.004515097901427828
-0.0002246380864049121
0.006798719375855137
-0.0015882004380510372
-0.00007901718080540613
-0.0017258346793450508
-0.005601898414196626
-0.00018505297076111914
0.005714673058943474
-0.001891645721378484
0.0002843201295778793
-0.01057224174023746
-0.00027773534505897226
-0.008659960716159354
-0.0019778046630288234
-0.0126985684692936
0.00013320388403814247
0.003556624961022585
0.017568761443280515
-0.0001842906361959965
-0.012083446726378295
-0.025566722575078388
0.000205041972127096
0.006229335613227912
-0.006021849369536762
-0.00006534371970081063
-0.006814695929759251
0.00026336899807561536
-0.0007163915222321163
-0.0008542399697894556
-0.0026077001962086736
0.00010750501559511565
0.02117211396547359
-0.0023505044030289572
0.0000969018650500553
0.0957115521794624
-0.007164125993387102
0.00032315303059545874
0.10033423321024289
0.0006611275751399669
-0.004136377840394951
0.002335312683395201
0
0
0
0
0
2.1783324808668
0
0
0.3766731073477452
0
0
0
0
0
0
-0.02768126940812063
0.07531062987073235
0.08978946140551188
-0.13458490258135278
0.01822339537297231
-0.2171835568809104
-0.12129933407531697
0.016424470211259975
-0.11911480135700299
0.127739849625409
-0.026894680769090684
0.302511910914514
-0.06724327596828096
-0.04096146040077739
0.3776128388258465
-0.00009170312690417186
-0.005135950436653925
-0.0000033241605559887835
-0.0016977508056359122
-0.00003217607078646461
-0.0018009056034475719
0.01035134697583463
-0.004818328437507408
-0.20070215775346903
-0.11370846564647319
-0.013095607513763978
0.006095697620463463
0.00006702849218395492
0.00005223549221757271
-0.00042876128606468534
-0.0021545790700619838
-0.0000225275907652564
0.0004247757317246955
0.022083365058006323
-0.0000988870346398029
0.001864594085311171
0.00042560396689417305
0.00032762226065880234
-0.006177579615627291
0.0002943816223954411
0.00005163831430105015
-0.0006765614812232882
0.002824987105932402
0.010376471137016665
-0.0030541793274243625
-0.003475053123214085
0.00004669227045997336
-0.0015882004380510255
-0.020351231167640385
-0.001150924106830446
0.039147767984393456
0.012247376527798072
-0.00018551966726453994
0.006310303909277678
0.016760397199305083
0.00024731707115242753
0.008355374747717765
0.005623041562434925
0.004378700660147809
-0.035975510610983016
-0.03322022946019743
0.0003259235612688122
0.01756876144328053
-0.11426325253237522
0.001430473065209491
0.07710900045356303
-0.02636465599791355
0.0005945984772049434
0.03205156067847355
0.02491723642011884
-0.00036821242458460416
0.005075743842678799
-0.055779768467788475
-0.22622432507928542
-0.19483383522154157
-0.1883530054674614
0.011711643655880512
-0.0023505044030289173
-0.1390571176439348
0.01318047155266876
-0.002645295342724064
-0.3200078019485368
0.007011864780834127
-0.0014072678033128561
-0.2517397619382499
0.00009258822507659433
-0.2512970133227917
0
0
0
0.3766731073477452
0
0
0.421786
0
0
0
0
0
0
0
0
0.027388266776582987
0.11107544213774735
0.09566093712130193
0.027254075726529645
0.009272820776111992
-0.12129933407531701
0.10359199521512064
0.01043558528553413
-0.1365096529291723
0.055975340308503756
0.002388325945221456
-0.031242094903470553
0.12396732352957074
-0.007704950331296745
0.22416806877025866
-0.0013177753922779633
-0.0019235732814299944
0.0014756595605246881
0.005688531790829057
0.00821741888459503
0.011990878350797459
-0.010790507318358204
-0.06915254828383638
0.13684552300644515
0.10503498377426769
0.009945925744936288
0.06374048394163118
0.0003421134235688978
0.00026660995185921906
-0.002188397600632678
-0.00002252759076525639
-0.002265146180215862
0.0021680553313133534
-0.0000988870346398029
0.021598020053041463
0.009516888196461947
0.0015159650068661441
0.00006155584886955367
0.000051638314301050426
0.0021588414350890562
-0.005924134884453874
-0.0034531697947332114
0.00014055059523615716
0.00051625693855234
-0.00015195351565534983
0.00004669227045997386
-0.004411218165555087
-0.00007901718080540468
-0.0011509241068304464
0.0027244279208555426
0.0019477052057401993
0.0006880930852921146
-0.0007987227560672808
0.00024731707115242785
0.0007551205333677273
0.001351675979938943
0.00041570203692143444
-0.00005898389082481373
-0.00004593115644353512
0.0003773714931116892
0.0003259235612688129
-0.002152762572252578
-0.00018429063619599526
0.0014304730652094906
0.022091340595179993
-0.0008088485233237356
0.0003897493843552284
0.0053885999227025584
-0.0003682124245846058
-0.0003745664202233761
-0.003046936846463482
-0.00005324291441688106
0.00229957603551972
0.009326321189453535
0.008032217248133359
0.011711643655880545
0.0952481761232659
0.00009690186505005383
0.013180471552668792
0.18011219932746625
0.00010905491263401386
0.021549494826264535
0.10089290837969407
0.00009258822507659457
0.0020213630743037784
0.0008347855586783909
0.010359967520633978
0
0
0
0
0.3766731073477452
0
0
0.421786
0
0
0
0
0
0
0
-0.0037084933337780393
-0.015040109696407625
-0.012952917046967995
0.00927282077611201
0.09448088512872042
0.016424470211259982
0.010435585285534153
0.17924870420686528
0.018484015144654222
-0.021055984019422748
-0.04917550238740029
-0.007704950331296763
-0.003309054292396178
-0.08710203654170608
-0.030353355159779095
0.0005158862836868562
0.0007530456839392337
0.00007348738214895632
0.0002832870946402463
-0.00017227455210397374
-0.00025138346069827634
0.0007279910484698878
0.004665437374187725
0.006785728415800711
0.005208346304589362
-0.0007694218781177124
-0.004930996281715743
-0.0064508220760758975
-0.0050271437618951385
0.04126398609597321
0.00042477573172469604
0.0021680553313133586
-0.0430305817041196
0.0018645940853111713
0.009516888196461945
-0.15734579496760748
-0.028584732019090835
0.0000516383143010504
-0.0009093872547491855
-0.028331287287917416
-0.004641512540940577
0.05273688315429049
-0.004780716695148749
-0.017560069105197435
0.005168577962686549
-0.0015882004380510253
-0.00007901718080540393
-0.0017258346793451239
0.03914776798439347
0.0019477052057401993
-0.06346795381420903
-0.023404938948463218
0.00024731707115242774
-0.009203745207654435
-0.028363566877802057
-0.00045791071563521446
-0.011461031512788777
-0.003179499827700289
-0.0024758981131312308
0.020342038827029257
0.017568761443280522
-0.00018429063619599488
-0.012083446726378299
0.07710900045356303
-0.0008088485233237357
-0.021494266245508424
0.02100926342896357
-0.00036821242458460427
-0.014452892654737478
-0.01408923409597368
0.00015160617843283975
-0.008971633655480985
-0.00046152049664478984
-0.001871774762278111
-0.00161205058508953
-0.002350504403028853
0.00009690186505005093
0.0957115521794624
-0.0026452953427241344
0.00010905491263401651
0.18063369017079628
-0.004324942250676287
0.00009258822507659316
0.10133565699515226
-0.002082888888685062
-0.004177662524796368
-0.0004020203976510517
0
0
0
0
0
0.37667310734774523
0
0
0.421786
0
0
0
0
0
0
0.04851142739314766
0.19674221411609075
0.16943929469418872
-0.12129933407531707
0.01642447021125995
-0.11911480135700303
-0.13650965292917233
0.018484015144654184
-0.061130793764902006
0.27543688177777925
-0.007704950331296758
0.05102524285328801
0.21957694013954376
-0.0069090451951349064
0.22076672102971476
-0.008642639821646134
-0.012615769834040657
-0.0024969246359473306
-0.009625414662607077
-0.0030306415608886937
-0.004422319805263053
-0.005390493717679285
-0.03454576935890067
-0.23164903303334544
-0.17780086546811102
0.006819519380824749
0.043704274165168394
-0.0000037478431071618567
-0.005624381615661336
-0.024788444764014872
-0.000011964807215187687
-0.0006478646590769937
0.01221600602947868
-0.00042560396689417116
-0.0015159650068661554
0.02858473201909084
-0.0030957603786619945
0.0000027378698586950153
-0.000051624724752537396
-0.0015291613546631138
0.0008562358559661182
-0.01762876318470346
-0.0000015554737471598418
-0.0025760182551280908
-0.01604198791540768
-0.0021507208865602784
-0.00016469291254317303
0.005601898414196629
-0.012247376527797971
-0.0006880930852921202
0.02340493894846337
-0.0016601885985269807
-0.00008225993516297761
0.00279800626041271
-0.0006491785315877447
0.0002063142344150299
-0.0076607275696709025
-0.0002077041905031746
-0.026589358422278265
-0.016010327750901516
-0.03556880435088502
0.00047429622734324224
0.025566722575078388
0.026364655997913766
-0.0003897493843552167
-0.021009263428963407
-0.06967843099841764
0.0007381276613717396
0.03978843611932363
-0.013752632013308959
-0.0005125473285284586
-0.04137175438827221
-0.12032713521808926
0.23751315940910286
0.14405858579391928
0.6650643172047543
-0.03569603640489387
0.007164125993387243
0.3200078019485397
-0.02154949482626448
0.004324942250676324
1.703309795368173
-0.10929628492537291
0.021935554607042204
-0.19341829863943122
-0.0011809323618442954
-0.1990654116251675
-0.8320085923679481
0.8244379775695391
0.3587416813367076
0
0
0
0
0
0
4.356341812977847
0
0
-0.33510321638291124
0
-0.3351032163829113
-0.04013451662758214
-0.025611374195562454
0.06110551294760673
0.02648536244430637
0.009765170934973406
-0.12773984962540902
-0.05597534030850353
0.021055984019422734
-0.2754368817777796
-0.29142093212725206
0.0007470727437433305
-0.00977258468699561
-0.14933408493927974
-0.045567828353836375
0.4432629031954522
-0.00000486409620487043
-0.004495068411653176
-0.00000042876340570647455
-0.0017127290513213268
-0.000059913057266352746
-0.008545055983336748
-0.03817871206928788
-0.0006124125254441878
0.04954076180122691
0.1338669779067243
-0.03368209111749574
-0.004500972528065141
-0.00000014786030819613197
-0.000015202693900682444
0.000006365808054928543
0.00029309934643112533
0.00005595891159387161
0.00002875604443582299
-0.0003276222606587991
-0.00006155584886955449
-0.000051638314301050554
0.0000027378698586950153
-0.0007766196685673149
-0.0005591289965897991
0.000002546493297791481
-0.0001059386593362449
-0.00007964765698809012
-0.00000007461496761984092
-0.00008691182123477962
-0.00004323411369546083
-0.0000805057609423138
0.0005743160784925533
0.00018505297076111914
0.00018551966726454015
0.0007987227560672869
-0.0002473170711524259
-0.00008225993516297749
0.0003143597125001228
0.00012896374372359096
0.000013535591806078831
-0.0006663106747592977
-0.00030090707450601464
0.0000021397205050177985
0.00021993393702772753
-0.00009210394949011295
0.00031202745037562426
0.004819554908630863
-0.00020504197212709713
-0.0005945984772049401
-0.005388599922702558
0.0003682124245846017
0.0007381276613717385
0.007208595851262906
-0.0003922358772144635
-0.00003963164780529661
-0.004532202707000282
0.00037730610694208143
0.004356230322863083
-0.014293424749546639
-0.00450636111608655
-0.03491750462418317
-0.0987889443059693
-0.0003231530305954632
-0.007011864780834136
-0.10089290837969417
-0.0000925882250765936
-0.10929628492537306
-0.36896989499481614
-0.0010635184578481653
0.03571072313435192
-0.0033053453851075057
0.002515423105567481
0
0
0
0
0
0
0
0
0
0
2.345722514680379
0
0
0
0
0.003449045932110531
-0.011317966619068077
-0.0035679699047276867
0.008508320787928327
0.04724596424361693
0.02689468076909065
-0.002388325945221461
0.04917550238740029
0.007704950331296746
0.0007470727437433175
-0.06458121776719959
-0.02566264736256449
0.027963930711276522
-0.1665024422123625
-0.08498401190828536
0.0000005685112430311729
0.000041850715145260855
-0.0000000185767677927282
-0.000027301585288249874
0.0000011844394940802557
0.00008711447122738572
0.0020170725917452274
-0.0017443213411586476
0.009134924788135879
0.0012919371276458433
0.001965041058429921
-0.001699325057159375
0.000002788024305906561
0.0002866589460515471
-0.00012003239950192981
-0.005526622471335301
0.000028756044435823057
-0.00048473424251531275
0.006177579615627276
-0.00005163831430105068
0.0009093872547491901
-0.000051624724752537396
-0.000559128996589799
0.00973655161946381
0.00017136636707083233
-0.0000649410396239511
0.0012824377065490825
0.000002537968770667939
0.002956236464774535
0.0014705739865175423
0.0027383394196651718
0.00018505297076111855
-0.00571467305894348
-0.0063103039092776946
-0.000247317071152426
0.009203745207654443
0.002798006260412707
0.000128963743723591
-0.004068447977994714
0.0008883902389842921
-0.0002551996727136021
0.008886322153694413
0.00011534066135509697
0.011855438919111304
-0.004964821537529635
0.016819697901137815
-0.0002050419721270996
-0.006229335613227922
-0.032051560678473534
0.0003682124245846032
0.014452892654737473
0.039788436119323575
-0.00039223587721446345
-0.01392742435537802
0.00693730670845618
0.00016453166824529508
0.011264881543806927
-0.0008742870646816695
0.0028686629131943146
0.0009044180267285789
0.007007876159271225
-0.0003231530305954697
-0.10033423321024298
0.0014072678033128644
-0.000092588225076595
-0.10133565699515235
0.021935554607042718
-0.0010635184578481915
-0.37405554518777506
-0.0004572897963202598
0.016706169621520918
-0.007214624384798276
0
0
0
0
0
0
0
0
0
0
0
2.345722514680379
0
0
0
-0.045117552130195
0.14805223212296925
0.04667321669358386
-0.11129878066160713
0.02689468076909067
-0.3025119109145141
0.031242094903470713
0.0077049503312967595
-0.051025242853288015
-0.009772584686995323
-0.025662647362564434
0.26915440413980957
-0.019497079614141974
-0.0737460740342467
0.7653863882844308
-0.000009524265450440287
-0.0007011247802400454
0.0000006311939247463683
0.0009276422552169556
0.000020836574603027497
0.0015325115278617435
-0.01493564674560067
0.012916028639215489
-0.31184514975232913
-0.04410373773022863
-0.017416499274574913
0.015061412329435475
-0.000004473552622842617
-0.0056989975809755185
-0.02475720089920211
-0.00012839924024544633
-0.0000685534380354504
0.012357142858794185
-0.00029438162239543817
-0.002158841435089068
0.02833128728791757
-0.0015291613546631138
0.0000025464932977914843
0.00017136636707083228
-0.00306982432676436
-0.00024507451453465443
-0.01801967987683738
-0.0000000594675852624391
-0.0008334641234771417
-0.0151751578067073
-0.0011177978350629166
0.0000020754439890864565
0.0018916457213784838
-0.016760397199305083
-0.0007551205333677278
0.0283635668778021
-0.0006491785315877442
0.000013535591806078821
0.0008883902389842916
-0.00028228756319992646
-0.00002290623896659585
-0.0016276372664886687
-0.0000037431890944129184
-0.00562496333668087
-0.024789798587233694
-0.010649822652174599
0.000010522250157178218
0.006021849369536768
-0.024917236420118873
0.00037456642022337856
0.014089234095973725
-0.013752632013308959
-0.00003963164780529672
0.006937306708456179
-0.003096862951120343
0.000022409369727982996
-0.00540643497899346
-0.014839630377126711
-0.1086066737292798
0.034935615974481526
-0.07990445351197636
0.011572243200679256
-0.0006611275751399262
0.2517397619382496
-0.0020213630743037376
0.002082888888685087
-0.19341829863943105
0.03571072313435192
-0.00045728979632015873
-0.07858802231966118
0.0002954696860390891
-0.13815363989606777
-0.8320085923679481
0.8244379775695391
0.3587416813367076
0
0
0
0
0
0
-0.33510321638291124
0
0
4.356341812977847
0
-0.3351032163829113
-0.015129358100770207
-0.10766523925899071
0.03523817025553169
0.037963772251541954
-0.01849187088780394
0.06724327596828095
-0.12396732352957078
0.003309054292396153
-0.21957694013954393
-0.14933408493927985
0.02796393071127653
-0.019497079614142016
-0.0832696905990457
0.049531071293893364
-0.1728607239870937
-0.0000036344584015491906
-0.0044045491438823876
-0.00000005665870206232738
-0.001165860596267681
-0.0000034406557711053647
-0.0043915610857191345
-0.008417125047852657
-0.02634959798951449
-0.1342272498876307
0.10787697550595579
-0.00843302019084874
-0.02633582361760317
0.000014230076034968873
0.001463107258346205
-0.0006126453660943961
0.00002875604443582279
-0.0053854856420197965
-0.002474083569907399
-0.000051638314301050405
0.005924134884453876
0.004641512540940565
0.0008562358559661184
-0.0001059386593362449
-0.0000649410396239511
-0.0002450745145346539
0.009417816111684478
0.0065455620439329575
0.00000012627067240734241
0.00014708059867259336
0.00007316495311069038
0.00018505297076111917
-0.0009719132731529747
-0.00028432012957787926
-0.00024731707115242677
-0.0013516759799389534
0.0004579107156352137
0.0002063142344150298
-0.0006663106747592977
-0.000255199672713602
-0.00002290623896659587
0.0010482235836535875
0.00044211807747340787
-0.0000012098863046790078
-0.00012435972722604224
0.00005207937524251908
-0.00020504197212709688
-0.002725175304403817
0.00006534371970081106
0.0003682124245846018
0.00304693684646348
-0.0001516061784328393
-0.0005125473285284589
-0.004532202707000283
0.00016453166824529516
0.000022409369727982942
0.0017559528614447015
-0.00011816497099598978
0.00003604334756727896
-0.00011826346129377156
-0.00003728552623086072
-0.0003231530305954703
-0.000817377409256111
0.0041363778403949655
-0.00009258822507659463
-0.0008347855586783962
0.0041776625247963595
-0.001180932361844324
-0.003305345385107562
0.01670616962152094
0.00029546968603909795
0.03048967354755621
0.0002974300144350549
0
0
0
0
0
0
0
0
0
0
0
0
0
2.345722514680379
0
0.0061091175530051615
-0.020046931788631074
-0.006319761465231648
0.026894680769090656
0.08368434493208274
0.04096146040077739
0.007704950331296749
0.08710203654170624
0.006909045195134911
-0.04556782835383645
-0.1665024422123625
-0.07374607403424686
0.04953107129389336
-0.2654955565314752
-0.1036367267002134
0.000003728585263366604
0.00027447823005220134
0.00000003143325899738235
0.000046196292647885284
-0.00000043682956990873924
-0.00003212842630567307
0.0010076465186587757
-0.000871391210229049
-0.015463395860632945
-0.0021869622022266835
0.0013473492489024267
-0.0011651585240840456
-0.00027203833232445734
-0.03320945994935826
-0.01323777387636385
-0.0006690923943546265
-0.003415047575415524
0.053328938930639704
0.0006765614812233053
0.0034531697947332227
-0.05273688315429062
-0.017628763184703466
-0.00007964765698809012
0.0012824377065490833
-0.018019679876837388
0.006545562043932963
-0.12153641253568095
-0.000004350751772056866
-0.005831969597747939
-0.01766165447553475
-0.007406786972498945
-0.0003685072811787376
0.010572241740237463
-0.008355374747717907
-0.00041570203692144615
0.011461031512788364
-0.007660727569670898
-0.00030090707450601453
0.008886322153694403
-0.001627637266488669
0.0004421180774734075
-0.014529120174480863
-0.00006893911549726835
-0.012326210877340758
-0.02198344967470611
-0.021698713174033366
0.00022761249666842633
0.006814695929759258
-0.005075743842678937
0.00005324291441688911
0.00897163365548092
-0.04137175438827222
0.0003773061069420815
0.011264881543806938
-0.005406434978993461
-0.00011816497099598986
-0.008256748726161365
-0.014667274311129233
-0.10917219902910924
0.03475731992115847
-0.08144974241625008
0.0033578460596842257
-0.0023353126833952106
0.2512970133227916
-0.010359967520633938
0.0004020203976510635
-0.1990654116251674
0.0025154231055674256
-0.0072146243847982855
-0.13815363989606777
0.0002974300144350545
-0.07575282895383811
-0.8320085923679482
0.8244379775695391
0.3587416813367081
0
0
0
0
0
0
-0.33510321638291124
0
0
-0.33510321638291124
0
4.356341812977847
-0.09457674001154531
0.15303955683175932
0.11742491790884477
-0.31179410290658877
0.04221831054782242
-0.3776128388258473
-0.22416806877025883
0.030353355159779074
-0.2207667210297136
0.4432629031954525
-0.08498401190828526
0.7653863882844301
-0.17286072398709387
-0.1036367267002131
0.6203593738775659
-0.00006587686267024344
-0.00898649745701796
-0.0000011237601832235515
-0.002734139988258844
-0.000011100498974809591
-0.004954935739899792
-0.01574227638955613
-0.02001496339835443
0.39320425603131237
0.18247073085595375
-0.020222793387881532
-0.01614028244761277
-0.00007209563318388966
-0.027982751820949815
0.007333390311118736
-0.016200647594635107
-0.0008061390943096795
0.027420180044794143
0.02839113790265818
0.0014127340318697695
-0.04805302432634044
-0.04203428510212258
-0.0013620467707649443
0.04632893745934337
-0.014729563366235793
0.00230531325773502
-0.09307518503689843
-0.00000000000007560733482597101
-0.00016668071277776752
-0.003851125788994072
-0.0004909017892311268
0.000005149155800635591
0.00027756290255873817
-0.005623512763622874
0.00005898602124085013
0.003179614659160236
-0.00020754005589221215
0.0000021379322219288976
0.0001152442644907322
-0.0000037397975507028217
-0.0000012088174987544143
-0.0000688781301269107
-0.00000000000000000184422256971191
-0.000008666347800193188
-0.0020056490967758993
-0.00003483266870457269
0.0000014335566067879489
-0.00000028570883461181734
-0.005551079402221442
0.00022845756147344502
-0.000045531751824635576
-0.000005855238337727998
0.00000023867598437638746
-0.00000004756829065773536
-0.00000006569374412303892
0.0000000019576977556432264
-0.000000056261080315888354
-0.0000000000000756917355739013
-0.00016673187104902185
-0.0038513381482227866
-0.0004851737027324899
0.000035048257154028764
-0.0002856772436776344
-0.00555611746991847
0.0004013660113212286
-0.003271521756880182
-0.0002027781162929633
0.000014379746062735302
-0.00011720885868683856
-0.000004757785355943749
0.000008467000987173344
-0.00007273327219848837
-0.0000721022213596762
-0.027983140427933866
0.007333668723854396
-0.015628111395690838
0.0021161159047863847
-0.02768126940812076
0.027388266776582855
-0.0037084933337780037
0.048511427393147656
-0.04013451662758223
0.0034490459321105324
-0.045117552130195075
-0.015129358100770204
0.0061091175530051615
-0.09457674001154537
16.207563176063626
-1.2475685501847642
0.08995043185668533
0
0
0
0
0
0
-0.8320085923679483
0
0
-0.8320085923679483
0
-0.8320085923679483
-0.00028854013102171865
-0.004545334314558662
-0.000000001245882319412
-0.0004417197384741917
-0.0000000000022340305310300285
-0.00009008861628979208
-0.0000000012478095218640436
-0.0004418856467316518
-0.0002888456878676395
-0.004545461779219922
-0.034812963892700874
0.02382200485387933
-0.02798275182094982
-0.01770395050320716
0.054213603054077415
0.04407398619046518
0.00219310759663491
-0.07459681037902044
0.11514325098604636
0.005729491708498327
-0.19488410290622252
-0.01937726246360617
0.004469417000757675
-0.15202366405636555
-0.10897491075786583
-0.007564649384548247
0.14810822393737902
-0.00016668071277776725
-0.010184976197087806
-0.01692545425699894
-0.015311838068934361
0.0001606085810657455
0.00865753254755773
-0.00438510990299365
0.000045996194327978674
0.002479403944769339
-0.026582210059215843
0.000219872169971978
0.011852109365534595
-0.005622703212937832
-0.00012431887401530132
-0.01232174932159573
-0.000008666347800193173
-0.0023068675087601306
-0.012563865269567041
-0.004917222351371649
0.00020237084469869554
-0.00004033265092183837
-0.020384015112439972
0.0008389147494021231
-0.00016719629643881893
-0.007577310718568757
0.0002776915729977681
-0.00005534412476426918
-0.0008413680583153612
0.0000022777162546922357
-0.0008303934675662724
-0.00016673187104902128
-0.01018647218335968
-0.01692561979523082
-0.01513066321559611
0.0010930175570204178
-0.00890915179058944
-0.004329651173408508
0.00031276783316619845
-0.00254936078839161
-0.026087875790080352
0.001478462090821504
-0.012050898084078035
-0.005728298421672869
0.0008705397110540386
-0.012717238279399488
-0.027983140427933782
-0.017702561291814606
0.054214732183417345
0.042518386550371136
-0.005757178954451574
0.07531062987073227
0.11107544213774734
-0.01504010969640759
0.19674221411609064
-0.025611374195562503
-0.011317966619068094
0.1480522321229693
-0.1076652392589907
-0.020046931788631095
0.1530395568317594
-1.2475685501847644
0.9322455970840973
0.3067182998116485
0
0
0
0
0
0
0.8244379775695391
0
0
0.8244379775695391
0
0.824437977569539
-0.014134491980374373
-0.013713671132264118
-0.00003072280204289284
-0.004443565735473418
-0.0000010929601310749303
-0.0013817205563803883
-0.000030747615807079336
-0.0044447602317338195
-0.014141049398410583
-0.013710373908348606
0.04004400227291591
0.11349318295522365
0.00733339031111872
0.05421360305407744
0.08644009382997955
0.052549179064327385
0.0026148305103348445
-0.0889413798265167
0.09916470209866146
0.004934404175532949
-0.16783983292952556
0.06306999380992015
0.00140900498464287
-0.04792618375120969
0.03482390868573285
-0.0023847917274439135
0.1158705906560677
-0.003851125788994031
-0.01692545425699892
-0.007281837002555435
-0.003500384664151885
0.00003671615462250151
0.0019791676232751663
0.035966644733899225
-0.0003772605059171214
-0.020336056063832774
-0.016012373054824138
-0.00009205781721900594
-0.004962334786485769
-0.024787864971336764
0.00005205080835119702
-0.021983055420900607
-0.0020056490967758737
-0.012563865269567036
-0.013625104202494407
-0.009519989382468579
0.00039180011705498017
-0.00007808603742224628
0.006011642489449617
-0.0002474122749965017
0.000049309439490005625
-0.018527883276424052
0.0001378917279080707
-0.000027481917837551245
-0.015183054470547803
0.0000011310326296662104
-0.01517760488032388
-0.003851338148222719
-0.016925619795230818
-0.0072804786944846165
-0.0034573358635233645
0.00024975301779582554
-0.0020357290067383707
0.03554131262178756
-0.002567453795093586
0.020927235275312595
-0.016219828415935927
-0.0006190805119958339
0.005046105816453685
-0.024745050441918964
-0.0003645234959880386
-0.021818552365106308
0.007333668723854515
0.05421473218341739
0.0864410662665765
0.05069275127219253
-0.006864024353834942
0.08978946140551189
0.09566093712130196
-0.012952917046967978
0.16943929469418872
0.06110551294760665
-0.003567969904727693
0.046673216693583874
0.03523817025553172
-0.00631976146523165
0.1174249179088446
0.08995043185668512
0.30671829981164855
0.2530716
0
0
0
0
0
0
0.3587416813367076
0
0
0.3587416813367076
0
0.35874168133670764
-0.014419182120056731
0.005425371883088399
-0.0027442927840391285
-0.010425495887491622
-0.0007320758336789094
-0.005782039036345444
-0.0027451405399656196
-0.010426733018214288
-0.014417837206246044
0.005433998887621694
0.09360743027316981
0.13294272557470022
0.016200647594635104
-0.04407398619046527
-0.05254917906432735
-0.060451268741400964
-0.00406285648109841
0.1381948313811458
0.022143951144876037
-0.0036618748337958387
0.1245557596113913
0.0187825544326804
-0.0036727439862320817
0.12492546518557823
0.041176979754661086
0.01052039461314828
-0.3163565803470999
0.0004909017892311258
0.015311838068934358
0.0035003846641519136
0.018831627819386812
-0.00023552636343816604
-0.01269594154772547
-0.033210685557077936
0.000325792378672157
0.017561690062786264
0.035563117235179686
-0.00031197601396082885
-0.016816925204124433
0.010646201970236274
0.00020499333845535944
0.021692471791753022
0.00003483266870457264
0.004917222351371651
0.009519989382468586
0.009460701648294387
-0.00042404598482180165
0.00008451266142654561
-0.00080302021811775
-0.0001486020301454576
0.00002961648856611108
0.01658370464373447
-0.000639408369170627
0.0001274345352891983
0.002215486788777787
-0.000005629441795438091
0.0021883627693906156
0.00048517370273248796
0.015130663215596115
0.00345733586352339
0.018299610188321075
-0.0015836668168969512
0.012908418503282094
-0.03247765930772843
0.002190819384319878
-0.01785730001801508
0.03433005736923374
-0.0020644384428838087
0.016827172932260947
0.010691021866654877
-0.001418251990624386
0.022077151344394013
0.01562811139569071
-0.04251838655037116
-0.050692751272192506
-0.05478331607663919
0.010288446266592716
-0.13458490258135278
0.027254075726529693
0.009272820776111993
-0.12129933407531698
0.026485362444306437
0.008508320787928339
-0.11129878066160726
0.03796377225154193
0.026894680769090677
-0.3117941029065892
0
0
0
2.1783324808668
0
0
0.3766731073477451
0
0
0
0
0
0
0
0
0.0018324995319295384
-0.0008523834406496882
0.00007252589453300633
0.004060932185335277
0.000003861091532109028
0.0019713067927251745
0.00007135332018255384
0.003993048908756783
0.0013526503669034594
-0.0006295405466651864
0.23298423150545144
0.13199378810321086
0.0008061390943096906
-0.002193107596634915
-0.0026148305103348484
-0.004062856481098401
0.020996129431962218
0.006876531049584028
-0.003661874833795846
0.09555293790991048
0.006197855157187276
-0.004151414227676005
0.05079661977759302
0.010520394613148304
0.007134981662413656
-0.0859751100585511
-0.015741803262505114
-0.0000051491558006355825
-0.00016060858106574328
-0.00003671615462250339
-0.00023552636343816285
-0.0036201287061904917
0.00013316997920784029
0.00032579237867215737
-0.0021542422058586337
-0.0001842076770536769
-0.0004741842105016872
-0.004818137621126386
0.00020499333845535667
-0.00001051352181389319
0.002724244018629249
-0.00022753617812551697
-0.0000014335566067879463
-0.00020237084469869608
-0.00039180011705498103
-0.0004240459848218025
-0.0008253484764362748
-0.0000034781625597740384
-0.0001486020301454552
-0.004407647983559802
-0.0000012188819987896812
-0.0007763398119884827
-0.0011116839419271832
-0.000005629441795438081
0.000002649305845568908
-0.000009118391880866461
-0.00009006320855619245
-0.00003504825715402864
-0.001093017557020418
-0.00024975301779582516
-0.0015836668168969505
-0.0035087184016107968
-0.0009324857645969808
0.0021908193843198777
-0.0023083658018779817
0.001289985915525021
-0.003168392094206846
-0.004591029914224622
-0.0014182519906243863
-0.00008386653713398897
-0.002703264344606096
-0.0015948219641520119
-0.002116115904786377
0.005757178954451581
0.00686402435383493
0.010288446266592704
0.019806653136473888
0.01822339537297229
0.009272820776111974
0.09448088512872044
0.016424470211259933
0.009765170934973403
0.04724596424361689
0.02689468076909069
-0.01849187088780394
0.0836843449320827
0.0422183105478225
0
0
0
0
2.1783324808668
0
0
0.3766731073477451
0
0
0
0
0
0
0
0.0011607621663039945
-0.0005399261674290182
0.00000015847876539750266
0.000008873679162992331
-0.0000001587896943594263
-0.00008107116873619143
-0.000006081699463499344
-0.0003403418837971665
-0.001290286518710589
0.0006005156248937447
-0.009586075175559568
-0.005430849836009856
-0.02742018004479417
0.07459681037902058
0.0889413798265167
0.1381948313811458
0.006876531049584042
-0.21270143779002776
0.12455575961139133
0.006197855157187266
-0.11507996140878618
0.1412070526871948
0.01052039461314828
-0.30673694032416826
-0.06969352255693465
-0.015263133021061184
0.3624477129364773
-0.0002775629025587376
-0.00865753254755773
-0.0019791676232751784
-0.012695941547725473
0.00013316997920784213
0.0035558680044340363
0.017561690062786267
-0.00018420767705367672
-0.012080456000229722
-0.025560684296662046
0.00020499333845535954
0.0062281322003903605
-0.00601951507390833
-0.00006532798158465593
-0.006812445780774685
0.0000002857088346118168
0.00004033265092183837
0.00007808603742224637
0.00008451266142654555
-0.00000347816255977403
-0.0008421071093756006
0.000029616488566111144
-0.0000012188819987896937
-0.004413520853405024
0.00015472506763647913
-0.00000562944179543809
-0.0011388079613143553
0.00001817214046641461
0.000046868234261665926
-0.0000007504885036907064
0.00028567724367763343
0.008909151790589442
0.0020357290067383885
0.01290841850328209
-0.0009324857645969808
0.003977541954121524
-0.017857300018015068
0.0012899859155250202
-0.012664738827070341
0.025825464484158372
-0.0014182519906243865
0.006795099563514505
0.006295027207291299
-0.0004908683128289772
0.007387910062118627
0.027681269408120622
-0.07531062987073235
-0.08978946140551186
-0.13458490258135278
0.018223395372972302
-0.2171835568809104
-0.12129933407531697
0.01642447021125996
-0.11911480135700302
-0.12773984962540885
0.026894680769090677
-0.3025119109145139
0.067243275968281
0.040961460400777375
-0.3776128388258464
0
0
0
0
0
2.1783324808668
0
0
0.3766731073477452
0
0
0
0
0
0
-0.02309271843792982
0.010741531145359109
-0.00005814258033245504
-0.003255569301569306
0.00000003169813110869091
0.00001618369848308768
0.00005937587249925026
0.003322771277959154
0.023127310602301887
-0.010763742143358929
0.0019385174245161877
0.0010982385224640606
-0.028391137902658153
-0.11514325098604634
-0.09916470209866143
0.022143951144876016
-0.003661874833795844
0.1245557596113914
0.09784071310885861
-0.004121073898280396
0.14017505051719908
-0.060509732007863234
0.0007861823029309205
-0.02674136566079402
-0.127984943701852
0.003014019660514644
-0.2304158143170771
0.0056235127636227525
0.0043851099029936155
-0.035966644733899204
-0.033210685557078026
0.0003257923786721621
0.017561690062786288
-0.1142557105277098
0.001430257559952086
0.07709738355516012
-0.02635327912116576
0.0005944716284456355
0.0320447228766749
0.024921926995379876
-0.000368105593781641
0.005086191149713984
0.005551079402221357
0.02038401511243995
-0.006011642489449631
-0.000803020218117729
-0.00014860203014545299
0.000029616488566110734
-0.08653186257908192
0.003675971875492682
-0.0007326237664001669
0.007543124311071174
0.000981491368846842
-0.00019561191643705195
0.03290711240047921
0.000007526128236803103
0.03294337511632625
0.005556117469918298
0.004329651173408485
-0.03554131262178756
-0.03247765930772852
0.002190819384319882
-0.01785730001801512
-0.11102133696735961
0.009616713061496144
-0.07838552623525036
-0.02458759807405383
0.003940322399903501
-0.03211744417015267
0.024316290289043876
0.002546814202412143
0.0038697430914312143
-0.027388266776582987
-0.11107544213774735
-0.09566093712130196
0.027254075726529665
0.009272820776111992
-0.12129933407531705
0.10359199521512062
0.01043558528553414
-0.13650965292917233
-0.055975340308503756
-0.002388325945221456
0.031242094903470567
-0.12396732352957074
0.007704950331296751
-0.22416806877025933
0
0
0
0.3766731073477452
0
0
0.421786
0
0
0
0
0
0
0
0
-0.0009529157219250879
-0.006116274410942378
0.006833733821428264
0.009973986080844419
0.0028993079179009187
0.011175118400777085
0.006719742361894191
0.009804635145028563
-0.0007041961677508596
-0.004514322000662062
0.26890051805113757
0.2063918186805418
-0.001412734031869787
-0.0057294917084983014
-0.004934404175532933
-0.0036618748337958395
0.09555293790991053
0.006197855157187265
-0.0041210738982803774
0.18045518601890154
0.006975066126749788
-0.008144852360888655
0.051498406337026986
0.0030140196605146575
-0.0012345830148397321
-0.08716290910795865
-0.011465417958335784
-0.00005898602124084573
-0.00004599619432797255
0.00037726050591712295
0.00032579237867216176
-0.0021542422058586155
-0.00018420767705367924
0.0014302575599520802
0.022084841910452034
-0.0008086881092217172
0.00038955477613871587
0.005385899472448488
-0.00036810559378164145
-0.00037454107021438557
-0.003045264701120368
-0.000053349959678718146
-0.00022845756147344114
-0.0008389147494021213
0.00024741227499649977
-0.00014860203014545526
-0.004407647983559799
-0.0000012188819987896672
0.003675971875492683
0.0026358982813525743
0.00003015151234952487
-0.0004383030114950234
-0.0015911606672810992
0.000007526128236803116
-0.0012264475298945196
-0.000013051215334223496
-0.0013558017460115984
-0.00040136601132122315
-0.0003127678331662009
0.002567453795093587
0.002190819384319884
-0.0023083658018779683
0.0012899859155250234
0.009616713061496144
0.021408310583842703
0.0056624587548218565
0.0025461807294992036
0.0050171601385465975
0.0025468142024121414
-0.002526581841588879
0.002954175940280841
-0.0002795447284645767
0.0037084933337780393
0.015040109696407622
0.01295291704696796
0.009272820776112009
0.09448088512872042
0.01642447021125999
0.010435585285534123
0.17924870420686528
0.01848401514465417
0.021055984019422748
0.04917550238740029
0.007704950331296768
0.003309054292396178
0.08710203654170612
0.03035335515977919
0
0
0
0
0.3766731073477452
0
0
0.421786
0
0
0
0
0
0
0
-0.0006036064394091372
-0.003874238334718518
0.000014932621045883457
0.000021794491613815603
-0.00011923576903287752
-0.0004595834158638861
-0.0005727477489853086
-0.0008356842281307955
0.0006717292539214202
0.004306189508458986
-0.011063841377285655
-0.008491937315705573
0.04805302432634028
0.19488410290622268
0.16783983292952553
0.12455575961139145
0.006197855157187274
-0.11507996140878628
0.14017505051719914
0.00697506612674982
-0.0565910765923229
0.2770406741842451
0.003014019660514647
-0.050932464278198364
0.2166191307370804
-0.0025343832945162056
0.21536130007397383
-0.0031796146591601612
-0.0024794039447693255
0.020336056063832784
0.017561690062786302
-0.0001842076770536795
-0.01208045600022972
0.07709738355516012
-0.0008086881092217205
-0.02149212075197481
0.020998773110989317
-0.0003681055937816405
-0.014449836373217347
-0.014091214466806022
0.00015156689262820335
-0.008974056974644123
0.00004553175182463481
0.00016719629643881858
-0.00004930943949000568
0.000029616488566110988
-0.000001218881998789657
-0.004413520853405017
-0.0007326237664001664
0.000030151512349524836
0.0027811755992891048
0.00008735409681636427
0.000007526128236803133
-0.0015548979514340647
0.00026991479791919464
0.00006399263433027496
0.00024472928924343797
0.003271521756880086
0.002549360788391605
-0.020927235275312595
-0.01785730001801513
0.001289985915525023
-0.012664738827070341
-0.07838552623525036
0.005662458754821855
-0.02405151529404987
-0.02075383918554789
0.002546814202412144
-0.01542938705906603
0.014317780924885448
0.0011145969419396927
0.008554868645688125
-0.04851142739314766
-0.19674221411609075
-0.16943929469418872
-0.12129933407531703
0.01642447021125995
-0.11911480135700303
-0.13650965292917233
0.018484015144654205
-0.061130793764902006
-0.27543688177777914
0.007704950331296756
-0.05102524285328789
-0.2195769401395437
0.006909045195134891
-0.22076672102971318
0
0
0
0
0
0.37667310734774523
0
0
0.421786
0
0
0
0
0
0
0.012008414778868702
0.07707581933856575
-0.005478469727831947
-0.007995948077225968
0.00002380224393589795
0.00009174358216508958
0.005591758935489523
0.008158818185102813
-0.012040187098612735
-0.07718485842510979
0.0022373545897734414
0.0017172584350647546
-0.042034285102122634
-0.01937726246360634
0.06306999380992012
-0.01878255443268039
0.004151414227675986
-0.14120705268719436
0.0605097320078633
0.008144852360888626
-0.27704067418424505
-0.29109928284376096
0.0005218592846112056
-0.01775062844997032
-0.15337149319122717
-0.018577343061177455
0.47797588931031765
-0.00020754005589221198
-0.0265822100592158
-0.016012373054824166
-0.035563117235179686
0.0004741842105016844
0.025560684296662008
0.026353279121165953
-0.0003895547761387116
-0.020998773110989282
-0.06966382598416687
0.0007379488601205211
0.039778797823456634
-0.01374693974339813
-0.0005123843976434977
-0.04135728235918002
-0.000005855238337728003
-0.007577310718568758
-0.018527883276424188
-0.016583704643734445
0.0007763398119884848
-0.0001547250676364792
-0.0075431243110717985
0.00043830301149503444
-0.00008735409681636785
-0.026922672222641778
0.0011403431259127972
-0.00022727118274886205
-0.0021850625228008887
0.000010392943954338992
-0.00213498679175137
-0.00020277811629296305
-0.026087875790080373
-0.016219828415935913
-0.03433005736923385
0.0031683920942068467
-0.025825464484158386
0.024587598074053245
-0.0025461807294992317
0.020753839185548014
-0.0663712217604626
0.004837847046710406
-0.0394331393873417
-0.013880338228560914
0.0035148283625591414
-0.042098377824267195
-0.04013451662758214
-0.02561137419556255
0.06110551294760659
-0.026485362444306392
-0.009765170934973396
0.12773984962540902
0.055975340308503416
-0.02105598401942271
0.27543688177777914
-0.2914209321272516
0.0007470727437433127
-0.009772584686995184
-0.14933408493927974
-0.04556782835383637
0.4432629031954524
-0.8320085923679481
0.8244379775695391
0.3587416813367076
0
0
0
0
0
0
4.356341812977847
0
0
-0.33510321638291124
0
-0.3351032163829113
-0.008508384674498931
-0.026265699328700612
-0.000042473984830792435
-0.007263227607647037
-0.0000014960953608266826
-0.00328058315750911
-0.00004120122278712839
-0.007168528628605328
-0.008407144780977554
-0.026357236283912983
0.5766443460384504
0.20841352619292303
-0.0013620467707649514
0.00446941700075766
0.0014090049846428667
0.0036727439862320856
-0.05079661977759299
-0.01052039461314827
-0.0007861823029309203
-0.051498406337027
-0.003014019660514641
0.0005218592846111987
-0.07350926289790317
-0.011066387872750603
-0.011214446388164854
0.1768044318187195
0.03291479493266483
0.0000021379322219288955
0.00021987216997197725
-0.0000920578172190054
0.0003119760139608276
0.004818137621126383
-0.00020499333845535868
-0.0005944716284456347
-0.005385899472448499
0.00036810559378163993
0.0007379488601205101
0.007206210047949175
-0.0003921299251001938
-0.000039623094051825596
-0.004530421608666563
0.00037716492946617333
0.00000023867598437638783
0.00027769157299776723
0.00013789172790807557
0.0006394083691706246
0.0011116839419271828
0.000005629441795438073
-0.000981491368846835
0.0015911606672811256
-0.000007526128236803055
0.0011403431259127987
0.0014130590955048466
0.000009194742621530744
-0.00004200818477812982
0.000012228879861915885
0.00008279541557830926
0.000014379746062735285
0.001478462090821506
-0.0006190805119958335
0.002064438442883813
0.004591029914224629
0.0014182519906243882
-0.003940322399903497
-0.00501716013854658
-0.002546814202412145
0.004837847046710402
0.006696256951769527
0.0026726900330810454
-0.00024036089879647869
0.004394213624126367
0.002634347293429914
0.003449045932110531
-0.011317966619068079
-0.0035679699047276893
-0.008508320787928332
-0.047245964243616934
-0.02689468076909066
0.0023883259452214555
-0.049175502387400316
-0.007704950331296747
0.0007470727437433478
-0.06458121776719958
-0.02566264736256442
0.027963930711276508
-0.1665024422123625
-0.08498401190828515
0
0
0
0
0
0
0
0
0
0
2.345722514680379
0
0
0
0
-0.00014818447032074276
0.00012813988270392085
-0.00000008535267784147545
-0.000006281115184681046
0.000000059234245594393295
0.00008701480727755419
0.0000032205039139197224
0.00023681417080031013
0.0001215425201248424
-0.00010510625325519822
-0.029267281799584457
-0.004139091519704014
0.046328937459343446
-0.15202366405636544
-0.0479261837512097
-0.12492546518557827
-0.010520394613148295
0.30673694032416804
0.0267413656607941
-0.003014019660514652
0.05093246427819829
-0.017750628449969927
-0.011066387872750664
0.3025797716965372
0.025859838056029462
0.02847710203976582
-0.7639799321255414
0.0001152442644907321
0.011852109365534587
-0.004962334786485762
0.016816925204124422
-0.0002049933384553556
-0.006228132200390361
-0.032044722876674876
0.00036810559378164004
0.014449836373217333
0.039778797823456606
-0.00039212992510019937
-0.0139241007728155
0.006934202500641444
0.00016448111909257203
0.011260836686373777
-0.00000004756829065773541
-0.000055344124764269144
-0.000027481917837551693
-0.0001274345352891981
0.000005629441795438087
0.0011388079613143549
0.00019561191643705083
-0.000007526128236803089
0.0015548979514340873
-0.00022727118274886191
0.00000919474262153072
0.0014573616011864152
-0.00001688510829136934
-0.0000632852967097588
0.000008756184659206026
-0.00011720885868683842
-0.01205089808407805
0.005046105816453667
-0.016827172932260978
0.0014182519906243876
-0.006795099563514512
0.032117444170152616
-0.002546814202412144
0.015429387059066057
-0.03943313938734168
0.0026726900330810454
-0.014760857137755663
-0.007263523584608819
0.0012041200682369403
-0.012249784355783968
-0.045117552130195
0.14805223212296933
0.046673216693583874
0.11129878066160717
-0.026894680769090663
0.3025119109145141
-0.031242094903470654
-0.007704950331296767
0.05102524285328804
-0.009772584686995734
-0.02566264736256448
0.26915440413980957
-0.019497079614141988
-0.0737460740342468
0.765386388284431
0
0
0
0
0
0
0
0
0
0
0
2.345722514680379
0
0
0
0.0029480477132423125
-0.0025492717783636228
0.000031314131679034435
0.0023044112142514618
-0.000000011824538680233404
-0.00001737018753394714
-0.00003144190713860234
-0.0023120261196472053
-0.0021785483871619477
0.0018839420004995106
0.005918494764298368
0.0008370162851497826
-0.014729563366235798
-0.10897491075786579
0.034823908685733
-0.04117697975466111
-0.007134981662413653
0.06969352255693474
0.12798494370185215
0.0012345830148397094
-0.21661913073708064
-0.15337149319122723
-0.01121444638816485
0.025859838056029538
-0.07674679380603465
0.018980854763361574
-0.1818614495539351
-0.0000037397975507028196
-0.005622703212937834
-0.024787864971336785
-0.01064620197023628
0.000010513521813893203
0.006019515073908333
-0.02492192699537991
0.0003745410702143868
0.014091214466806057
-0.01374693974339812
-0.00003962309405182169
0.006934202500641442
-0.0030953117574024354
0.000022403464877581595
-0.005403705686289494
-0.00000006569374412303902
-0.0008413680583153608
-0.015183054470547826
-0.002215486788777786
-0.0000026493058455684698
-0.0000181721404664146
-0.03290711240047923
0.0012264475298945144
-0.00026991479791919497
-0.002185062522800889
-0.00004200818477813025
-0.000016885108291369333
-0.0002804478822748177
-0.0000003445647423374679
-0.00012662490360784825
-0.000004757785355943746
-0.005728298421672878
-0.024745050441919013
-0.010691021866654896
0.00008386653713398879
-0.006295027207291308
-0.024316290289043967
0.0025265818415888845
-0.01431778092488551
-0.013880338228560912
-0.00024036089879647858
-0.007263523584608817
-0.0030602478033116215
-0.00014152794899915884
-0.005821358705001546
-0.015129358100770207
-0.10766523925899069
0.03523817025553169
-0.03796377225154197
0.018491870887803945
-0.06724327596828088
0.12396732352957074
-0.0033090542923961495
0.21957694013954382
-0.14933408493927974
0.027963930711276508
-0.019497079614142064
-0.08326969059904564
0.04953107129389333
-0.17286072398709387
-0.8320085923679481
0.8244379775695391
0.3587416813367076
0
0
0
0
0
0
-0.33510321638291124
0
0
4.356341812977847
0
-0.3351032163829113
-0.008368309952039176
-0.02638682645131294
-0.0000034135483217441903
-0.004388764766153884
-0.00000005820591617625882
-0.0011683308335843695
-0.000003691271568457843
-0.004410299409812648
-0.008395666516681286
-0.026367162335740883
-0.13347648373661408
0.10798550815508531
0.0023053132577350328
-0.007564649384548222
-0.002384791727443911
-0.010520394613148278
0.08597511005855107
0.015263133021061179
-0.003014019660514642
0.08716290910795874
0.002534383294516203
-0.018577343061177427
0.17680443181871958
0.028477102039765695
0.018980854763361584
-0.2682958867095013
-0.03801539950528954
-0.0000012088174987544126
-0.00012431887401530091
0.00005205080835119667
-0.00020499333845535876
-0.0027242440186292485
0.00006532798158465565
0.00036810559378163977
0.003045264701120368
-0.00015156689262820302
-0.00051238439764349
-0.004530421608666561
0.00016448111909256953
0.000022403464877583764
0.0017552057176038716
-0.00011811691017559385
0.000000001957697755643229
0.0000022777162546922276
0.0000011310326296662494
0.000005629441795438071
0.000009118391880866453
-0.000046868234261665756
-0.000007526128236803069
0.000013051215334223672
-0.00006399263433027675
0.000010392943954339014
0.000012228879861915879
-0.00006328529670975891
-0.0000003445647423374642
-0.00007774486701557639
-0.0000003603653361998143
0.000008467000987173336
0.0008705397110540397
-0.00036452349598803814
0.0014182519906243882
0.0027032643446060997
0.0004908683128289777
-0.002546814202412143
-0.0029541759402808253
-0.0011145969419396945
0.003514828362559141
0.004394213624126367
0.00120412006823694
-0.00014152794899915884
0.0018208163744141005
0.0008849069720079961
0.0061091175530051615
-0.02004693178863109
-0.006319761465231644
-0.02689468076909065
-0.08368434493208271
-0.04096146040077739
-0.00770495033129675
-0.08710203654170627
-0.006909045195134911
-0.04556782835383634
-0.1665024422123625
-0.07374607403424666
0.049531071293893336
-0.26549555653147516
-0.10363672670021312
0
0
0
0
0
0
0
0
0
0
0
0
0
2.345722514680379
0
0.0018673850608777467
-0.0016147879878775212
0.00000006842555972514981
0.0000050354462575641744
0.0000000004862912125654462
0.0000007143593324695878
0.000002679906545161552
0.0001970622807106999
0.0020781065699547294
-0.0017970829896286611
-0.00024351491673972977
-0.00003443881579782228
-0.09307518503689857
0.14810822393737874
0.115870590656068
0.31635658034710007
0.015741803262505107
-0.36244771293647715
0.23041581431707733
0.01146541795833576
-0.2153613000739736
0.4779758893103184
0.03291479493266498
-0.763979932125541
-0.18186144955393493
-0.03801539950528966
0.5701384986897784
-0.00006887813012691062
-0.012321749321595722
-0.0219830554209006
-0.021692471791753026
0.00022753617812551613
0.006812445780774694
-0.005086191149713909
0.00005334995967872032
0.008974056974644172
-0.04135728235917997
0.00037716492946617827
0.01126083668637376
-0.005403705686289494
-0.00011811691017559539
-0.008252925903674165
-0.000000056261080315888407
-0.0008303934675662721
-0.015177604880323903
-0.0021883627693906147
0.00009006320855619259
0.0000007504885036906988
-0.03294337511632625
0.0013558017460115956
-0.000244729289243438
-0.0021349867917513695
0.00008279541557830905
0.000008756184659206023
-0.00012662490360784825
-0.00000036036533619981355
-0.0002838444067992103
-0.00007273327219848831
-0.012717238279399504
-0.021818552365106422
-0.02207715134439404
0.0015948219641520123
-0.007387910062118641
-0.0038697430914314095
0.00027954472846458456
-0.008554868645688187
-0.042098377824267195
0.0026343472934299145
-0.012249784355783954
-0.005821358705001547
0.0008849069720079954
-0.009028305569468861
-0.09457674001154531
0.15303955683175902
0.11742491790884459
0.31179410290658854
-0.0422183105478224
0.37761283882584695
0.2241680687702592
-0.030353355159779126
0.2207667210297143
0.44326290319545264
-0.08498401190828529
0.7653863882844301
-0.17286072398709396
-0.10363672670021315
0.6203593738775659
-0.8320085923679482
0.8244379775695391
0.3587416813367081
0
0
0
0
0
0
-0.33510321638291124
0
0
-0.33510321638291124
0
4.356341812977847
-0.04542503366383359
0.005657315688163647
-0.00002851728405400386
-0.006236152097023279
-0.000000055866947544964514
-0.001164894900491308
-0.000029580810103500098
-0.00631404173227316
-0.045528056205713006
0.005743792337712286
-0.13463143425214422
0.10782217061259554
-0.03481178465774553
0.03999025958886544
0.09358400135554609
0.11430537634960172
-0.015499034073091007
0.20253064726359502
0.13197977541595501
-0.017895562758784574
0.2338468250079858
0.03664560364461654
-0.02322986597311439
0.30355180646706786
-0.13152484566419337
-0.04115956695678043
0.40317006816599993
-0.0002888267219041066
-0.01414064250273133
-0.014417920706132719
-0.020718227000240508
0.001397773371663596
-0.010351049422926802
0.010785240794250067
-0.0007276357377978181
0.005388422498612157
-0.0381725418381801
0.0020167670624580037
-0.014934935778028175
-0.008415462853047888
0.0010075985526073897
-0.015741054713205287
-0.0000000012480085887384975
-0.000030750177847669916
-0.0027452280462702556
-0.00007135647087834674
0.000006082201104200876
-0.00005938350485406862
-0.006719677333511186
0.0005727641571208573
-0.005592176667938676
-0.000041202503210915946
0.0000032207064264338665
-0.00003144533244314591
-0.000003691651953583181
0.000002680301216602106
-0.00002958622107741713
-0.000000000002227166740384348
-0.000001091173307096009
-0.0007315892883020545
-0.0000018926258776689342
0.00000025645687696687986
-0.0000033525491937269103
-0.0014225878932389703
0.00019276522244338553
-0.0025199359000406944
-0.00000040217028248412155
0.00000004695354905378116
-0.0000006138033219643395
-0.00000006202018418520861
0.00000008317231888256283
-0.000001142933372440502
-0.0000000012450553941934496
-0.00003071214927017169
-0.002743928699159945
-0.00001398231634350859
0.000005473835114888157
-0.00009170312690417185
-0.0013177753922779644
0.0005158862836868567
-0.00864263982164614
-0.0000048640962048704084
0.0000005685112430311703
-0.000009524265450440241
-0.000003634458401549174
0.0000037285852633665863
-0.00006587686267024313
-0.00028854013102171827
-0.014134491980374381
-0.014419182120056794
0.0018324995319295404
0.0011607621663039965
-0.023092718437929823
-0.0009529157219250713
-0.000603606439409128
0.012008414778868591
-0.008508384674498942
-0.00014818447032074287
0.0029480477132423103
-0.008368309952039186
0.0018673850608777439
-0.045425033663833554
1.395678281298843
0.2597350827253874
-0.002053383571365732
-0.013236257766909464
-0.000000005314984978969879
-0.0002183003074683511
-0.000000000006205412637170372
-0.00001762044481389775
-0.000000005304163728321603
-0.00021813726745732747
-0.002054365242194965
-0.013237139492773426
0.02381485035387032
0.1134687322065347
0.13292474225845222
0.06478511154927172
-0.008784421900332285
0.11478874392563895
0.10130751429844918
-0.013736612100987063
0.17950053705940416
0.13202389333130068
-0.0032866278004533614
0.04294737675917601
0.10823065773739908
-0.005823373116803218
0.18388082165092473
-0.0045454538844586735
-0.01371057854882901
0.0054334635826165986
0.00964218411540015
-0.0006505184155491481
0.004817339066818227
0.06914516319638071
-0.004664939132779685
0.03454566848764459
-0.0006168525612605725
-0.0017440338025583586
0.012915241090943655
-0.02634979543876743
-0.0008713380775935601
-0.020014864615229683
-0.0004419027726623014
-0.004444883525526393
-0.010426860694827119
-0.003992995396484632
0.00034035036641557833
-0.0033230071301266215
-0.009804232952762636
0.0008356819746985374
-0.00815917194298173
-0.007168515948149663
0.00023681016654004
-0.002312093505837949
-0.0044104406202026755
0.00019707557704469643
-0.006314400936600548
-0.00009001710578032363
-0.0013808994818193519
-0.005780163316423777
-0.0009673099658661915
0.00013107360299359532
-0.0017134681948568276
-0.005485429125445144
0.000743293240853016
-0.009716749204764983
-0.001673716426087357
0.00006907146718290524
-0.0009029412443616764
-0.0011733353723569085
0.00012235143476892172
-0.002763423050811801
-0.0004416484897795164
-0.004443052717864672
-0.010424964462880236
-0.000783097437941444
0.00030656910835613415
-0.005135950436653906
-0.0019235732814299944
0.0007530456839392329
-0.012615769834040634
-0.004495068411653177
0.00004185071514526084
-0.0007011247802400464
-0.004404549143882391
0.00027447823005220145
-0.008986497457017982
-0.004545334314558518
-0.013713671132264127
0.005425371883088406
-0.0008523834406496931
-0.0005399261674290195
0.01074153114535919
-0.00611627441094238
-0.003874238334718522
0.07707581933856582
-0.026265699328700622
0.0001281398827039209
-0.002549271778363631
-0.026386826451312913
-0.001614787987877524
0.005657315688164445
0.2597350827253875
0.24191669999999996
-0.013236257766909492
-0.007585536085359151
-0.00021830030746835115
-0.0029817883782772034
-0.00001762044481389776
-0.00073708548463252
-0.0002181372674573277
-0.002980596148149418
-0.013237139492773439
-0.007582680125369064
-0.0002884986822354839
-0.014133602137421845
-0.014419364502332811
0.020923674955395183
-0.00031596694442217636
-0.010001321030431012
-0.010878800410292103
0.00016428000014080842
0.005199964899151757
-0.038774659416015524
0.0004605924123153006
0.014579159817398444
-0.008280683941233196
-0.00022015886738663794
-0.01524243067172609
-0.034813026360585184
0.040046858141635444
0.09360867508584866
-0.11863670723221072
-0.005922248989546732
0.20067476785891564
-0.13692251424664248
-0.0068350617659693295
0.2316053302737308
0.04975231463603938
0.009206762600374157
-0.3119701570844683
-0.1342214037799983
-0.015573299282033722
0.3930185674786216
-0.0002892962796886974
-0.014150711559628437
-0.014415852612828552
-0.0013491974040543487
0.0012932498239703705
-0.023139703800243817
0.0007035825190292578
-0.0006744068482113547
0.012066945163430603
-0.008414212292531968
0.00012144516036206378
-0.0021729792547921876
-0.00840392242183944
0.002082871661557136
-0.04555566703465821
-0.0000000012472961583501735
-0.00003074100778136261
-0.0027449148216125564
0.00001591185284378061
0.000004251362744200502
-0.00009153689778205074
0.0014987165324032564
0.00040043027625579164
-0.008621740244693648
-0.000005295173591316787
-0.0000005021171222928963
0.000010811179017984695
-0.000003550023785332949
0.000002888553844055141
-0.00006560986787393308
-0.0000000000022318067726103492
-0.000001092381511747292
-0.0007319183305751335
0.0000019645484026804944
0.00000009783389277576383
-0.0000033241605559887797
0.001475659560524685
0.00007348738214895617
-0.0024969246359473267
-0.00000042876340570647413
-0.000000018576767792728186
0.0000006311939247463677
-0.00000005665870206232737
0.00000003143325899738234
-0.0000011237601832235507
-0.0000000012458823194119993
-0.000030722802042892856
-0.002744292784039132
0.00007252589453300634
0.00000015847876539750308
-0.00005814258033245502
0.006833733821428271
0.000014932621045883403
-0.005478469727831951
-0.0000424739848307925
-0.00000008535267784147553
0.00003131413167903445
-0.0000034135483217441954
0.00000006842555972514981
-0.00002851728405400385
-0.002053383571365732
-0.013236257766909473
1.395678281298843
0.2597350827253874
-0.002057518451186614
-0.01323996677341761
-0.0000000053183371387231
-0.00021835077019772113
-0.0000000000062134568214726965
-0.000017629062557085997
-0.000000005311807339201622
-0.00021825245312232408
-0.004545316978978904
-0.013714118450295064
0.005424201167669928
-0.009731853282737695
0.00014696003220594477
0.004651734894047225
-0.06983706135799218
0.0010546045535380108
0.033381462479806334
-0.00009308862436582278
-0.0003982867637019631
-0.01260699530844707
-0.026462057108249518
0.00019037734979378583
-0.020442045703670374
0.023822384988577378
0.11349448204322914
0.13294368101587656
-0.06721038791797633
-0.0033550884984964407
0.11368681167750445
-0.1050930334983041
-0.005246159691751386
0.17776555496927582
0.13389950062510064
0.0013020269081740693
-0.04411904126372952
0.10788180665688803
-0.002202387048997198
0.18244445798622178
-0.00454564868219633
-0.013705512806433446
0.005446709834509046
0.0006284592013813593
-0.0006023986920792051
0.010778526349667195
0.004502246944896796
-0.004315550898231914
0.07721676637340129
-0.026357003634513806
-0.00010502872116739906
0.001879245180077205
-0.026365902564340175
-0.0018013179472691281
0.005763827547499711
-0.0004418414718095361
-0.0044444421982913875
-0.010426403663985135
0.0008905856182077454
0.00023794856293238414
-0.005123315650314762
0.0021869226696025383
0.0005843066582676304
-0.012580817509439318
-0.004527971750751986
-0.00003692991208823663
0.0007951449432379006
-0.004399618770830717
0.00021244852005040702
-0.008964021147582987
-0.00009006546605592542
-0.0013814547675163776
-0.005781431915676168
0.001003355156041631
0.00004996677130390442
-0.0016977508056359146
0.005688531790829055
0.0002832870946402462
-0.009625414662607077
-0.0017127290513213312
-0.000027301585288249976
0.0009276422552169594
-0.0011658605962676831
0.000046196292647885515
-0.0027341399882588493
-0.00044171973847418933
-0.004443565735473416
-0.010425495887491611
0.004060932185335273
0.000008873679162992348
-0.0032555693015693
0.009973986080844412
0.000021794491613815413
-0.007995948077225945
-0.007263227607647018
-0.000006281115184680952
0.00230441121425145
-0.00438876476615388
0.000005035446257564097
-0.006236152097023258
-0.013236257766909489
-0.007585536085359151
0.2597350827253875
0.24191669999999996
-0.01323996677341766
-0.007573508720087626
-0.00021835077019772146
-0.0029821572956903026
-0.000017629062557085966
-0.0007372909170397644
-0.00021825245312232408
-0.0029814384900838185
-0.0000000012472316169812346
-0.000030740176910846595
-0.00274488643834335
0.00008655871030443108
-0.0000053174786504860374
0.0000336026375786005
0.008152993671098268
-0.0005008550801084832
0.0031650435934985764
-0.000059030075207772914
0.0000034165016027292326
-0.000021589830949810153
-0.000003625635403610922
0.0000013263074823948848
-0.000011797061340645136
-0.0002890532647107244
-0.014145501676185904
-0.014416923144592506
0.019102850271401534
-0.001476730669417736
0.013096976958316006
-0.00995276049033406
0.0007693902455723562
-0.006823645317928753
-0.033689819188315845
0.0019640296336299297
-0.01741878284903727
-0.008435142695365709
0.0013465451747590848
-0.020225689740448086
-0.0348119660137724
0.0399985039816738
0.09358759591361544
-0.23288971554445753
0.00956001849475494
-0.0019162620591073817
-0.26888346123517276
0.01103754563112631
-0.0022124256276489507
0.5764332600261683
-0.02919069942140424
0.005851142423075268
-0.13347731720438233
-0.0002401867753123972
-0.13462743799648985
-0.00028879058873982336
-0.014139867256499144
-0.014418079779005728
0.01936571031896495
-0.00010321497843794594
-0.012777154198851332
-0.010079799981364565
0.00005372311785106214
0.006650474293697773
-0.034397505175272285
0.00013920708784306935
0.017232677406538922
-0.008279517275989377
-0.00009184638196317947
-0.019648592027160544
-0.0000000012472721451063152
-0.00003074069865032737
-0.002744904261481758
0.00008724365663197337
-0.0000018290246707956173
-0.00003217607078646463
0.008217418884595033
-0.00017227455210397358
-0.0030306415608886963
-0.000059913057266352664
0.0000011844394940802544
0.000020836574603027474
-0.0000034406557711053625
-0.00000043682956990873893
-0.000011100498974809586
-0.0000000000022340305310300374
-0.0000010929601310749307
-0.0007320758336789098
0.000003861091532109028
-0.0000001587896943594264
0.000000031698131108690926
0.0028993079179009205
-0.00011923576903287759
0.000023802243935897957
-0.0000014960953608266811
0.00000005923424559439324
-0.000000011824538680233385
-0.00000005820591617625879
0.0000000004862912125654456
-0.000000055866947544964474
-0.000000005314984978969877
-0.00021830030746835112
-0.0020575184511866153
-0.013239966773417612
1.395678281298843
0.2597350827253874
-0.0020543407182524224
-0.013237117474463881
-0.000000005317393303779407
-0.0002183365639578133
-0.000000000006218788955200483
-0.00001763477103242211
-0.00044183591703372653
-0.004444402206429952
-0.01042636224699328
0.004844777196639149
-0.0002976245743367027
0.0018807730812435604
0.01189694487048203
-0.0007308536614316783
0.00461846907572204
-0.008480156525955575
0.0002512847379073249
-0.0015879386701743822
-0.00440514303145897
0.0000975503210160608
-0.005006153908572698
-0.004545548038232228
-0.013708134341247503
0.005439856133139204
-0.008894138228681013
0.0006875542923558903
-0.006097850414474636
-0.06375006711901249
0.004928148310570301
-0.04370725563392841
-0.004495623465641847
-0.0016984823808299427
0.015063670760360446
-0.0263357333714979
-0.0011644851050912515
-0.01613933099878689
0.023815948012722868
0.11347248357527097
0.1329275014205357
-0.13198695194923496
0.005418005250902303
-0.001086014415562573
-0.20639217809934385
0.008472306452818965
-0.0016982351464670269
0.20839291611762117
-0.004129719186389975
0.0008277833558573869
0.10795916874189082
-0.00003398013593320844
0.10779645678239765
-0.004545438837468502
-0.013710968428222179
0.005432443677887236
-0.009012122231682315
0.00004803263017480408
0.005946039340490114
-0.0646318992505059
0.00034447381364635627
0.04264298749112319
-0.0038810225671311784
-0.00012038109706978857
-0.014902176633329756
-0.026466884287875296
0.00007942532520386211
-0.016635332515473746
-0.00044183940512707785
-0.004444427319136329
-0.0104263882546448
0.0048830570748206615
-0.00010237113165058327
-0.00180090560344757
0.01199087835079746
-0.0002513834606982762
-0.004422319805263055
-0.008545055983336677
0.00008711447122738558
0.0015325115278617448
-0.004391561085719134
-0.000032128426305673
-0.004954935739899793
-0.00009008861628979155
-0.001381720556380388
-0.005782039036345444
0.0019713067927251723
-0.00008107116873619134
0.00001618369848308766
0.011175118400777069
-0.00045958341586388565
0.00009174358216508946
-0.003280583157509109
0.0000870148072775542
-0.000017370187533947147
-0.00116833083358437
0.000000714359332469588
-0.0011648949004913077
-0.00021830030746835115
-0.0029817883782772016
-0.013239966773417657
-0.007573508720087642
0.2597350827253875
0.24191669999999996
-0.013237117474463884
-0.0075827514685797865
-0.0002183365639578134
-0.002982053442625777
-0.0000176347710324221
-0.0007374269728131246
-0.000000000002231335929106671
-0.0000010922589640464512
-0.0007318849659930556
0.0000018945979986484935
-0.00000025661099137949227
0.000003355666869109439
0.0014232133446022257
-0.0001927650021605761
0.0025207615924660275
-0.00000040269425471712593
0.000000046994609702693923
-0.0000006145420894027295
-0.00000006209101456759538
0.00000008323573386995692
-0.0000011441882178577879
-0.0000000012465790262836676
-0.00003073177464926478
-0.002744599381849614
0.000013991161001167046
-0.000005477297645450379
0.00009175840147547384
0.0013180648731507805
-0.0005159996104438664
0.008644280899290658
-0.000004867923826181354
0.0000005689525345418487
-0.000009531374496024243
-0.000003637331549698039
0.0000037313683318078276
-0.00006592432582907016
-0.0002887687659764316
-0.014139399014636957
-0.01441817584682666
-0.0018320100205347326
-0.0011611331116305555
0.02309902305454695
0.0009534783188736332
0.0006043172443690392
-0.012021996289760832
-0.00851214844397045
-0.0001481516189242669
0.0029472569740901064
-0.008372297025299427
0.0018679797723492968
-0.045439088298682505
-0.03481316487471021
0.04005319387831714
0.0936114366299745
-0.11440531754145569
0.015488392155767475
-0.20262736968079129
-0.13203263665856949
0.017874809474540967
-0.23384774810358988
0.036817823626696944
-0.02321790664457819
0.30374898217780333
-0.13153842599041637
-0.041122068921143465
0.4032990323872201
-0.0002889217024887881
-0.014142680050642238
-0.01441750251525373
0.020720974951009944
-0.0013979587645744898
0.010351346975834636
-0.010790507318358202
0.0007279910484698899
-0.005390493717679239
-0.038178712069287905
0.0020170725917452257
-0.014935646745600674
-0.008417125047852664
0.001007646518658776
-0.015742276389556144
-0.000000001247809521864045
-0.000030747615807079295
-0.0027451405399656187
0.00007135332018255372
-0.000006081699463499334
0.000059375872499250196
0.006719742361894184
-0.0005727477489853082
0.005591758935489521
-0.00004120122278712828
0.000003220503913919713
-0.00003144190713860226
-0.0000036912715684578343
0.000002679906545161545
-0.00002958081010350003
-0.000000000006205412637170372
-0.000017620444813897752
-0.0000000053183371387231
-0.00021835077019772113
-0.0020543407182524215
-0.013237117474463904
1.395678281298843
0.2597350827253874
-0.002056226692115802
-0.013238809438080654
-0.0000000053146768843703805
-0.00021829566845334898
-0.00009006056216836736
-0.001381398463409827
-0.005781303296519279
0.0009676991226249842
-0.00013106855986916573
0.001713965647264153
0.005486506927122195
-0.0007431117222669918
0.009717570447987786
-0.0016744233562552009
0.00006907288308038192
-0.0009032566534296614
-0.0011738032227444615
0.00012234024604272309
-0.0027642744294919695
-0.0004417797391292514
-0.004443997741699562
-0.010425943349223404
0.0007832471017945007
-0.0003066276991671382
0.005136779000325002
0.0019235336442513223
-0.0007530301666690501
0.012615134109747687
-0.004496164944038299
0.00004185758873814416
-0.0007012190464800063
-0.0044056308093149985
0.0002745151336554211
-0.008988057693801095
-0.004545429745829121
-0.01371120390174243
0.005431827661898252
0.0008525185825284027
0.0005403286790784783
-0.010749038581407648
0.006114260102346692
0.0038752352762154436
-0.07709206471718934
-0.026265428808651053
0.00012811560022077932
-0.0025486700650463366
-0.026386366727351243
-0.0016153542666121046
0.005667513255394094
0.023823228297205547
0.11349736398821121
0.13294580059229763
-0.06481001605658271
0.008774093423954726
-0.11478734874151811
-0.10133895426676634
0.01371944502291437
-0.1794850640734963
0.13207276236234763
-0.003283331419809544
0.0429542849054587
0.10826487250599616
-0.0058152262821632465
0.18389824714498193
-0.0045454933984759765
-0.013709553744576136
0.005436144131239443
-0.00964516628535488
0.000650719610262978
-0.004818328437507423
-0.06915254828383638
0.004665437374187729
-0.0345457693589007
-0.0006124125254442577
-0.001744321341158649
0.012916028639215484
-0.026349597989514487
-0.0008713912102290509
-0.02001496339835438
-0.0004418856467316495
-0.004444760231733817
-0.010426733018214287
0.003993048908756777
-0.00034034188379716596
0.0033227712779591552
0.00980463514502855
-0.0008356842281307962
0.00815881818510282
-0.0071685286286053106
0.00023681417080031013
-0.002312026119647208
-0.00441029940981265
0.0001970622807107003
-0.006314041732273151
-0.00001762044481389776
-0.00073708548463252
-0.00021835077019772146
-0.0029821572956903026
-0.01323711747446388
-0.007582751468579764
0.2597350827253875
0.24191669999999996
-0.013238809438080661
-0.0075772655215089885
-0.000218295668453349
-0.0029817544617071
-0.0000000012470440529609177
-0.0000307377621960197
-0.0027448039467450587
-0.000015899255012029937
-0.000004242717294329511
0.00009153006470006392
-0.0014976321171684733
-0.0003996432335506482
0.0086216847567767
-0.000005291903928227915
-0.0000005007397535188237
0.00001080268583973966
-0.0000035490428569921693
0.0000028826974598994306
-0.00006560516032206151
-0.0000000000022313462925399392
-0.000001092261661495885
-0.0007318857004194107
-0.000001964035221357076
-0.00000009762398646383509
0.0000033239971224402634
-0.0014753720631474508
-0.00007333458216818867
0.002496967691364672
-0.0000004285926269720189
-0.000000018533639010536345
0.0000006310514963675597
-0.000000056647298893904356
0.000000031366933784823937
-0.0000011237381573080305
-0.0000000012487775596636433
-0.00003076007284814477
-0.002745565965084895
-0.00007260204685129995
-0.00000015319773345779826
0.00005821787403599632
-0.006835552847722559
-0.000014423714600593777
0.005481269081437514
-0.00004252488888567913
-0.00000008251849345805377
0.000031358500869104574
-0.0000034186650679079007
0.00000006616963937147105
-0.000028564135355380356
-0.00028916630764135276
-0.014147925485541273
-0.014416425222982745
-0.020938890052183492
0.00031948884349908366
0.010011726160662836
0.010913963153425403
-0.00016652694852446742
-0.005218405089636822
-0.03880615336070018
0.0004656924185489937
0.014593263785195971
-0.008292373658504493
-0.00022266629023743874
-0.015262894871029392
-0.03481287453862449
0.040039918810443983
0.09360565034466423
0.11856380916704276
0.005879197150735309
-0.2007021577534691
0.13684552300644512
0.006785728415800697
-0.2316490330333454
0.04954076180122692
0.009134924788135828
-0.31184514975232874
-0.1342272498876305
-0.015463395860632858
0.3932042560313125
-0.0002888456878676406
-0.014141049398410578
-0.014417837206245978
0.0013526503669034596
-0.00129028651871059
0.023127310602301908
-0.000704196167750875
0.0006717292539214286
-0.012040187098612905
-0.008407144780977545
0.00012154252012484217
-0.002178548387161948
-0.008395666516681277
0.0020781065699547285
-0.045528056205712986
-0.000000005304163728321603
-0.00021813726745732747
-0.0000000000062134568214726965
-0.000017629062557086
-0.000000005317393303779408
-0.0002183365639578135
-0.002056226692115802
-0.013238809438080677
1.395678281298843
0.2597350827253874
-0.0020536373060317
-0.013236485738023029
-0.00044181977301165835
-0.004444285975863531
-0.010426241872498156
-0.000889945423506421
-0.0002374819975189531
0.005123306855034112
-0.002185427088720454
-0.0005831813690512437
0.012581236207388588
-0.0045275997041189335
-0.000036832332606266506
0.0007946006185732926
-0.004399402096057734
0.00021203922975982395
-0.008963991870815907
-0.00009006067011301423
-0.0013813997027878322
-0.0057813061277420825
-0.0010031638082213883
-0.00004986308237748719
0.0016977870740831657
-0.0056875760674607
-0.0002827056475281341
0.009625838822196116
-0.0017124886586280111
-0.00002724076600974749
0.0009275202858368528
-0.0011658029459714384
0.00004610315886641971
-0.002734214436487366
-0.00044196890825447184
-0.004445359637102551
-0.010427353699791354
-0.004061793028003202
-0.000008570798106274417
0.0032570563106699042
-0.00997209211215946
-0.000021042132772705265
0.00799638615768114
-0.007265305257005236
-0.000006065501126491968
0.0023049987266593125
-0.00439081210184215
0.000004863782714976994
-0.006239123576801002
-0.004545594900417825
-0.013706914834936159
0.0054430447303684265
0.009751030543085506
-0.00014878274174852024
-0.004662360198574698
0.06987515686598292
-0.0010661660193445608
-0.033410125094125026
-0.00007210142783353139
-0.00040273473495611926
-0.012620377718383055
-0.02646067571290199
0.00019256368755550765
-0.020432510122877716
0.02382146130916346
0.11349132541688536
0.1329413594049425
0.06717271489500283
0.003330878425653952
-0.11370846564647319
0.10503498377426766
0.005208346304589344
-0.177800865468111
0.13386697790672428
0.0012919371276458374
-0.04410373773022863
0.10787697550595605
-0.0021869622022266744
0.18247073085595372
-0.004545461779219972
-0.01371037390834863
0.005433998887621708
-0.0006295405466651872
0.0006005156248937458
-0.010763742143358885
-0.004514322000662062
0.004306189508458981
-0.07718485842510975
-0.026357236283912993
-0.00010510625325519819
0.0018839420004995039
-0.026367162335740893
-0.0017970829896286563
0.005743792337712106
-0.0002181372674573277
-0.002980596148149418
-0.000017629062557085966
-0.0007372909170397644
-0.0002183365639578134
-0.0029820534426257777
-0.013238809438080661
-0.0075772655215089885
0.2597350827253875
0.24191669999999996
-0.013236485738023052
-0.007584797868098641
-0.00028920104488103476
-0.014148670186694157
-0.014416272195812384
-0.019375731854789413
0.0001054256689219302
0.012782324462318398
0.010100509489682953
-0.00005495807731973538
-0.00666338647228647
-0.034418791504029406
0.00014219235406130162
0.017240097447410084
-0.008286641848758311
-0.00009380542728883509
-0.01965929761537245
-0.0000000012477765439402652
-0.000030747191353924583
-0.002745126042345368
-0.0000872618972718566
0.000001832141618934314
0.00003218006352229176
-0.008218015588001448
0.00017254459110510747
0.0030306041000367047
-0.00005992844510223355
0.0000011865142785724815
0.000020840149287573972
-0.0000034416299800437392
-0.00000043755758295760746
-0.00001110205780244603
-0.000000000002237053241907195
-0.0000010937462027735532
-0.000732289725539055
-0.000003863753166543216
0.00000015900300892903186
-0.000000031820552006923264
-0.0029000442871660167
0.00011934400253093625
-0.00002388377468344025
-0.0000014973304092160363
0.000000059321756176456665
-0.000000011871794378416303
-0.00000005826041448927818
0.0000000004885537316152589
-0.000000055916949395549647
-0.0000000012473763116750517
-0.000030742039602891704
-0.002744950068856116
-0.0000865611682862517
0.000005323265782138818
-0.00003361012134398819
-0.008152906015269027
0.0005013805436700473
-0.0031656245624268596
-0.00005903091152593077
0.0000034201584051486353
-0.00002159425129558732
-0.000003626339079462538
0.000001327985068692335
-0.000011800662603259347
-0.00028891951177046054
-0.014142633059435781
-0.014417512161566328
-0.019099284369358902
0.0014775303603747664
-0.013095607513763981
0.009945925744936279
-0.0007694218781177151
0.00681951938082473
-0.033682091117495705
0.0019650410584299135
-0.017416499274574903
-0.008433020190848734
0.001347349248902422
-0.020222793387881514
-0.03481296389270086
0.040044002272915734
0.09360743027316984
0.2329842315054514
-0.00958607517555956
0.0019385174245161872
0.2689005180511375
-0.011063841377285683
0.002237354589773443
0.5766443460384497
-0.02926728179958437
0.005918494764298366
-0.13347648373661403
-0.0002435149167397292
-0.1346314342521441
-0.002054365242194965
-0.013237139492773428
-0.000000005311807339201622
-0.00021825245312232397
-0.000000000006218788955200483
-0.000017634771032422107
-0.0000000053146768843703805
-0.0002182956684533489
-0.0020536373060317
-0.013236485738023024
1.395678281298843
0.2597350827253874
-0.00454560928481593
-0.013706540107562167
0.005444024397734791
0.00902366523598581
-0.00004909883924700211
-0.0059529837505055295
0.06465813273013647
-0.00035181261515200546
-0.042655484596828726
-0.0038666721268438287
-0.0001229697494194678
-0.014909454710632493
-0.026466086252270572
0.00008112412206721841
-0.016630869449744942
-0.0004418828094030897
-0.004444739804954073
-0.010426711864985724
-0.004883365560136551
0.000102530629781324
0.0018008663441981838
-0.011990796453328727
0.0002517575014197973
0.00442191384343687
-0.00854563835267704
0.00008724942336947162
0.001532464497993359
-0.004391923444738
-0.000032175463450740806
-0.004955227167531956
-0.0000901200563090263
-0.0013820814912598187
-0.005782863390594315
-0.0019717542447500727
0.00008114256896600508
-0.000016238694809294744
-0.011175992124536141
0.00045991974615662497
-0.00009204165569042692
-0.003281359833635701
0.00008708959577529801
-0.00001742884634885547
-0.0011686775360935176
0.0000007172401787014629
-0.0011652371216337824
-0.000441848369925337
-0.004444491861358723
-0.010426455096332539
-0.0048447119880168634
0.0002979360151984456
-0.0018811132175971736
-0.011896545805245204
0.0007316037487073415
-0.004619211547218811
-0.008480064213370145
0.0002515391012685292
-0.0015881716341798417
-0.004405277402802504
0.0000976680408059579
-0.005006466514265519
-0.004545492487723554
-0.013709577380889359
0.00543608231115887
0.008890268142237059
-0.0006877556686417737
0.006095697620463462
0.06374048394163119
-0.004930996281715749
0.04370427416516841
-0.004500972528065077
-0.0016993250571593795
0.015061412329435468
-0.02633582361760322
-0.0011651585240840478
-0.016140282447612782
0.023822004853879357
0.11349318295522365
0.13294272557470027
0.13199378810321083
-0.005430849836009842
0.0010982385224640608
0.2063918186805418
-0.008491937315705585
0.0017172584350647543
0.20841352619292336
-0.0041390915197040135
0.0008370162851497828
0.10798550815508559
-0.000034438815797822265
0.10782217061259558
-0.013237139492773439
-0.007582680125369064
-0.00021825245312232408
-0.0029814384900838185
-0.0000176347710324221
-0.0007374269728131246
-0.000218295668453349
-0.0029817544617071
-0.013236485738023048
-0.007584797868098641
0.2597350827253875
0.24191669999999996
