-43.91866191909024
-4.552180526560092
-5.052363085075455
0.06596854185015721
-0.008930849906875095
0.1168538414989636
0.011082310530254371
-0.0015003280237090172
0.019630728858700458
-2.539324154953873
0.0007384287764767876
0.0024312774832645372
-2.5180766954512386
0.0008865550220670099
-2.5364286870159516
-0.000039307690726878636
-0.4026231412998526
-1.6263170771230546
-0.934079550544119
0.03834155169038766
-0.0058491013905731795
-3.415311438762947
0.14020649836865162
-0.02170016355334633
-1.6784541572938492
0.06787810608467888
-0.01022533195175438
-0.027419112261518993
0.0004276026757394933
-0.02484412572659553
-0.000000000000012346709290487879
-0.0004505174719942254
-0.1688816739808818
-0.0015153340463356674
0.00010934187035304726
-0.0008912306501360456
-0.5284274780030821
0.0381246745375536
-0.31069586571269575
-0.00029494626448596685
0.000021071129370055174
-0.00017179874679856399
-0.000004515974937662134
0.000012403163809056337
-0.00010416210459070697
-0.00000000000000000020558285834563166
-0.00001590649220922167
-0.05442864497213102
-0.00003487390002021151
0.000004724296256538896
-0.00006176833688916502
-0.11208122825052613
0.01518340860340422
-0.19851733973765487
-0.0000013699993674493604
0.00000018081006413708856
-0.0000023635463423993634
-0.000000059164310480114486
0.0000003202325400201352
-0.000004221851798931665
-0.000000000000012326863417835715
-0.0004502916856228848
-0.16885298314316718
0.000019080879564704318
0.00009319931986255772
-0.0017579725588642466
0.0067368532190446246
0.03250543366765611
-0.6131962534558847
-0.0000030902068848230857
-0.00000021764303145023395
0.000004145387862499661
-0.000004098723034421972
0.000020849871967414756
-0.0003961799524458468
-0.000039380995717416273
-0.4028539443523253
-1.626624027105812
0.477198796800152
0.023554904684745706
-0.8041148445661587
1.7438527825883097
0.08611080651575098
-2.9391340126632124
-0.4563644238538987
-0.021289405204147835
0.7270883797076649
-0.025703116364142523
0.035885882265870486
-1.2497782290882036
-0.8220801984385517
-2.4861368090361773
-0.000716022157636337
-0.3580962113061261
-0.0000000009774710364070523
-0.00747112820210613
-0.0000000000012686340720616022
-0.0010807646160827388
-0.0000000009773344481101582
-0.007470794568099079
-0.000718071524996103
-0.3583824097271438
-4.552180526560094
-15.485308406700726
-12.055665030331934
0.47804013020686587
-0.06471752618474254
0.8467785986138782
0.35130989960248465
-0.047561065637649606
0.6222854111918841
-16.9074839324803
0.023572748617261528
0.08071626273516813
-16.225119764592513
0.028192927806385236
-16.811314429205968
-0.4026236953844721
-2.83274300902633
-5.124192558258557
-4.068587695400116
0.16183461625300807
0.07125044299021079
-8.260617806714109
0.32735533210265727
0.16757388276652618
-7.684184600489244
0.23247586156894404
0.09852234694175266
-1.8540271524748688
-0.002055951934441179
-1.8812305301977132
-0.000450524682908392
-0.07307278492909647
-0.9097550256819081
-0.13800072277450415
0.010137998340661326
-0.0845363586767372
-2.204847165241296
0.15904216507713317
-1.2957680832475866
-0.17858147908729935
0.011491632103975578
-0.09540084585516188
-0.022449936483222403
0.007162840336817661
-0.08292697833062353
-0.00001590650760439443
-0.010595507989718318
-0.3755966978277297
-0.013190627666376492
0.0017869433992397962
-0.023363071731879355
-0.6038409495679902
0.0818020890814471
-1.069512783375077
-0.009320629254302205
0.0009400829456749769
-0.012190386209968925
-0.00237640651967606
0.0016615565995314364
-0.024029776424396094
-0.00045029507011458853
-0.07305390084723021
-0.9096454506004961
-0.001148395953643212
0.008700209247638176
-0.1618769080941204
0.02861635635787311
0.1355971965443801
-2.5583540495465846
-0.024049129658471047
0.00022004351136457957
-0.0022444134046616456
-0.02222313603017329
0.011638936418777971
-0.2376079123444851
-0.40285719788465646
-2.8336431577057795
-5.12498512570084
2.1608690148504586
0.09653292519651074
-3.451739951715604
4.4060716596178215
0.19452769990850302
-6.995029769005125
-3.5142700315635564
-0.07174561105276273
2.6133108875635545
-1.8488195362350566
0.11887821242053499
-6.059750740193376
-3.4887409040774524
-6.595847056651278
-0.09762349952432846
-1.5103046385289896
-0.00007928120449579088
-0.07754129594302364
-0.0000020728510456350196
-0.016499942943233446
-0.00007927358020478572
-0.07753987235132431
-0.09776522889644193
-1.511247206315183
-5.052363085075455
-12.055665030331934
-13.513695083611502
0.4847540946172028
-0.06562689796875451
0.8586610617412967
0.8001301467802707
-0.10832427059067898
1.4171935192295955
-14.477884419182397
0.027067934595451804
0.09882855478096808
-13.686253859107577
0.03215810424386068
-14.360047768144009
-1.6263198445439673
-5.124198464233668
-7.754670716343829
-3.836292341397439
0.14084381910401683
0.2870268214914131
-8.371520519514961
0.3051206658265482
0.6679781092883714
-8.213913637117207
0.11112183628900629
0.15283758363280972
-5.288557293446788
0.004268601193228691
-5.479955776294455
-0.16888354141791778
-0.9097744925424749
-2.524421096089332
-0.9450964309628006
0.06792861641114849
-0.5508833844719053
-4.084139083880821
0.2917943972373419
-2.34774410364095
-1.635488868515653
0.06041729212547222
-0.48379619024793274
-0.7912991933582552
0.03856679581880091
-1.139714729555809
-0.05442862942663333
-0.3755979166772621
-1.4152742026067835
-0.24630897132654347
0.03336960789592246
-0.43625772338676794
-1.4988951154544887
0.20306449598074253
-2.654825491849459
-0.4598926348523931
0.01827469650581851
-0.2214774043365906
-0.304551449719017
0.03175940672247162
-0.7271705362461015
-0.16885427174393436
-0.9096515151738862
-2.5242050946074746
0.016165937466226573
0.0578366157257892
-1.094268146319859
0.09793682857205199
0.24790305483146888
-4.712072822885213
-0.8438448732497636
0.0026835807105297415
-0.006613111862856536
-0.7900565493167557
0.061501306804593064
-1.9321275567579232
-1.6266387178459798
-5.1250290464278585
-7.755487628710879
2.225362917161964
0.07727807881370019
-3.1406980374356173
4.8914566035515605
0.16602283392775066
-6.831551000000799
-6.343635087526677
-0.02535531234320425
1.280901372333913
-5.286814483359781
0.05851348402035902
-7.3549623100561705
-4.284085831387978
-8.255857963336448
-0.8389655027746147
-3.1712512001384088
-0.033916411439705633
-0.4678973827999571
-0.006960717146203979
-0.1740332771724154
-0.0339160578485234
-0.46788607003460303
-0.8395273243621703
-3.172543260556598
0.0659685418501572
0.47804013020686587
0.4847540946172028
-16.20332754616742
0.0177888756282127
0.062190238175914785
-8.126941039768367
0.01803673057843964
0.06881097931510666
1.2844993984252144
-0.06028921692728536
0.6507339862587954
0.32927686567910835
0.0055864731575863925
0.17263349137156403
0.9340432648714113
4.066416643662907
3.8296838781865636
5.03960434429608
-0.2597224714384281
-0.09330896604545853
2.9975132449077977
-0.24312158291236172
-0.08168404651489283
9.895701879498976
-0.36594675639738694
-0.11004234264368803
2.94490871892453
0.002628525914882046
2.985307985217463
0.0015145279266982259
0.14088298915381772
0.9401948174826424
0.2391495532332894
-0.01981206975864535
0.16634362212906995
1.7580204846684029
-0.1664952920360696
1.3851092563569307
0.3355615881601884
-0.023504095318052205
0.19599030120720476
0.05046830681742655
-0.01624295201870314
0.18814343449543308
0.000034873905152515464
0.013190593150145003
0.24630385267244692
0.011856312075989783
-0.002223891517606396
0.029299958920226552
0.1704553517553278
-0.05413018225803522
0.7232957149200846
0.008947468134257876
-0.0010571946882244453
0.013768398187400005
0.0035098544202830087
-0.002451147427112108
0.03562884923746859
-0.000017452357500745365
-0.004511941174166393
-0.006576691169248793
-0.03280990550075261
0.0006876567277923824
-0.009986288552950688
-0.5615339120082418
0.0017498893279823038
0.004608885510368078
-0.0017423803940005617
0.002356704868179366
-0.04325294433642543
-0.0008822096979777196
0.0010087506325207802
-0.0159559014829396
-0.47408041861356326
-1.980615083670573
-1.67671804841564
0.1966879599232501
0.07778170841173196
-2.7190895383317577
-1.792617433035166
0.06948463847124235
-2.2818349441343075
-0.6974944735524641
-0.018211545602375367
0.6405728928265266
-1.451168041698775
0.11690905148907424
-5.523626117816653
-2.215582140913633
-1.462274992920934
0.19335999106230392
1.4610482028801892
0.0002450290276591103
0.11248297027991934
0.0000039054129878837795
0.013768788228078838
-0.000043604093554254734
-0.02071525607161288
-0.1693561199030837
-1.215770804729006
-0.008930849906875099
-0.06471752618474254
-0.06562689796875451
0.0177888756282127
-15.686706305601557
0.021230677604095853
0.01803673057843964
-7.5955393734328345
0.0213245264701058
-0.06028921692728536
0.32927686567910835
0.0055864731575863925
-0.13360724135568683
0.5825938155470733
-0.04794960918905216
-0.03853372639357965
-0.17292954330774618
-0.17461810588320523
-0.2754357358383081
-1.4513873342869439
0.005585629954915821
-0.27984111315561405
-3.0705577881728257
0.01047090444343022
-0.5982191972213868
-2.1450092309920343
0.007877314010421205
0.04898712555206764
0.031436676318850054
-0.1260162760918826
-0.0001093848616965104
-0.009994706289364446
-0.06817084515502489
-0.019150686882810648
-0.027640285243831227
-0.011609563041682104
-0.16745326690249313
-0.5004890197894905
-0.09855862790906716
-0.02878634282283293
-0.031085271891743448
-0.015204159681771886
0.0011571905932447565
-0.018523401251372366
-0.0130925741161317
-0.00000472427871586313
-0.0017868626746323005
-0.033364884587146065
-0.002223796922213231
-0.003963731940546448
-0.003946582526716072
-0.05412730911755485
-0.20130169090835504
-0.09641279375560842
-0.0018564683367740646
-0.0020631510055416397
-0.0024259995035590593
0.0001341571269507686
-0.0036544867539791085
-0.00479168750468847
-0.00009326712553433582
-0.008467320584742987
-0.0582326182280441
0.000026318079566923577
-0.02801876773001323
-0.01898524361786908
0.0027068274594266003
-0.5037170285978524
-0.16651515456869745
-0.003237873120903422
0.00018006811289286552
-0.00004091387447498867
0.0010314602576838676
-0.03678769684469987
-0.03228797460433405
-0.023780481296957468
-0.10954585589730359
-0.11688395473953922
0.09349948012213909
-1.4587921372173078
-0.1467984779254464
0.10620724927777472
-3.07783902225557
-0.1563419835867847
-0.16343158563637147
1.1403541904903778
0.13374175965953558
0.026081447262190353
-1.8332483239576993
-0.29158122442226253
0.30043002809686276
0.1983249274427283
-0.0035314665010486523
-0.030606891233652476
-0.00001514121198291473
-0.006907317218402112
-0.0000005289640732856753
-0.0018648565300494941
-0.000012113235548955406
-0.005510405895742068
0.00026098893116507715
-0.002613345074389333
0.11685384149896358
0.8467785986138782
0.8586610617412967
0.062190238175914785
0.021230677604095853
-16.129212721996886
0.06881097931510666
0.0213245264701058
-8.044845888058
0.6507339862587954
0.0055864731575863925
0.17263349137156403
0.5825938155470733
-0.04794960918905216
1.9310381244999197
0.009472269615793219
0.137968719356665
0.3498872327238466
0.2006585517132223
-0.006382579260790975
-1.4957139282750158
0.6053118023093024
-0.017498563130038385
-3.2150119925394853
0.3580673752871252
-0.009480937824084856
-2.2034021180521455
0.07367964469090373
0.08746169647772077
0.1469433987160417
0.0008926480584977117
0.07966094174291266
0.5591348238205436
0.15397218131248122
-0.011105864590971112
0.061437046251414294
1.403054317462379
-0.09929006448047487
0.2761451448911916
0.23274677328603938
-0.014747612870244921
0.0872399478455991
0.02938463264756132
-0.006419924850543519
0.062304090242747405
0.00006176840345635456
0.023363136821178097
0.4362582509918652
0.029300116604640082
-0.003946771434482972
0.04720919858310528
0.7233101830465709
-0.09641984260438764
1.043159779270219
0.02446844663689882
-0.0024598444101500017
0.02958714572198363
0.006217554193478641
-0.004017773023872456
0.05448396849322707
0.0017579991455069668
0.16183061202513752
1.0943433202801887
0.0023851131338076307
-0.01948884089765591
0.3337215630985071
-0.013292203776745868
-0.16578658854339318
2.5989192512747348
0.06215079148516591
-0.0004824317792195038
0.004662322474613572
0.05783492447038289
-0.028072271660402968
0.5394359206804336
0.8059595603701325
3.5578711527096485
3.463710719800988
-3.0131182936783087
-0.13482636048178995
3.3544158860193254
-2.96884567053257
-0.1283730772437855
1.5809536876416659
5.331291873334098
0.12136029823553907
-3.2467594012449457
2.553217964233592
-0.14979509223102877
5.983343526584973
-3.925710195548372
-2.591099331810064
-0.08100603317844701
-0.5387331460396233
0.0000967600970779059
0.043605616052607696
0.000006917184040616977
0.02438722740568097
0.00025994262988162243
0.11891883391282727
0.12408312512774157
0.9747109086240622
0.011082310530254371
0.35130989960248465
0.8001301467802707
-8.126941039768367
0.01803673057843964
0.06881097931510666
-12.4072947500093
0.049894475953516294
0.13011171298840177
1.1366725713324333
-0.054377507629168625
0.5483245442662967
0.26088806024957456
0.0057018503782077365
0.0875028623842317
3.415186486581665
8.255747452926082
8.35623251067223
3.006244231580001
-0.22097506195014255
-0.5026980026053339
1.5453059363060058
-0.2814009544807784
-0.7239869936327938
10.005081269213733
-0.10042690237670548
-0.10503339143344496
9.406732571901966
-0.010595153296388719
9.792445278973757
0.5280612825234995
2.202824020161836
4.034325009637873
1.8078498605739823
-0.16705664261424524
1.3577053090555056
4.079859564526027
-0.4488783644603002
3.7127218404921964
3.383341421487337
-0.12475560847536792
1.0017512387544287
2.0940439263872905
-0.09944904709202979
2.986858455536153
0.11208116105289864
0.6038394492641774
1.4988925659000047
0.17046097205591978
-0.054134537238848444
0.7233061719951421
0.16555343457455043
-0.20515040552895897
2.8122152897926287
0.5545354254025123
-0.014820622889092534
0.17243170163564214
0.5327054137992806
-0.055479613268088104
1.2841063568824798
-0.006006272024204194
-0.024549381929475537
0.000004947885611734926
-0.5603580896969466
0.004737544061832749
-0.052158947517629256
-2.3790029236003587
0.012497574273994814
0.0016291649664689212
0.018120240630896952
0.02927229833145186
-0.5626133457469282
-0.01647806334725567
0.006311508024792255
-0.09743667949015028
-1.7329976998906373
-4.000729497875728
-3.622542719412143
-1.4234951648275749
0.06534334627020182
-2.485578621532649
-4.713353617283686
0.0900654200992579
-2.9069177118768312
-3.1202752371995452
0.019958223511311428
-0.6469278362426794
-4.642132967436007
0.045959687564858256
-6.253083459646268
-2.6493770421645957
-2.5306184256422
2.0099838542481314
4.618616277746177
0.12916919553162753
1.0960207345548487
0.01601758534895968
0.25037560880456705
-0.021429931264971502
-0.17634712356401647
-1.789719115211118
-3.8075083606447255
-0.0015003280237090172
-0.047561065637649606
-0.10832427059067898
0.01803673057843964
-7.5955393734328345
0.0213245264701058
0.049894475953516294
-11.016401212661616
0.06108066089540823
-0.054377507629168625
0.26088806024957456
0.0057018503782077365
-0.10579028110607709
0.46132968322737894
-0.04088342796400355
-0.14087589036290998
-0.3523118373611174
-0.38324442324351615
-0.2576973301032336
-3.0723970899743
0.027981830781035805
-0.3663406443539763
-6.3055004034307975
0.060591794268138925
-0.5898548739249345
-1.991454550569701
0.012179787107349465
-0.24953128262047128
0.15204435751581075
-0.41543643294598687
-0.03814360245019193
-0.15914921722229533
-0.2942801230721072
-0.16801563640895423
-0.500675397665342
-0.09479169994047457
-0.4586578413627393
-2.0379198624252033
-0.2543232585983219
-0.31015365401678313
-0.4367244398355494
-0.0877384307548021
-0.0881827157693133
-0.2462130694478669
-0.21309535786126282
-0.015183367065405053
-0.08179866789719294
-0.20303920561171174
-0.054128874385055016
-0.20130110358436423
-0.09641550582636292
-0.2051239867003369
-1.1497915555278257
-0.3678540313503814
-0.10807494847485907
-0.10714173436599154
-0.051759369862339207
-0.04198414434722358
-0.1898684506887103
-0.17117313137101875
-0.032535765924161617
-0.1357668710889619
-0.25194126340606615
0.005694836892781142
-0.5039682562808178
-0.16415616477087666
0.02227314876003767
-2.046912225532145
-0.4489891462356898
-0.1379303883184436
0.01470525708184741
0.002615903000266198
-0.07555323913801364
-0.5050043982904544
-0.3080895027364788
-0.08689632723389654
-0.22379491042744587
-0.25763107639125077
0.10207065532815375
-3.079190269845832
-0.12838781313335262
0.1750073932066841
-6.315021495861245
-0.18549891864164658
-0.2987362050883713
1.1603639494752536
0.0516943510596469
-0.16836915037192077
-1.6328026163273774
-0.3345257776556243
0.35925032416226016
0.3432169659496139
-0.03479153219621507
-0.09893495866951403
-0.00807907898011885
-0.06889774457485673
-0.0021695087487530415
-0.03391105389053931
-0.006499746214089945
-0.05555371558010873
0.004946547568214325
-0.010798183407526049
0.019630728858700458
0.6222854111918841
1.4171935192295955
0.06881097931510666
0.0213245264701058
-8.044845888058
0.13011171298840177
0.06108066089540823
-12.252523280837824
0.5483245442662967
0.0057018503782077365
0.0875028623842317
0.46132968322737894
-0.04088342796400355
1.6208919114474958
0.034319976135966046
0.3030402931666859
0.8051697530389164
0.18432292066138486
0.00001135382199823464
-3.221920696387735
0.8650263833685508
-0.004101193317628821
-6.899057840878535
0.36997190550043324
-0.0033531798816745888
-2.0311792481494333
0.24522787730000242
0.07093168861533414
0.6165295197179638
0.31132870002895036
1.2993015577788607
2.432132381777716
1.375577616623714
-0.0955172845003141
0.22654354340747596
3.89557729387003
-0.26176582775212964
-0.14043510001170112
2.542600660310413
-0.08981675826689851
0.23761543661060502
1.2431222069562176
-0.021521438711645927
1.2050626398897724
0.19851729942567214
1.069517698236519
2.6548321531963492
0.7233120249830125
-0.09642632871925104
1.0431595120529582
2.8122271272743857
-0.36790242776665466
3.558438227985007
1.4286760441460293
-0.05676870888637767
0.5747500492406904
0.9435983486956665
-0.08166745853454703
1.8278463739658575
0.6132069446273228
2.5584077114249744
4.712891357271948
-0.07006543384476588
-0.1634210089575921
2.597996725488814
-0.1812359075742984
-0.44153118818673315
6.327749859774173
2.588420362037842
-0.00609461173871325
0.002216565138655092
2.4327575191862536
-0.15512436986580144
4.808529864732797
2.945561142949174
7.23378602474652
7.578699761470612
-3.172593669754549
-0.10041116988304195
1.2130825054593815
-4.495895252323609
-0.12079858647846858
-0.6334058495121424
9.733822258136085
0.02883538014659538
-0.5587884950448126
8.187280480232339
-0.04147333865363884
7.750236032895321
-4.694334861626189
-4.484227581625593
-0.8778654635880478
-1.6623675074933522
0.052828527253806164
0.4546659624422402
0.02837002153885712
0.4434600501814386
0.13798229840396087
1.1740889342947196
1.2703362440227284
3.101435492280265
-2.539324154953872
-16.9074839324803
-14.477884419182397
1.2844993984252144
-0.06028921692728536
0.6507339862587954
1.136672571332433
-0.054377507629168605
0.5483245442662965
-37.00595784458286
0.05212104897856632
0.12865960209359262
-11.85459170381059
0.01951905218697165
-12.258846938561724
-1.678317801201919
-7.678122755187234
-8.206647148635936
-9.893026982162457
0.57230450750906
0.12315204315853137
-10.005252107302823
0.5623680428903421
0.13908781678905327
-18.685486531104033
0.8276178291705606
0.17127732433232462
-5.147725783347522
-0.005645987184169656
-5.1822343255613115
-0.0002948461462490589
-0.186415768934127
-1.6670854192499385
-0.3430914330406822
0.03028552084316226
-0.2546960784416084
-3.412251341812887
0.31372649006241676
-2.6016001335929246
-0.4348898824473189
0.03415037805146496
-0.28574323000335955
-0.04482325197789099
0.02486767638984648
-0.25438678253306457
-0.00000136999989620184
-0.009320546305996323
-0.4598851703431075
-0.008947409473697399
0.0018565140198490507
-0.024468163910923196
-0.5545330653249494
0.10807777512504335
-1.428650801311235
-0.0040950632559016865
0.0006158336073952802
-0.008064064043925217
-0.0013297191364923721
0.0016063142749551465
-0.022361584223429817
-0.0000030877226811778978
-0.024234762005708912
-0.8445863990937077
-0.002245329502902768
0.003386743955974697
-0.06260396871780573
0.048500724067638994
0.13673761085134659
-2.5890693233591424
-0.010795552177712057
0.0002357046859987308
-0.003404328985731992
-0.003348207130817949
0.003215381214495872
-0.06210298808467279
-0.45051361836811815
-3.2581841901282718
-6.037060042126284
0.842497104679301
0.139762045807019
-4.869428613941532
3.8514133808243076
0.2560943328007485
-9.052455179441761
-1.7658897063589918
-0.02996045803482791
1.0726009452029048
-1.8120474628961927
0.22006197887699586
-9.450061470300962
-3.9036360516153845
-7.917878670180033
-0.2874353345763362
-2.745749342060688
-0.00012195147979370712
-0.18101696513220772
-0.0000005464422541515298
-0.019315290932417413
-0.000010078781147511791
-0.06237991134455608
-0.22664079205050097
-2.3152674611366173
0.0007384287764767877
0.023572748617261528
0.027067934595451804
-0.06028921692728536
0.32927686567910835
0.0055864731575863925
-0.054377507629168605
0.26088806024957445
0.005701850378207736
0.05212104897856632
-11.85459170381059
0.01951905218697165
0.034005446527120335
0.036744840911631146
0.012970806203920665
0.06822919520200924
0.24783641876661427
0.12951251799714378
0.38550001623532243
2.143805686689924
-0.006043879027716865
0.11325600351989427
1.9870862781037266
-0.003452434259751085
0.8638524152411912
3.4497304936185933
-0.009926827934766678
-0.15326688498567714
-0.03705878135677389
0.18740614373948855
0.00002107036657197107
0.011579469511080394
0.06077154197848874
0.023203435305332643
0.031283935353654
0.01567392543897706
0.12213218486075224
0.42726958847677365
0.09433224842312785
0.03308261663921418
0.032863470645748835
0.020077264820926276
-0.002596881858947871
0.02138541775730364
0.016428807934937815
0.00000018080918166004707
0.000940033745899027
0.018271475456349467
0.0010571462606943209
0.002063144932457913
0.0024597065256819948
0.014818768709543876
0.10714097843014234
0.05675806449190853
0.0006158166673644088
0.0007377388139121085
0.0010895840765718532
-0.00012228813411396854
0.0016139253381433506
0.0025376649748367446
-0.0000002112939882598977
-0.00025004008243118984
0.0007836335075374265
-0.0022295318107957434
-0.0005895702529083756
-0.0006008171802004972
-0.03053820063199527
0.003698649090673363
0.003742444687249158
-0.00006241975768090944
-0.002990912354688751
-0.002992903307945375
0.00006828054022743225
-0.0008367649660655647
-0.0010754666463322386
-0.02135521874801011
-0.0746178603321596
-0.028793893020359073
0.017689811276590424
-1.0554445661213745
-0.12339916991264756
-0.04207813793284839
-0.8707118337649887
-0.0362003375940347
-0.026378860317075477
0.3547353316412251
0.04676421333183522
0.0454069003631225
-1.7728439622633663
-0.2873702546677837
0.20870989310774196
0.05214764429683747
0.004813563002404524
0.030390598723400962
0.000007098851637122676
0.007623262521596334
0.0000000652431866456253
0.0010892779579643314
-0.0000010565424272998003
-0.0010256707274340264
0.00036722854007175206
-0.0010481481295065178
0.0024312774832645377
0.08071626273516813
0.09882855478096808
0.6507339862587954
0.0055864731575863925
0.17263349137156403
0.5483245442662965
0.005701850378207736
0.08750286238423179
0.12865960209359262
0.01951905218697165
-12.258846938561724
0.036744840911631146
0.012970806203920665
0.17490588499381102
-0.016897903137579325
-0.1934572409480587
-0.19670634650787192
-0.25935088928903693
0.011228595037404261
2.2014567600865735
-0.140043541721108
0.01171748730201212
2.0229882518106206
-0.508869017818295
0.017764752287371236
3.5384622260817897
-0.10853367056121874
-0.17142482131083817
-0.1946798065686128
-0.0001718606258050816
-0.09107726018718272
-0.46632511406467286
-0.18427231281789502
0.014759703186983256
-0.08791865342933909
-0.9447376130346525
0.08752704584479319
-0.27439710709868675
-0.2652824096759693
0.019228853383403643
-0.12248987105518966
-0.023946822919006006
0.009727559658879411
-0.08035940306192617
-0.00000236355011784675
-0.01219034303348994
-0.22147271161724374
-0.013768372597306976
0.002426063140676917
-0.029586980388677905
-0.17242452329499194
0.05175946327345792
-0.5747363226150449
-0.008064091851392596
0.0010896178476359243
-0.013409159799806608
-0.001977943975155312
0.0022401281432806214
-0.029393448612218088
0.000004024726775243049
0.006690497749106944
0.02946829800772477
0.043205664011722635
-0.0010588313909620877
0.015480378556982198
0.5633332645529885
-0.0050188398507815665
0.060566521054215096
0.0021841249572913104
-0.003160930835265407
0.05487093501247564
0.001004587575397726
-0.001525865452723447
0.023797778098920686
0.7238629589278764
2.4719864824278623
1.1117590759357519
-0.6117345778412011
-0.11814932021878918
3.056270662596909
0.9443415096879194
-0.04343055492078014
0.5965677281340344
0.9094026311574792
0.04470550014683283
-1.2065229843647196
1.8857883414762433
-0.1704871050720874
6.033130957428845
-2.704408612864189
-0.4971190113586945
0.10634388873009781
0.437988078443969
-0.000043877223114467535
-0.04609587232844564
-0.0000008505726439154195
-0.013584588112280258
0.00002355707845822843
0.025420080535061722
0.14341621577145927
0.6986156326775411
-2.5180766954512386
-16.225119764592513
-13.686253859107577
0.32927686567910835
-0.13360724135568683
0.5825938155470733
0.26088806024957445
-0.10579028110607705
0.4613296832273788
-11.85459170381059
0.034005446527120335
0.036744840911631146
-34.58455701815351
0.040836429014807225
-11.810362144219983
-0.027448269180892156
-1.855301094686836
-5.2900784752109775
-2.9479823126708204
-0.06464079007202016
0.025696256415095615
-9.41274971510417
0.19618967289992278
0.09114209609691608
-5.154969960787088
-0.17616772567396732
0.03689672843368385
-2.1641819872857897
0.0033351031382341263
-0.7445394802624513
-0.000004516451503756978
-0.02242154553568541
-0.7911716270006283
-0.05013879737092958
-0.0011242198569550387
-0.029813161449774108
-2.1030062847509243
0.08679269634474687
-1.227594649137199
-0.04400185862034132
-0.002532091097972258
-0.02432093386987439
-0.008502487972609798
-0.0014963159648358553
-0.01793716104110292
-0.00000005916414327181647
-0.0023763897738704924
-0.3045505855977234
-0.003509835529022024
-0.00013412100133995865
-0.006217503090462977
-0.5327052636407108
0.04198911981850137
-0.9435953636017212
-0.001329714253526105
-0.00012227712126491614
-0.0019779327479944424
-0.0005149882565670879
-0.00021710620974963845
-0.003717079262659662
-0.000004099282426241631
-0.022184087435981232
-0.7898930413060251
0.00036188153403423436
-0.0009767911856296742
-0.057749087623227044
0.03449939741284734
0.07329553019331318
-2.4323949389541624
-0.0033130923856400456
0.00003283281043272392
0.00018182369552821508
-0.008601823055369013
-0.0025393296975186044
-0.05756731634260441
-0.02572436766138266
-1.84973373719956
-5.287864098594955
1.5372235627200446
-0.04447988893717851
-2.504250125537345
4.932749517055512
0.10574188731897127
-8.018181458053714
-1.9400798877925938
0.06220305490599828
1.9568927843190609
-2.173734455068725
-0.09745069823972943
-3.9302834312834043
-2.3627465805134897
-7.2979648663531265
-0.029332802397555344
-1.423534976399264
-0.000005548856875393836
-0.05468182374537063
-0.00000007014613303719853
-0.010552218339350978
-0.000005389548371051045
-0.05451182964263332
-0.029298851882196456
-1.4238947065241225
0.0008865550220670098
0.028192927806385236
0.03215810424386068
0.0055864731575863925
0.5825938155470733
-0.04794960918905216
0.005701850378207736
0.4613296832273788
-0.04088342796400354
0.01951905218697165
0.036744840911631146
0.012970806203920665
0.040836429014807225
-11.810362144219983
0.05813011186202953
0.0007051131968635776
0.01008721918412142
0.018803918105255526
0.016849991528545535
0.0665141369029772
-0.09378346061708555
0.034818599248968296
0.18306225968553277
-0.09557644621393681
0.0346479061687838
0.10563335471185445
-0.18048212298426283
-0.0023490124035003613
-0.7300070226693803
0.010124018395925694
0.00001241144218006994
0.006569399251676176
0.03616837552967325
0.014738612459250584
0.018193304323209116
0.0062885398911800665
0.09558053207034602
0.2620559081003928
0.021784724591854487
0.022368219143802246
0.02076938194975968
0.009485444973994112
-0.0014899907467960222
0.009474433187829848
0.005701671653190758
0.00000032023138822456067
0.0016614797216376437
0.03175476649259171
0.002451034998581959
0.003654490191886524
0.004017580776420015
0.05547122444074501
0.18986952535872698
0.0816556892260226
0.0016062696316542675
0.0016139293894712908
0.0022400631369363135
-0.00021712626444457618
0.002685106614053763
0.003972821075432943
0.000020855067399003536
0.011267362384340895
0.06000197093450984
-0.000018862785511872592
0.03678892741175844
0.027242503181790525
-0.0015114166672629632
0.5050533658806063
0.15256456866817295
0.003010121797781841
-0.00018534233550072116
0.00005276467894858542
-0.0026259581055953704
0.046220148946440685
0.04525098790118744
0.03632955381234917
0.13827422509488496
0.08172949348204715
-0.14049437766904818
1.8830834892911852
0.16586946771042527
-0.07242212619053776
1.802583693046569
0.04980244760029946
0.2615344012165557
-1.9164778001039526
-0.1951355544797698
-0.07616977550729644
2.387020029014083
0.3206873208864338
0.3690084267355065
0.0859680482345725
-0.0018187089664988484
-0.00672215185489285
0.000002705538277776574
0.0029789197168752553
0.00000011546624716515194
0.0019063012887670819
0.000005945798892368337
0.00641585000396734
-0.0000523059198962249
0.005775022881710029
-2.5364286870159516
-16.811314429205968
-14.360047768144009
0.17263349137156403
-0.04794960918905216
1.9310381244999197
0.08750286238423179
-0.04088342796400354
1.6208919114474951
-12.258846938561724
0.012970806203920665
0.17490588499381102
-11.810362144219983
0.05813011186202953
-36.64471253264317
-0.024953615917530956
-1.8860198253992597
-5.485683242196152
-2.9942288578417795
0.1199785059834278
0.1701769872709699
-9.80680715354889
0.39104293857018785
0.5222588574292318
-5.201633408224786
0.17904377815168562
0.26277035621849404
-0.7461856615117443
-0.008626266557559815
-2.252098267175193
-0.00010426978210634797
-0.0751191346261495
-1.1081612503135492
-0.16899638184612348
0.012153984550991054
-0.060127182602655954
-2.9552457514493984
0.21057442621146516
-1.1505415896831461
-0.22368870601789723
0.014942669095334513
-0.07691489339520458
-0.01722943301560442
0.005595560318381125
-0.04190707332166874
-0.000004221864050094477
-0.024029807913430366
-0.7271731393230607
-0.03562895178870569
0.004791843393037944
-0.05448394967496752
-1.2841157495966327
0.17117951766173997
-1.827851825764875
-0.0223617333059904
0.0025377590512770513
-0.029393544663624233
-0.003717110261859199
0.003972949226024463
-0.049291141865178155
-0.00039618484234104647
-0.2374611094716934
-1.9315265891902336
-0.002991327250034442
0.03304949529791826
-0.5392600857091894
0.025474435277598604
0.31100896971517694
-4.808064360286421
-0.06139122471484024
0.0005528066904771519
-0.00573288801426519
-0.05768916286836842
0.04645383189289202
-0.8222357748338444
-1.2556215378829707
-6.314932398867293
-7.660338120942173
6.066017265908093
0.2778136904276793
-6.038808549545867
6.940383727873656
0.31639944350862703
-7.594116431264439
-10.447325589357618
-0.2879642347934484
6.419853870010057
-4.054298102112138
0.2982121414246445
-9.717391345253034
-7.169229615371472
-8.518779843879985
-0.0760915406962263
-1.6300062796422317
-0.00002233460556119609
-0.07485705991926027
-0.000001572734197990284
-0.03570844961702082
-0.00013435062125083556
-0.1936595975903817
-0.13752072064566193
-2.0636509055881334
-0.000039307690726878636
-0.4026236953844721
-1.6263198445439673
0.9340432648714113
-0.03853372639357965
0.009472269615793219
3.4151864865816655
-0.14087589036290998
0.034319976135966046
-1.67831780120192
0.06822919520200926
-0.016897903137579332
-0.02744826918089215
0.0007051131968635777
-0.02495361591753095
-43.91871418509473
-4.55219197588434
-5.052372715648865
-0.06837746685523155
-0.0034028349541784506
0.11575531329081874
-0.011486995176159812
-0.0005716554084784011
0.019446182875118918
-2.539231056427678
0.0009920130326757494
-0.0023953339338630792
-2.5181034661161017
0.001087585854203512
-2.536514677932821
-0.000039416345276913814
-0.4029660097907127
-1.6267751730617752
-0.4604699859762757
0.0621614111517413
-0.8120334221297903
-1.6823913810401672
0.22714947100447172
-2.9675145092229718
-0.4265839219203873
0.05423690247654644
-0.7083950944404758
-0.03198145193714851
0.09562595828948255
-1.2738278296113243
-0.000000000000012291420658140939
-0.00044989367293454363
-0.16880279887941083
0.000017510190136946606
0.00009325677423322942
-0.0017564994307010873
0.006030033577475148
0.03255133079705396
-0.6130453873406594
-0.0000030844190280327794
-0.00000021208196881690327
0.0000040364805315347895
-0.000004096139713882979
0.000020846962622019283
-0.0003957364242159054
-0.00000000000000000020576393678084623
-0.00001591081162924965
-0.05443372477198485
0.00003616383055865588
0.0000017992425124673374
-0.00006119987926317459
0.11620614640573211
0.005781559766487904
-0.19665520238296486
-0.000001470302790772942
-0.00000007134538037875652
0.0000024279896585727877
-0.00000003823918255616641
0.0000001208457653029521
-0.000004144441581315985
-0.00000000000001231347330259523
-0.0004501441722110935
-0.16883467877222327
0.0015323933743016916
-0.000016123528294240956
-0.0008655023465259558
0.5346702148836978
-0.005630657154870225
-0.3018909888804049
-0.0003017156706101136
0.0000031382227913834493
0.00016881210631304654
-0.0000030248629222308986
-0.0000017696824337814854
-0.00009845955965776023
-0.0007169729697923916
-0.3582299641282959
-0.8225275144909951
-2.4865039387896952
-0.0007176449596777849
-0.3583232287701295
-0.0000000009769597739353927
-0.007469957529565041
-0.0000000000012686462267668603
-0.00108076849146729
-0.0000000009779233716569036
-0.007472141719091288
-0.4026231412998525
-2.83274300902633
-5.124198464233668
4.066416643662908
-0.17292954330774618
0.137968719356665
8.255747452926085
-0.35231183736111743
0.3030402931666859
-7.678122755187234
0.24783641876661425
-0.1934572409480587
-1.855301094686836
0.01008721918412142
-1.8860198253992597
-4.552191975884341
-15.485358725824351
-12.055700860720357
-0.49549991696451845
-0.02465888286926206
0.8388201557261263
-0.36414962842131005
-0.018122004521065514
0.6164375366217484
-16.90422713023766
0.031997944820159094
-0.07963079270772563
-16.225851185264315
0.03487078362779296
-16.814007561162946
-0.4029685517926504
-2.8340781895419993
-5.125383540251416
-2.0888247344530857
0.27147955284548997
-3.4871836036870416
-4.2596858237243085
0.5512358883143383
-7.066662754085398
-3.4071303816385217
0.19997859877159163
-2.55146002183098
-1.8717144756479431
0.33376717905307596
-6.145642473501187
-0.00044988980858098426
-0.07301812502546867
-0.9094409691189519
0.004516700673586368
0.008470257416569548
-0.16175766289644858
0.024655235059975335
0.13584382037889808
-2.5579198243753822
-0.024220825338528523
-0.00025077394101195145
0.006695815119514248
-0.022171892349212168
0.01127076492196861
-0.23733948834926022
-0.00001591090345311781
-0.010597108920343205
-0.3756250781055586
0.013676866593135209
0.0006804412385804623
-0.023145304529865705
0.6260533924199184
0.031147137403038393
-1.0594612490851334
-0.009836902522701649
-0.00036043279421207425
0.01252119623629416
-0.0022688080226107438
0.0006329784317268767
-0.02362690488637582
-0.0004501494175291952
-0.07303910877432941
-0.9095589554204455
0.1396757734855184
-0.0012916294482882469
-0.08222028065940233
2.231025213392904
-0.02352730524969117
-1.2591098085563597
-0.1824334927323194
0.0015245072348814741
0.09398831356650345
-0.021610917032987648
-0.0007161635027244255
-0.07977512538406469
-0.09768195605957934
-1.5107127874356785
-3.4898150436138615
-6.596664059802025
-0.09773459676511763
-1.511062716315182
-0.0000792539307366896
-0.07753352922019208
-0.0000020728747434775433
-0.016500020180342155
-0.00007929978444512537
-0.07754946882791847
-1.6263170771230546
-5.124192558258557
-7.754670716343829
3.8296838781865654
-0.17461810588320523
0.3498872327238466
8.35623251067223
-0.38324442324351615
0.8051697530389164
-8.206647148635936
0.12951251799714378
-0.19670634650787192
-5.2900784752109775
0.018803918105255526
-5.485683242196152
-5.0523727156488665
-12.055700860720357
-13.513708132362565
-0.5024686207720953
-0.025005500746033752
0.8505914326722283
-0.8294208838339683
-0.04127227398654227
1.4038443952017128
-14.47386231990901
0.03739602200258675
-0.097703058793913
-13.687132096823182
0.0403416320285224
-14.36332066782575
-1.6267875457877852
-5.125414478366264
-7.75588351700065
-2.1596233497430477
0.25777371772736996
-3.1769777930379997
-4.748303188400929
0.5628050558284258
-6.911044710075464
-6.291237495453775
0.10801706075705589
-1.2543843147651326
-5.298310538972932
0.1639956678611767
-7.3972513862867055
-0.1688021991419165
-0.9094278110969972
-2.523810498510217
0.006610032405288713
0.058270346601264025
-1.0941171934885348
0.0001856864486780227
0.2521156401170795
-4.71235731617668
-0.8443663365733555
0.0007803689987348535
0.029491395542387975
-0.7896940697613567
0.060043275427719575
-1.9311044895070753
-0.05443405237452422
-0.3756263418784982
-1.4153406480245097
0.25536620684624284
0.01270381469160783
-0.43215817688747477
1.5539836828023028
0.07730942687410812
-2.6298023741433716
-0.4692797204088462
-0.005359348879622929
0.22759015062529678
-0.3026141415552763
0.01306218218481543
-0.7198318129990315
-0.16883607544957346
-0.9095726461567407
-2.524052933088065
0.9562119896837125
-0.010324636815023946
-0.53515613697268
4.13183086172531
-0.046346185275733705
-2.280013545955722
-1.655138373144796
0.009876381215624782
0.47677815535657697
-0.7869152260187542
-0.0013925143280199277
-1.1236707034331206
-0.8391714389134362
-3.1717485482958345
-4.284812469799304
-8.256632701004225
-0.8393847925565935
-3.172259026598634
-0.0339121683975981
-0.46785209495921565
-0.006960763864245419
-0.1740338988648548
-0.033920917094102956
-0.46792821955965624
-0.9340795505441187
-4.068587695400116
-3.8362923413974355
5.039604344296082
-0.275435735838308
0.20065855171322225
3.0062442315799967
-0.25769733010323337
0.18432292066138453
-9.893026982162457
0.3855000162353224
-0.2593508892890368
-2.9479823126708204
0.016849991528545535
-2.9942288578417795
-0.06837746685523155
-0.49549991696451834
-0.5024686207720952
-16.200822199006012
0.024282876091681515
-0.06139614558534822
-8.124123702554806
0.02523378563246387
-0.06811990606825472
-1.3244308241260592
-0.007716298461469394
0.6338307345398092
-0.34077105108120315
-0.010573012143558583
-0.18645664912667917
0.45731230069036544
1.9063684142756039
1.6043350860085348
0.07867706949668711
-0.20414759168730687
2.6443658329935955
-1.9006851513417702
-0.1659425724253077
2.20414458298373
0.5645979078540444
-0.036398429346785284
0.4709415330005936
1.418519887536019
-0.3089461147226324
5.399663352175594
-0.00001913749606934334
0.0011413870053291896
-0.016200515860258998
-0.03279317916041879
0.00002676678312102725
0.002369822979686997
-0.5602192735694335
0.005699678810308084
-0.07016026938364099
0.002244713504799564
0.0022301534892550613
-0.043181162563929586
-0.0003640786632202858
0.000019662859316626864
0.002964631095766192
-0.00003616402236470004
-0.013676848216615972
-0.25536351061384777
0.013094984088134948
0.0009017189461262415
-0.030090493464177696
0.20099584943153573
0.0230218477817463
-0.7426682051634385
-0.010068758503005251
-0.0004361371539810884
0.014979854156374034
-0.0034761242866132316
0.0009864141998545733
-0.036314426932731715
-0.001531610789847831
-0.14245462183851937
-0.9514850377915468
0.24566236371269742
-0.002435893499994017
-0.16364625538462182
1.8153325615509244
-0.02191005190932994
-1.3630659819232924
-0.3483843359726091
0.0030730290801320604
0.19583289079317961
-0.04915430069184362
-0.0015919109591211672
-0.18302348471218277
-0.1917282005838651
-1.449766780126041
2.298968838693269
1.5171488902320753
0.16669412750942386
1.1951548668885794
0.0000381833050216366
0.018238173290629878
-0.000004048601696080423
-0.014273388917493513
-0.00024705510824710403
-0.11338193353869742
0.038341551690387644
0.16183461625300807
0.1408438191040168
-0.25972247143842814
-1.4513873342869437
-0.006382579260790975
-0.22097506195014266
-3.0723970899743
0.000011353821998240075
0.5723045075090601
2.143805686689924
0.011228595037404261
-0.06464079007202016
0.0665141369029772
0.1199785059834278
-0.0034028349541784506
-0.02465888286926206
-0.025005500746033756
0.024282876091681515
-15.687277307632105
0.02637733172502913
0.02523378563246387
-7.596145122871166
0.02702547482072146
-0.007716298461469394
-0.34077105108120315
-0.010573012143558583
-0.05098018547344186
0.5784701551807416
-0.03345271109153365
-0.062128663835399785
-0.2695664410543723
-0.25195123687205867
-0.2198688940940399
-1.4343432894987937
-0.37021786740132634
-0.20266911373043753
-3.0554886724126527
-0.34357905749231343
-0.3909046394522646
-1.0802113444501276
-0.3260465618407154
0.09113336264326112
-1.8151699730553892
-0.7489427935129688
-0.00009318855080237023
-0.008702241964232482
-0.05786587024162688
0.0006883585476680768
-0.028003017514005177
-0.019494132525523462
0.004743139719004734
-0.5038323447675702
-0.1635128234977217
-0.003387207647194891
0.0005906365961830415
0.0010598789300534312
0.0009770799231870885
-0.03676605785726939
-0.03305682931186925
-0.0000017992622169190386
-0.000680478532560453
-0.012705847902553035
0.0009017682573816906
-0.0042239385612762624
-0.001474756403383882
0.023023684646399603
-0.20772399853866916
-0.035397585494627626
-0.000767456857535809
0.0023061185323727485
0.0009606926803937837
0.00005933402355723844
-0.0039020066625342904
-0.001772571350577596
0.000016015374709194298
0.0016676856079022515
0.009685067716739425
-0.0030967971709887215
-0.029013475586108145
0.0021068562509189907
-0.020949109662580005
-0.5124513799437161
0.015768747846780493
0.004557873211849506
0.03328993327096681
-0.002619925477156751
-0.00014070105186034772
-0.019094522950577522
0.002391234916627407
0.012317248232805446
0.08917770366742316
0.114769512903208
0.07576710127027413
-0.013556482591135602
-0.10175144812162741
-0.000015490028152212206
-0.007119201899704582
-0.0000002012648076174307
-0.0007095865429039118
0.000005100375116586145
0.0023837979427338398
-0.005849101390573178
0.07125044299021079
0.2870268214914132
-0.09330896604545853
0.005585629954915821
-1.4957139282750156
-0.502698002605334
0.027981830781035815
-3.221920696387736
0.12315204315853137
-0.006043879027716865
2.2014567600865735
0.025696256415095615
-0.09378346061708553
0.1701769872709699
0.11575531329081873
0.8388201557261263
0.8505914326722285
-0.06139614558534822
0.02637733172502913
-16.131293835586572
-0.06811990606825472
0.02702547482072146
-8.047112937537122
0.6338307345398092
-0.010573012143558583
-0.18645664912667917
0.5784701551807416
-0.03345271109153365
1.9223272628355086
0.8138254209609868
3.5903335132174696
3.4909045374358048
2.938415903145294
-0.38218897725923734
3.447886832277671
2.8911396406683934
-0.3715535157047184
1.665957832834933
5.197712102370863
-0.3381555232106478
3.2192365916090107
2.615308393453128
-0.4233664443150662
6.180381215080067
0.001756471993900701
0.16180339016500406
1.0940565167560752
-0.009997158226833558
-0.01899244149475118
0.3335840625862862
-0.052283733170270415
-0.16425764555053796
2.59764552477414
0.06257026004330296
0.0006026691397282473
-0.015493933575954298
0.057719610999409386
-0.027251842074544702
0.5390091762287307
0.00006120024826519518
0.02314530140910254
0.4321597222171866
-0.03009053029623104
-0.0014746747865953744
0.046237769819122206
-0.7426876726911515
-0.0353954455355127
1.0190877854116414
0.025578224118973987
0.0009272983929504024
-0.03005336286025871
0.005880323302883703
-0.0015045952656258207
0.05291813883603222
0.0008669286331986045
0.07730030086629669
0.5434974454905163
-0.15127972033709597
0.0016034570734708967
0.056198226561911716
-1.3810142047341107
0.016500340443660527
0.2307097377683394
0.2308219421418985
-0.0021473796942229817
-0.08137618908454378
0.027526454147213074
0.0007437842999467511
0.05646042354448132
-0.08424782802126471
-0.5629825978876215
-3.888633379436895
-2.565913374292615
0.12681418554903942
0.9944729398789808
0.0002605500983646014
0.11922955165705379
0.0000068519654742188595
0.024157120504025957
0.00009273311304747028
0.04175250039271331
-3.415311438762947
-8.260617806714107
-8.371520519514961
2.9975132449078026
-0.279841113155614
0.6053118023093019
1.545305936306006
-0.3663406443539761
0.8650263833685506
-10.005252107302828
0.1132560035198943
-0.14004354172110803
-9.412749715104173
0.03481859924896831
-9.806807153548895
-0.011486995176159812
-0.36414962842131005
-0.8294208838339683
-8.124123702554806
0.02523378563246387
-0.06811990606825472
-12.401929945220418
0.06341416471377265
-0.12710147877165537
-1.1702419220857012
-0.002711813641854458
0.5309270696421403
-0.26972812940272145
-0.012137613849827193
-0.0993681841871507
1.6714018056465865
3.849418614496716
3.464021197147865
-1.5403336881986691
-0.1922323447397265
2.42146513557535
-4.866082121910405
-0.2094768198384159
2.8122915231817904
2.9458190326078535
0.054767512137568336
-0.7222221707657841
4.479121407925417
-0.12264661227919045
6.053546498278288
-0.006760431496061192
-0.02872398009950221
-0.09812255112714252
-0.5613941943966427
0.002713864277801184
-0.013429306396398461
-2.378620827585651
0.022289563951472094
-0.18156611246007265
-0.048570045394050604
0.030558522954238103
-0.5632002700556382
-0.034595512920549784
0.0015176977460470797
-0.025730411335530973
-0.11620680799411676
-0.6260542297924451
-1.553986659270072
0.20099954110428686
0.023021078961783865
-0.7426839733917237
0.2842437319567662
0.09479479130053738
-2.886881105912748
-0.5922577686861425
-0.004199705833941375
0.20028768945882125
-0.5488998464374883
0.025020261802335443
-1.3174262492942441
-0.5343157946357913
-2.229058486052886
-4.08376691156445
1.863969241056654
-0.02545580078938106
-1.333807693075118
4.236688098831199
-0.06170971762503714
-3.648977986530844
-3.476987380497287
0.020504284271756077
1.0046881695701888
-2.108110845899858
-0.004257021313843164
-2.979963654201402
-1.9915701507913763
-4.583252228989111
2.748567747187925
2.625464261627645
1.7627120874629987
3.7420416843620496
0.018555477695352013
0.15189446176954524
-0.016604797793714505
-0.25955362335618265
-0.13026263248860853
-1.105354782126029
0.14020649836865162
0.3273553321026572
0.3051206658265482
-0.24312158291236194
-3.0705577881728248
-0.01749856313003838
-0.28140095448077845
-6.3055004034307975
-0.004101193317628821
0.5623680428903424
1.9870862781037277
0.011717487302012126
0.1961896728999229
0.1830622596855329
0.3910429385701881
-0.0005716554084784011
-0.018122004521065514
-0.04127227398654227
0.02523378563246387
-7.596145122871166
0.02702547482072146
0.06341416471377265
-11.017509663796114
0.07178935477750052
-0.002711813641854458
-0.26972812940272145
-0.012137613849827193
-0.04039141863585027
0.45848767289168363
-0.03350296924406711
-0.2270358565639312
-0.5469382171404711
-0.549343226503159
-0.22896574980304016
-3.0550017371878773
-0.3331353571029935
-0.2944290434291268
-6.283417585183888
-0.4248196163136104
-0.7329851428379984
-1.1155105585967364
-0.12887101452081814
-0.35628345685706
-1.6371792454231746
-0.8441222985527034
-0.0325210580010064
-0.13566599991046388
-0.24804220609009325
0.0017540475611564279
-0.5035797226285763
-0.16587542153227444
0.012505877052021915
-2.046555500653606
-0.44180587127791243
-0.13680474194248438
-0.003680458107192447
0.0050233509223725475
-0.07332819404402498
-0.5049262132453199
-0.31117434587518605
-0.005781606139039158
-0.031148922093281142
-0.07732033431569324
0.023024001429873257
-0.20772526545877482
-0.03539686346804171
0.09480660462424173
-1.1747556775458898
-0.1306513249147851
-0.04370108933860108
0.11503011524324791
0.02120163043584737
-0.015808563357955288
-0.19441354619390044
-0.06281592648733966
0.0055821230722179595
0.023255702195174123
0.03982867466169161
-0.024496379964916506
-0.5123878842560825
0.017179128702379417
-0.05192320703579164
-2.07055800068805
0.05203958364717768
0.04486627016891063
0.4529003746417692
-0.016002398266081623
0.010923974723952137
-0.24565412083978796
0.033658964965730204
0.12987941497998054
0.27972730799374534
0.13721315112387425
0.13111093934135604
-0.14112765530151072
-0.32124933813736983
-0.008152291383594803
-0.06911840197691788
-0.0008254663752420805
-0.01290455608851102
0.0025926269491343404
0.021660281238808615
-0.02170016355334632
0.16757388276652616
0.6679781092883714
-0.08168404651489296
0.010470904443430216
-3.2150119925394858
-0.7239869936327941
0.060591794268138925
-6.899057840878535
0.13908781678905335
-0.0034524342597510864
2.0229882518106215
0.09114209609691609
-0.09557644621393685
0.5222588574292321
0.019446182875118918
0.6164375366217484
1.4038443952017128
-0.06811990606825472
0.02702547482072146
-8.047112937537122
-0.12710147877165537
0.07178935477750052
-12.256702635532912
0.5309270696421403
-0.012137613849827193
-0.0993681841871507
0.45848767289168363
-0.03350296924406711
1.6164162546378664
2.973757893837767
7.298680218254732
7.637154740151748
3.108460887334302
-0.3610977501064687
1.3050272903754772
4.401216989355055
-0.48950518040973073
-0.5134922416516877
9.750442458295712
-0.1516140563012406
0.5738877780255363
8.277679687326186
-0.09101677222384656
7.870401267234866
0.6130373322709339
2.5578512867295125
4.711525173728972
0.004507287645853604
-0.16662888540131132
2.59853118995051
0.001297718077509601
-0.4493284965005137
6.3274921564269375
2.5885062038953035
-0.0037350160913217217
-0.06063000746946793
2.431884219021461
-0.15267738638907666
4.807265915134632
0.19665640619953997
1.0594673047654615
2.629805951562066
-0.7426779188648257
-0.035391616555829515
1.019084065328417
-2.8868795032796783
-0.13063125352940727
3.464700013642301
1.4444292243703423
0.016252903313163623
-0.5824930185870887
0.9287168171622376
-0.032713308273701176
1.787497318960882
0.3025288713219837
1.2626741632990224
2.3652031027368694
-1.3517091745737122
0.017909370787407456
0.18203706253298044
-3.831848674856395
0.059491179935632625
-0.26418438799420096
2.4988956506737146
-0.017900789393210492
-0.1999551163234251
1.2025214151672055
-0.002142041249111889
1.1486638986410451
-0.9112489775278694
-1.7388208998334085
-4.649129875390512
-4.4404513268563806
1.29940719132282
3.163398548604836
0.13829609574258417
1.176703478961062
0.028102309498288118
0.43927556767714354
0.05070167771355823
0.43658899144462726
-1.6784541572938476
-7.684184600489238
-8.213913637117207
9.895701879498972
-0.5982191972213866
0.35806737528712507
10.005081269213727
-0.5898548739249343
0.369971905500433
-18.685486531104033
0.8638524152411912
-0.5088690178182949
-5.154969960787087
0.03464790616878379
-5.201633408224784
-2.539231056427678
-16.90422713023766
-14.47386231990901
-1.3244308241260592
-0.007716298461469394
0.6338307345398092
-1.1702419220857003
-0.0027118136418544537
0.5309270696421402
-36.99549813530918
0.06552446170614896
-0.12697506982965015
-11.85355739867482
0.023897545182524273
-12.25657846426151
-0.4208698027365023
-3.1571125912380937
-5.991993543705852
-0.7204336886550021
0.3661541255163362
-4.747192077660396
-3.703493209608775
0.704298888665624
-9.082709170094198
-1.692723194332324
0.06762669578339091
-0.8660731563522194
-1.7731401166662026
0.5757402207318604
-9.201356585105561
-0.0000030868792508702844
-0.02403507012573484
-0.8436286684122234
0.0017407092578012925
0.0032387205232745557
-0.06211709974283003
-0.01804560811555468
0.13800323066556106
-2.5878634977849724
-0.010787622409049976
-0.00006242867735822988
0.002180524320991249
-0.0033109608344607153
0.003010684386941071
-0.06135169634238105
-0.000001470307883892565
-0.009836898088187888
-0.4692744881383303
0.010068752774169956
0.0007674229468254279
-0.025578216048047248
0.5922520660707915
0.04369763150387887
-1.4444092502279335
-0.004808366314121607
-0.000267180655099619
0.009048959223116947
-0.0013036602414171394
0.0006606653911311247
-0.023344877820619322
-0.00030161644555259237
-0.1900786169181508
-1.6859796838265155
0.35586979445781036
-0.0037136636704986395
-0.25266501726825497
3.5047573885637884
-0.04206351888129797
-2.558842252284708
-0.45769079234961657
0.004413250363982252
0.28859144628750294
-0.042847485382547484
-0.0025991976597159066
-0.2484033122934943
-0.2830760194223907
-2.7276156032571315
-4.021068812155449
-7.940348980920366
-0.22057600661115212
-2.285896435550877
-0.00000915120560096787
-0.061374939241023226
-0.0000005822898226939135
-0.019887923943270033
-0.000123779754381537
-0.18291892293512338
0.06787810608467885
0.2324758615689439
0.11112183628900629
-0.3659467563973869
-2.145009230992034
-0.009480937824084852
-0.10042690237670544
-1.9914545505697003
-0.003353179881674587
0.8276178291705609
3.4497304936185933
0.017764752287371233
-0.1761677256739673
0.10563335471185446
0.17904377815168557
0.0009920130326757494
0.031997944820159094
0.03739602200258675
-0.007716298461469394
-0.34077105108120315
-0.010573012143558583
-0.0027118136418544537
-0.26972812940272134
-0.012137613849827191
0.06552446170614896
-11.85355739867482
0.023897545182524273
0.04563647084254428
-0.03726415144784002
0.02346005947671708
0.0538201578371742
0.18173908276223183
0.08619271960735098
0.033980349010591215
0.9959689376684975
0.3064941471882068
-0.063652659501714
0.8251468562639844
0.11678048091013667
0.05281038061678979
0.27251621563466766
0.09550701112441808
-0.12510818923532965
1.6864685190150857
0.7191753485080079
-0.0000002184264998730763
0.00021944940951750425
0.00267799248054342
-0.0023569717053802644
-0.00018145727929279592
0.0004809369747874316
-0.029287763155850435
-0.014719967654566249
0.006077259625272853
0.00023573611800426723
-0.0029884298831674484
-0.0031609775482497105
0.00003289449750156347
-0.00018724283835782552
0.0005503179221681972
-0.00000007134617464837003
-0.00036045523108266627
-0.005361543004796203
0.00043616146874831985
-0.0023061151732329285
-0.0009273606811043722
0.004201637755188059
-0.11502857324128196
-0.016260190195836143
-0.0002671904745247368
0.0008841069060799573
0.0004471361439123295
0.00005466176252667512
-0.0018185364711730664
-0.0009633055244294402
0.0000031307032466309295
0.0020820762668391467
0.012126444251125261
-0.004049140558503089
-0.03352066833713174
0.002982934605153988
-0.02397234728777644
-0.4439265590244348
0.019555061486343575
0.005565401520094868
0.03616093178839214
-0.003597548270948085
-0.0003265387195450277
-0.02260169420313914
0.003135230080194128
0.016204784287980847
0.07749702010430154
-0.0802823732737366
-0.0010769871644420316
0.015489900660172714
0.07245667670975307
0.000001283824686301826
0.0015024796266789563
-0.000000025455876144493087
-0.0003595412232982453
0.0000025697558225810464
0.002865191478728836
-0.010225331951754379
0.0985223469417526
0.15283758363280972
-0.11004234264368805
0.007877314010421204
-2.203402118052144
-0.10503339143344491
0.012179787107349464
-2.0311792481494324
0.17127732433232443
-0.009926827934766671
3.53846222608179
0.03689672843368385
-0.18048212298426278
0.26277035621849393
-0.0023953339338630797
-0.07963079270772563
-0.097703058793913
0.6338307345398092
-0.010573012143558583
-0.18645664912667917
0.5309270696421402
-0.012137613849827191
-0.09936818418715067
-0.12697506982965015
0.023897545182524273
-12.25657846426151
-0.03726415144784002
0.02346005947671708
-0.17152822799718703
-0.7049516279805605
-2.400677907145917
-1.0739163419569397
-0.43811537176192056
0.3113889971665491
-3.0190953633867723
1.0197334005640646
0.10909668050243419
-0.5972700637516024
-0.6828419453268786
0.09694027544730364
-0.9766296403825059
-1.8725871660766165
0.4560844954445094
-6.01232624388268
0.000004157029547795421
-0.00223513525317147
-0.0065729766946964205
0.04322928524964817
0.000040231393646612636
-0.0046406544414810255
0.562493321271056
-0.002619732716925367
-0.0021156528728861704
-0.003404510999044881
-0.0029934355612419757
0.054835588779026355
0.00018389678932930143
0.00005153406753941393
-0.005695949048068816
0.0000024280001874293473
0.012521188096789534
0.2275892967003469
-0.014979844627315674
-0.0009606563612112515
0.030053345309665965
-0.2002852840340103
-0.021200670341895315
0.5824917610675846
0.009048960491306683
0.0004471195896262313
-0.014358765648377033
0.0018731904452878344
-0.0008775774950598478
0.02958337315882548
0.00016887689379103534
0.08937894874940507
0.45815957655683115
-0.18361665025201115
0.0020689906184663425
0.08184617113126877
-0.9472729993688869
0.012880033730336216
0.23570513542573737
0.26751060370488805
-0.0027249848145906104
-0.11646062691116855
0.022072115864948637
0.001186778153158282
0.07309826631850017
-0.10963828387484612
-0.45531698857626424
2.779076281440314
0.512240245210307
-0.1442688003494813
-0.6994418189669891
-0.000020930938679743053
-0.022637088084578018
0.0000008734473117193409
0.013954951478009011
0.00004229560585198159
0.0444133066746955
-0.027419112261519
-1.8540271524748688
-5.288557293446788
2.9449087189245304
0.04898712555206761
0.07367964469090373
9.40673257190196
-0.24953128262047117
0.2452278773000023
-5.147725783347524
-0.15326688498567714
-0.10853367056121875
-2.1641819872857897
-0.0023490124035003613
-0.7461856615117443
-2.518103466116101
-16.225851185264315
-13.687132096823182
-0.34077105108120315
-0.05098018547344186
0.5784701551807416
-0.26972812940272134
-0.04039141863585026
0.45848767289168346
-11.85355739867482
0.04563647084254428
-0.03726415144784002
-34.58653759072019
0.05007729622755347
-11.812470908743181
-0.031973540479492954
-1.8713550390267857
-5.297837158791142
-1.5057820344071424
-0.08844895773117513
-2.5653126478023336
-4.772113353947934
0.36544389912875136
-8.111111489638345
-1.8991328253766384
-0.13132420990991356
-1.9484202180988583
-2.1438651947031597
-0.22377520621365551
-4.0785697843446105
-0.000004095541391749102
-0.022210964773984897
-0.7898572765242619
0.0008842099411056073
-0.0010313384320409778
-0.05780558305231483
0.016577507250697714
0.07559485110215736
-2.432243045417543
-0.0033460956242894256
0.00006833816851511672
0.001006303898397466
-0.008595106668665399
-0.0026257674520053934
-0.05765586150089291
-0.000000038239415935958786
-0.0022688092186254564
-0.3026122278793249
0.0034761278594741306
-0.00005935077921599567
-0.005880323838799596
0.5488969464521757
0.01580634720648467
-0.9287097277918874
-0.0013036628305309558
0.00005466718662562878
0.0018731931706203817
-0.0005450928153585684
-0.00008890550518268407
-0.00336475015989649
-0.0000030247618645739334
-0.02162160587875143
-0.7869489776260985
0.04894202845027147
0.00023357795103283593
-0.02795228629125237
2.117117699953952
-0.014570157340448846
-1.1866150650657457
-0.04223685234296654
-0.00045085527101008336
0.02247197358339505
-0.008875241619682396
0.0003042607785742819
-0.01609018517838734
-0.030300897365433354
-1.4278803910089517
-2.339616295998261
-7.294500421736328
-0.030541807075282278
-1.4297926510951762
-0.000005583043172506266
-0.054717240096823605
-0.00000006261186757779554
-0.010431902411779754
-0.000005174705668686345
-0.05429334453125752
0.0004276026757394932
-0.00205595193444118
0.004268601193228691
0.0026285259148820478
0.03143667631885006
0.08746169647772076
-0.01059515329638871
0.15204435751581066
0.07093168861533411
-0.0056459871841696594
-0.03705878135677389
-0.17142482131083822
0.003335103138234125
-0.7300070226693803
-0.008626266557559813
0.001087585854203512
0.03487078362779296
0.0403416320285224
-0.010573012143558583
0.5784701551807416
-0.03345271109153365
-0.012137613849827191
0.45848767289168346
-0.03350296924406711
0.023897545182524273
-0.03726415144784002
0.02346005947671708
0.05007729622755347
-11.812470908743181
0.07266663672309773
0.09579225231740492
0.3410154956355128
0.17266782723357263
0.3338493530036378
1.8628549895340731
0.4235189501041378
0.13793285276115
1.8016159571991426
0.10197044545176687
0.625420659006716
1.8269105379303185
0.4813851381021296
-0.23178273714593234
2.392867753424406
0.8361950396242415
0.000020841530897964597
0.011641128437309346
0.061532271981652654
-0.0010099007027548905
0.03676501169936589
0.0280789104655121
-0.006319160659258183
0.5048817163308749
0.15521283006776118
0.003215563028236826
-0.0008381306930632267
-0.0015275503529439923
-0.0025396065837037197
0.04618672915013469
0.0464606588123774
0.00000012084727193767818
0.0006330127133480024
0.013063958357349794
-0.0009864670347503259
0.00390200695862255
0.0015046776134312245
-0.025023295329126328
0.19441333001903296
0.032717807858193004
0.0006606915444848104
-0.0018185376498105446
-0.0008776101482710537
-0.00008889638463761308
0.0028870157442867574
0.001463170636112103
-0.0000017666985066165458
-0.0009377515331376939
-0.002286600134426604
0.002070288068909769
0.018682876453204784
-0.0009065617182165656
0.004680502692508477
0.2615920613283476
-0.0005646262450686798
-0.003259303788657627
-0.02185880432086981
0.0014031114368198276
0.0002261781163226534
0.009413280653683827
-0.00085054828751981
0.007166556366698963
0.030436119994637977
0.1410168972599869
0.0439939560811632
0.011903193817063867
0.06388377432958245
0.000007801459541761834
0.008421333356781231
0.0000000436794557759247
0.0007596125489585368
-0.0000008769079399998234
-0.0007838947596338164
-0.024844125726595532
-1.8812305301977135
-5.479955776294455
2.9853079852174638
-0.1260162760918826
0.14694339871604173
9.792445278973753
-0.41543643294598676
0.6165295197179635
-5.182234325561314
0.18740614373948858
-0.19467980656861283
-0.7445394802624513
0.010124018395925692
-2.252098267175193
-2.5365146779328205
-16.814007561162946
-14.36332066782575
-0.18645664912667917
-0.03345271109153365
1.9223272628355086
-0.09936818418715067
-0.03350296924406711
1.6164162546378658
-12.25657846426151
0.02346005947671708
-0.17152822799718703
-11.812470908743181
0.07266663672309773
-36.65619627072255
-1.2795604386582098
-6.396026499277175
-7.696868902939308
-5.939462652309367
0.7792189432573386
-6.238315463128816
-6.732694215497366
0.8817724534688816
-7.726521842958475
-10.173986678945862
0.7907234797954938
-6.415833504821053
-4.206140772171746
0.8460194337629973
-10.128032756399344
-0.0003957295703778091
-0.23748774017268748
-1.9317389165257117
0.015975063905744134
0.032298209086096936
-0.5391899080708111
0.09767345905474839
0.3082756197106836
-4.807808277581442
-0.062064945079762505
-0.0010784135049395004
0.02382122640006967
-0.057534172486772506
0.04526178550407191
-0.8217862855744617
-0.000004144463216690084
-0.02362693560125567
-0.7198345503066459
0.03631452386803728
0.0017725085191967003
-0.05291821690713251
1.317434175981861
0.06281412461879303
-1.7875012529403291
-0.02334490080888671
-0.000963267047364887
0.029583400669703712
-0.0033647472526772055
0.0014631167459257268
-0.047358135344418614
-0.00009856461878836904
-0.07211799999095096
-1.0927367087894087
0.16423346165942515
-0.0017700030013998674
-0.054577170674711455
2.9492911656373844
-0.033664042949002874
-1.0934776589337427
-0.2182579794719208
0.0021687702943318163
0.07015757933165336
-0.015436191108250513
-0.0006973849639411762
-0.03695145710603083
-0.07973157146875205
-1.6452991371815886
-7.078659525456263
-8.502609247108802
-0.14221477147106068
-2.08644428204908
-0.00013504605798164392
-0.19443446993394775
-0.0000015444320434169533
-0.03525649925782025
-0.000020922907010915658
-0.07337640721925591
-0.00000000000001234670929048788
-0.0004505246829083923
-0.16888354141791784
0.0015145279266982272
-0.00010938486169651049
0.0008926480584977123
0.5280612825234995
-0.03814360245019193
0.31132870002895036
-0.00029484614624905917
0.000021070366571971108
-0.00017186062580508172
-0.000004516451503756982
0.000012411442180069956
-0.00010426978210634806
-0.000039416345276913814
-0.4029685517926503
-1.6267875457877852
0.45731230069036527
-0.062128663835399785
0.8138254209609865
1.671401805646587
-0.22703585656393122
2.973757893837767
-0.4208698027365024
0.0538201578371742
-0.7049516279805607
-0.03197354047949296
0.09579225231740492
-1.2795604386582098
-43.918945640204456
-4.552242678186096
-5.052415363824477
-0.13435951177235306
0.005527894884132921
-0.0011194234076088855
-0.022571574128696193
0.0009286524445398592
-0.00018805626769966151
-2.5351281267403256
0.0006901229659548934
0.00009334782057273984
-2.5181263703760557
0.001207773640577768
-2.5406817795595633
-0.000039324776220386224
-0.40267995741123547
-1.626403707474318
0.4738700548231841
0.023837176478322054
-0.8056693445791796
1.7327475062744044
0.08712959823219618
-2.9453822695864127
-0.4502331790538335
-0.021402281765914882
0.72347151313122
-0.02571527851714895
0.03641260952240609
-1.2550444101721612
-0.000000000000012342477823824236
-0.0004504758904245984
-0.16887752948503496
0.0015326526300609743
-0.00001602726796228415
-0.0008675602019716713
0.5344215638894539
-0.005583523179622579
-0.30260328344093934
-0.00030188609154906717
0.000003133727887258724
0.00016903599016866882
-0.0000030276726803373506
-0.000001768488070681093
-0.00009866217915512253
-0.0000000000000000002068716644639737
-0.000015936942138230523
-0.05446446748140996
0.00007115909551851615
-0.0000029285943526088723
0.0000005836473966680757
0.22841032912712667
-0.009400351756088733
0.0018734563149924504
-0.000005584684557329285
0.00000022841009095236157
-0.00000004551087072500196
-0.00000004416262058785321
0.0000000019205734482510523
-0.00000003602180376768407
-0.0000000009781458049856643
-0.007472646323377996
-0.0007183584727538747
-0.3584248390416636
-0.8221546999139772
-2.4862161081725835
-0.0007168154435299378
-0.3582096432214181
-0.0000000009787607723245427
-0.007474046312222223
-0.0000000000012720284394197102
-0.0010816186460734989
-0.00045051747199422506
-0.07307278492909647
-0.9097744925424751
0.14088298915381775
-0.009994706289364446
0.07966094174291266
2.202824020161837
-0.15914921722229536
1.299301557778861
-0.18641576893412706
0.011579469511080399
-0.09107726018718275
-0.02242154553568541
0.0065693992516761765
-0.07511913462614953
-0.4029660097907127
-2.8340781895419993
-5.125414478366264
1.906368414275604
-0.2695664410543723
3.5903335132174705
3.849418614496716
-0.5469382171404711
7.298680218254731
-3.1571125912380937
0.18173908276223183
-2.400677907145917
-1.8713550390267857
0.3410154956355128
-6.396026499277175
-4.552242678186094
-15.485591560288006
-12.055892355875267
-0.9736338361385701
0.040057449130901146
-0.008110330978480034
-0.7155122046725766
0.02943678076486274
-0.005952177006328959
-16.767221872672483
0.021969533612006133
0.0030524478503172114
-16.22590868284871
0.0388637585163658
-16.951743641364626
-0.40267662436453716
-2.8329617046870395
-5.124426059412324
1.9800994732886887
0.10981538661465944
-3.5572417270070313
4.000273378198453
0.22436918368180472
-7.233562102336667
-3.257234015606135
-0.07480300201609313
2.4714693379933745
-1.8492160925460757
0.13861805806206096
-6.3138264578589665
-0.0004504768804545984
-0.0730681129309739
-0.9097380735518084
0.14250426240816433
-0.001669046989587868
-0.07733126804130983
2.2293561263746264
-0.023265050603116396
-1.2629091097427678
-0.19015336048183082
0.0020840177267095012
0.08941718878301527
-0.02163224014791055
-0.0009384660039741364
-0.07215281168123072
-0.000015936966841832738
-0.010606878333807194
-0.37578818038722983
0.0268923592925061
-0.0011067848547309715
0.0002205789490913719
1.2303813235644656
-0.050637893921045916
0.010089555160592997
-0.031024400028937534
0.001184047419701902
-0.000234047629299182
-0.0023013886833674994
0.0000197142056080049
-0.0024425961802659775
-0.00007930519875949003
-0.07755489743341255
-0.09778595499720424
-1.5113988889402439
-3.4889744091884727
-6.596107074833664
-0.0976779953942808
-1.5106773333101986
-0.0000793363443920646
-0.07756494031615557
-0.0000020759326913995683
-0.01651012817520781
-0.16888167398088177
-0.9097550256819084
-2.524421096089332
0.9401948174826428
-0.0681708451550249
0.5591348238205435
4.0343250096378735
-0.2942801230721072
2.432132381777716
-1.6670854192499385
0.060771541978488726
-0.4663251140646724
-0.7911716270006282
0.03616837552967323
-1.1081612503135485
-1.6267751730617752
-5.125383540251417
-7.75588351700065
1.6043350860085348
-0.25195123687205867
3.4909045374358056
3.464021197147865
-0.549343226503159
7.637154740151748
-5.991993543705846
0.0861927196073502
-1.0739163419569346
-5.297837158791141
0.17266782723357155
-7.696868902939302
-5.052415363824477
-12.055892355875269
-13.513948633792152
-0.9872994415400215
0.04061859608208415
-0.008215037235292051
-1.6295379984567089
0.06703690406186516
-0.013475282804334372
-14.305852673190637
0.025105925026335588
0.0036514778111026848
-13.687114498099003
0.045236182718923
-14.532057576512988
-1.6263878071423798
-5.1243841590136
-7.75489241860659
1.676473156545527
0.1171695181338035
-3.463514560865111
3.622248610529927
0.25824499863592426
-7.578702174408304
-6.0362807549340864
-0.028877038475876696
1.1116198535103186
-5.287212197802749
0.08191673211916262
-7.659611918808284
-0.16887732091355476
-0.909744050829586
-2.5243780683362615
0.9516426142690937
-0.009694420313186835
-0.5436004720211293
4.08408171245914
-0.03985988395685887
-2.365488949741621
-1.686288958559592
0.012140011036723306
0.4582290073097716
-0.78712290951888
-0.0022896009653737585
-1.0929698791203835
-0.05446444697206163
-0.37578977008556624
-1.4157459197790825
0.5018808007633749
-0.02065554887378451
0.004117271148349456
3.0536018607702142
-0.12567734199462022
0.025048479037154906
-0.8540721034854317
0.02269171518968086
-0.004187403064625005
-0.3033039364034635
0.0019194102168497886
-0.33499134150461024
-0.033920252081819674
-0.46793455469294337
-0.839599706168958
-3.172732447560304
-4.284290275987729
-8.256167021643215
-0.8391809297602832
-3.1717542676366772
-0.033927937921897564
-0.4679898954405409
-0.006965354587548181
-0.17410501575711512
-0.0015153340463356665
-0.13800072277450415
-0.9450964309627998
0.23914955323328943
-0.01915068688281064
0.15397218131248117
1.807849860573982
-0.16801563640895412
1.375577616623713
-0.3430914330406824
0.023203435305332656
-0.18427231281789505
-0.05013879737092958
0.014738612459250582
-0.16899638184612345
-0.4604699859762757
-2.0888247344530857
-2.1596233497430486
0.07867706949668704
-0.2198688940940399
2.9384159031452945
-1.540333688198669
-0.22896574980304016
3.108460887334301
-0.7204336886550021
0.033980349010591215
-0.43811537176192056
-1.5057820344071424
0.3338493530036378
-5.939462652309367
-0.13435951177235303
-0.9736338361385704
-0.9872994415400214
-16.095256988261596
0.01655382512942413
0.002333985987816941
-8.007031285759439
0.016671354166279833
0.002507864817747144
-2.034420421424904
0.02829216006343474
-0.0003125520784901437
-0.6707027195359396
0.01387523991447795
-0.9332943925070394
-0.4769871541990902
-2.1603154237148106
-2.2250749655638753
0.1966055827000513
0.09372493394760933
-3.0124971973080337
-1.4233320926171176
0.10231736593633743
-3.1724634698016563
-0.8422319577188898
-0.01773259730465455
0.6115297143111955
-1.5367839782425234
0.14083602821761665
-6.064745265510639
-0.0015334556792669562
-0.139725726264161
-0.9563468725928688
0.2457364791889666
-0.003099076161695974
-0.15133472692168104
1.8640904330856614
-0.024505829702541372
-1.3519054209622519
-0.35598972635365245
0.004052509005001591
0.18368590489809009
-0.04896385865023111
-0.0020717362759080935
-0.16430563372976678
-0.00007115919313299885
-0.02689239907713947
-0.5018779890757151
0.06399290917371785
-0.002809666410359096
0.0005642879735945004
1.4564860346129538
-0.06855206480331962
0.013960170129030308
-0.08375845835256832
0.0033569900999300324
-0.0006669579092561062
-0.006924298613961681
0.000059914906767087614
-0.0073607312383204325
-0.00020342778171146507
-0.09265992635792782
-0.02250336151513199
-0.23426659498238533
4.514074010050925
2.979320135851226
-0.026833377485297977
-0.2662816601052408
-0.00020695240054489399
-0.09426189508742946
-0.00000796560237132511
-0.028059129907421654
0.0001093418703530472
0.010137998340661326
0.06792861641114849
-0.019812069758645353
-0.027640285243831227
-0.01110586459097111
-0.1670566426142453
-0.5006753976653421
-0.0955172845003141
0.03028552084316227
0.03128393535365401
0.014759703186983258
-0.001124219856955039
0.018193304323209113
0.012153984550991054
0.06216141115174131
0.27147955284548997
0.25777371772737
-0.20414759168730687
-1.4343432894987937
-0.38218897725923745
-0.19223234473972656
-3.0550017371878773
-0.3610977501064688
0.3661541255163362
0.9959689376684975
0.3113889971665491
-0.08844895773117513
1.8628549895340731
0.7792189432573386
0.005527894884132921
0.040057449130901146
0.040618596082084166
0.01655382512942413
-15.687352259474471
0.02945499120434378
0.016671354166279833
-7.59610326294615
0.030436380669585227
0.02829216006343474
-0.6707027195359396
0.01387523991447795
0.08277832262881162
-0.006719339852180519
0.038621868716003954
-0.02361149067015978
-0.09679617884281805
-0.07753609903326443
0.07798594209468107
-1.4583679776354554
-0.1352024922088058
0.06554373606545548
-3.0788080164398743
-0.10078384827693038
-0.14012206132957397
1.0550802349733313
0.11846241294337113
0.04457105647661715
-1.8825927196311207
-0.27857791958564593
0.000016135180658129268
0.0012914549983230595
0.010320298706383069
-0.0024352575363601747
-0.029025490805230758
0.001603715097742971
-0.025444923705031347
-0.512487760518789
0.01790776427183069
0.003712995211531073
0.033535513217613465
-0.0020694112077368873
-0.0002340265369655133
-0.018691968279697595
0.0017705771014473824
0.0000029285921933433102
0.0011067547962479315
0.020653927488244718
-0.002809586147362984
-0.00415558294935913
-0.0000007513661403528455
-0.06854722336940662
-0.20603434489976646
0.000987153036457008
0.0038251896416305275
0.004443646536367193
0.000009052567531930023
-0.00009280593413766586
0.000036001859946523865
0.00030260465158105494
0.00001723240067071488
0.007901638421587188
0.012069467260205701
0.09183352042927807
-0.18529152124208584
-0.1222589648597137
-0.010025380365149649
-0.0711848927808028
-0.00000033373860029116024
-0.00020410160369156537
0.00000032780680689907113
0.0011546671427083563
-0.000891230650136045
-0.0845363586767372
-0.5508833844719054
0.16634362212907
-0.011609563041682104
0.0614370462514143
1.3577053090555062
-0.0947916999404746
0.22654354340747623
-0.2546960784416085
0.015673925438977065
-0.08791865342933912
-0.029813161449774108
0.0062885398911800665
-0.060127182602655954
-0.8120334221297906
-3.4871836036870407
-3.176977793038
2.6443658329935955
-0.37021786740132634
3.447886832277671
2.4214651355753505
-0.3331353571029935
1.3050272903754787
-4.747192077660396
0.3064941471882068
-3.0190953633867723
-2.5653126478023336
0.4235189501041378
-6.238315463128816
-0.001119423407608882
-0.008110330978480034
-0.008215037235292042
0.002333985987816941
0.02945499120434378
-16.237484964875353
0.002507864817747144
0.030436380669585227
-8.164657359338506
-0.0003125520784901437
0.01387523991447795
-0.9332943925070394
-0.006719339852180519
0.038621868716003954
-0.023275945465004583
0.8038252369801511
3.4511450729401947
3.1405482734888754
-2.718524525867646
-0.14717398435227008
3.354227752896592
-2.485473738666986
-0.12874823461708018
1.2136473205064322
4.868262731497446
0.12371196240902066
-3.0558754296179385
2.5037427756985955
-0.16630348039397425
6.038490415381115
0.0008661444834809986
0.0822532110885539
0.5352490996024312
-0.1637042263476809
0.002108817608020398
0.056220759152261636
-1.333975225356352
0.017188679791607445
0.18206257840686035
0.25276592504449075
-0.0029860134339706147
-0.08188102501955971
0.02796617275486016
0.0009072842529611158
0.05460369263330927
-0.0000005836675012493172
-0.00022058149069630658
-0.004119743493883435
0.0005642943294433164
-0.0000007522860617179014
-0.0046856030116353845
0.013973877651870975
0.0009865491852117738
-0.2378515937869408
-0.0007700269025613842
0.00000945410124734393
0.004955752388172009
-0.00005516496871733832
-0.00020386945194261156
0.00002102313262126758
-0.00016730404408948934
-0.07718784672464972
-0.2084297929489262
-1.5379329843810006
0.0371361934960905
0.024477482652274965
0.20781351143544616
1.5332174998637496
0.00016399467081510967
0.07565934449422272
-0.00000006559666010688791
-0.00023121548713951615
-0.5284274780030821
-2.2048471652412958
-4.08413908388082
1.7580204846684038
-0.1674532669024931
1.4030543174623786
4.079859564526028
-0.45865784136273907
3.895577293870029
-3.4122513418128873
0.12213218486075225
-0.9447376130346522
-2.1030062847509248
0.09558053207034597
-2.9552457514493975
-1.682391381040167
-4.2596858237243085
-4.748303188400929
-1.9006851513417704
-0.20266911373043756
2.8911396406683942
-4.866082121910404
-0.2944290434291268
4.401216989355054
-3.703493209608784
-0.06365265950171366
1.0197334005640666
-4.772113353947937
0.13793285276114922
-6.732694215497371
-0.022571574128696193
-0.7155122046725766
-1.6295379984567089
-8.007031285759439
0.016671354166279833
0.002507864817747144
-12.181892322934344
0.04732308035883999
0.005614481106962729
-1.6518062578043242
0.023979949300863376
0.001550866684941743
-0.5313366020407544
0.016401690365165745
-0.8414929458263304
-1.7436002066588034
-4.405586884832763
-4.891097288225445
-1.792439982125958
0.10645749060273509
-2.96871479542954
-4.713029955257977
0.17537274823585042
-4.495902182585072
-3.850991844253417
0.04216877049350805
-0.9443279051693387
-4.932155940377699
0.07258390604073942
-6.939777315000979
-0.5347796463153847
-2.2313691609646678
-4.132182596638018
1.8154981218715935
-0.020966450792912115
-1.3812133152073378
4.236609040918832
-0.05196413369923714
-3.8321350640938268
-3.505183416260742
0.023995897943581073
0.9473473547581702
-2.1174821970043896
-0.004687650113238965
-2.9497773511561216
-0.22841023050790274
-1.2303858942154107
-3.0536058667747654
1.4564948096738672
-0.06855229499826851
0.013964530433826755
5.163903719889107
-0.26115698076740945
0.0545622243153419
-2.562955351450445
0.07045475065105913
-0.0132072343626177
-1.080565531578442
0.0065654077065023944
-1.1882969426666394
-0.10881539871736219
-0.9288942795215525
-0.202294408774111
-0.7759667658189388
5.397754268284156
5.15604265037621
-0.24781634584186804
-0.8769137765308823
-0.11063672691177395
-0.9441864750061807
-0.032643062167215485
-0.510124999963306
0.0381246745375536
0.15904216507713317
0.29179439723734185
-0.16649529203606972
-0.5004890197894903
-0.09929006448047487
-0.4488783644603004
-2.0379198624252033
-0.26176582775212964
0.31372649006241676
0.4272695884767737
0.08752704584479315
0.08679269634474687
0.26205590810039264
0.2105744262114651
0.2271494710044717
0.5512358883143383
0.5628050558284258
-0.16594257242530774
-3.0554886724126527
-0.37155351570471856
-0.2094768198384159
-6.283417585183888
-0.4895051804097307
0.7042988886656246
0.8251468562639808
0.10909668050243386
0.36544389912875413
1.801615957199142
0.8817724534688827
0.0009286524445398592
0.02943678076486274
0.06703690406186516
0.016671354166279833
-7.5961032629461505
0.030436380669585233
0.04732308035883999
-11.017391942323991
0.07820992886895348
0.023979949300863376
-0.5313366020407544
0.016401690365165745
0.06557146128705538
-0.005762522601468833
0.03488491008998322
-0.0863433727271443
-0.19508213930951313
-0.16657986741578248
0.06966817914687273
-3.077447331539612
-0.128759957037577
0.09030287445474999
-6.314531451028549
-0.12131198170443216
-0.25680661445517927
0.87058072790177
0.043551688969876386
-0.10608091455973072
-1.802466283934117
-0.31730350862742773
0.005632041882913945
0.02352613137519159
0.0463260763663198
-0.021903835334593787
-0.512557532530561
0.016501441873220488
-0.06166599366004343
-2.0708269625421027
0.05948523973241212
0.0420553536386633
0.4440055812921462
-0.01288013942712564
0.014566652386868302
-0.26164608655852983
0.033668031422444594
0.009400339725681236
0.05063685993440005
0.12566797010600556
-0.06855064131631568
-0.20603427095755092
0.0009861145054186862
-0.2611364110591661
-1.1681610122759452
0.010795600263738466
0.12419603288706045
0.22379047055628407
-0.0009710807477037565
0.02578003839978907
0.0016581209762778972
0.04887869043017888
0.009100518246679382
0.07727691745095154
0.12499782268332621
0.29060905917124363
-0.22156598263179547
-0.21159023955600748
-0.10639725880904295
-0.22248713093619532
-0.0000627430988663328
-0.00014241580543343925
0.0013433563141122219
0.020992946378325585
-0.31069586571269575
-1.2957680832475866
-2.34774410364095
1.3851092563569316
-0.09855862790906716
0.27614514489119163
3.7127218404921973
-0.2543232585983219
-0.14043510001170081
-2.6016001335929255
0.09433224842312786
-0.2743971070986865
-1.2275946491371994
0.021784724591854474
-1.1505415896831461
-2.9675145092229718
-7.066662754085398
-6.911044710075464
2.2041445829837305
-0.34357905749231343
1.6659578328349334
2.812291523181791
-0.4248196163136104
-0.5134922416516875
-9.082709170094192
0.1167804809101356
-0.5972700637515995
-8.111111489638347
0.10197044545176621
-7.726521842958476
-0.00018805626769966151
-0.005952177006328959
-0.013475282804334372
0.002507864817747144
0.030436380669585233
-8.164657359338506
0.005614481106962729
0.07820992886895348
-12.477579706166408
0.001550866684941743
0.016401690365165745
-0.8414929458263304
-0.005762522601468833
0.03488491008998322
-0.02095677955034878
2.9389536164764256
6.994844705501343
6.831646113996882
-2.281724555918946
-0.15675086187388962
1.581510889451378
-2.9069376497059136
-0.18601684295945967
-0.6323368393292681
9.052110412703495
0.03631553785858071
-0.5966723682926195
8.017885162537105
-0.04991811434967685
7.594287145690255
0.3019673404854537
1.259373890272017
2.2803260713734357
-1.3633041101092223
0.01578354417635833
0.23074604949465438
-3.649280415690845
0.05208132136728819
-0.26424560794191687
2.559330910829166
-0.01957776479475739
-0.23572976478165758
1.186881038167527
0.0005661767014207176
1.093720789165605
-0.001873490179689311
-0.010091477724915976
-0.025044817499153882
0.013961587536362067
0.0009862220578600984
-0.23785325252541514
0.0545542559197303
0.010795759487794791
-1.4216282000230531
-0.02536333281801484
-0.0009115935992202218
0.25663178366399425
-0.008732909689154461
-0.010526286494945986
-0.005533606857269544
-0.08729901308219225
-0.7376097370791692
-2.1819551998091855
-4.840547795709137
0.04440915464991643
0.04239452088935116
2.177398271351133
4.8260350136860435
0.08551339435139965
0.7222970573751555
-0.00026873900920394353
-0.004200529803710126
-0.0002949462644859666
-0.17858147908729935
-1.635488868515653
0.3355615881601884
-0.02878634282283293
0.23274677328603938
3.3833414214873367
-0.3101536540167831
2.5426006603104123
-0.43488988244731897
0.03308261663921416
-0.2652824096759693
-0.04400185862034128
0.022368219143802232
-0.22368870601789706
-0.426583921920387
-3.4071303816385217
-6.291237495453777
0.5645979078540444
-0.3909046394522646
5.197712102370863
2.9458190326078535
-0.7329851428379974
9.75044245829571
-1.6927231943323233
0.052810380616789845
-0.6828419453268791
-1.8991328253766382
0.625420659006716
-10.17398667894586
-2.535128126740325
-16.767221872672483
-14.305852673190637
-2.034420421424904
0.02829216006343474
-0.0003125520784901437
-1.6518062578043236
0.023979949300863366
0.0015508666849418167
-36.440297250606726
0.04338669609558102
0.006958374314938559
-11.790376274327121
0.027070442123001394
-12.297173073118461
-0.4560808870398723
-3.5132549763052925
-6.342801393286449
0.6972640315343147
0.16382436867489636
-5.330018303326544
3.1198808690752617
0.299506387390576
-9.73339171013474
-1.7652405455766498
-0.02644387874138066
0.9091217923396033
-1.9394192256988496
0.26216996434485446
-10.444905048987264
-0.00030199104830541754
-0.18250481572138189
-1.6553908159052952
0.348498136506266
-0.004560834443587734
-0.23091359786151175
3.477303627936149
-0.044880112350569434
-2.4992873776715703
-0.4578663569872133
0.005569580215863035
0.26762839511665887
-0.042258526103086995
-0.003261587208637474
-0.21836876647368164
-0.0000055847020243781416
-0.031024352433541617
-0.8540668154698831
0.08375824351140117
-0.0038252551378757365
0.0007700208433278896
2.562939373050516
-0.12419761600028399
0.025360508021838625
-0.08872092579296834
0.0038010376031446633
-0.0007599721623414642
-0.004578668290660377
0.0000499033189474377
-0.004709032072372254
-0.0000829443032517367
-0.13888147758409927
-0.03552636874862663
-1.521254774398254
-8.713094155701775
-8.803576149049412
-0.03697211617017443
-1.5310023342287808
-0.00008570092476073997
-0.1417842205839584
-0.0000020617616251971435
-0.04349173625559179
0.00002107112937005514
0.011491632103975578
0.060417292125472234
-0.023504095318052205
-0.031085271891743448
-0.014747612870244921
-0.12475560847536793
-0.43672443983554937
-0.08981675826689847
0.03415037805146496
0.032863470645748835
0.019228853383403643
-0.0025320910979722577
0.02076938194975968
0.014942669095334506
0.05423690247654643
0.19997859877159163
0.10801706075705658
-0.036398429346785284
-1.0802113444501276
-0.3381555232106478
0.05476751213756875
-1.1155105585967364
-0.15161405630124156
0.0676266957833909
0.27251621563466766
0.09694027544730366
-0.13132420990991356
1.8269105379303185
0.7907234797954938
0.0006901229659548932
0.021969533612006133
0.025105925026335588
0.02829216006343474
-0.6707027195359396
0.01387523991447795
0.023979949300863366
-0.5313366020407543
0.016401690365165738
0.04338669609558102
-11.790376274327121
0.027070442123001394
0.031813678923072033
0.0007327844237150537
0.017137724423791148
-0.02133673511552523
-0.07194418944479165
-0.025467397946350216
0.01825836365671505
-1.1399664430362453
-0.12169816317642351
-0.020003781247220596
-1.1602048890463035
-0.028999068360792482
-0.030038847878629416
0.35459641636656974
0.04482382219154948
0.062337803517777166
-1.9159004941337752
-0.2887593850501955
0.0000031411409916203907
0.0015244298982234532
0.009871333330246994
-0.0030725568481612922
-0.03330442635760651
0.002147748615948284
-0.020491545429199086
-0.452972332638873
0.017897180718519298
0.004413008477231807
0.0361787637796535
-0.0027256642329848606
-0.00045138584620960613
-0.02187080327810924
0.0021695898803552266
0.00000022841009726987073
0.0011840118898648255
0.022689621234088003
-0.003356886124341922
-0.004443640664859439
-0.000009449582190864723
-0.07044823972445587
-0.22379012809148968
0.0009125494324976167
0.003800963469987258
0.0038643962357269397
0.000017081179495193158
-0.00016551128214605069
0.0000332226527621422
0.00018556840721972774
0.00000666932118776309
0.007157538781417037
0.0020015917584514215
0.01670501656046429
0.26179738996519486
0.061873936990560006
-0.0017586114467960845
-0.009844252452540775
-0.00000020781301368323404
-0.00013423230840536616
0.00000008231635824780225
0.001360539636800912
-0.00017179874679856382
-0.09540084585516188
-0.48379619024793313
0.19599030120720476
-0.015204159681771886
0.0872399478455991
1.0017512387544294
-0.08773843075480216
0.23761543661060544
-0.2857432300033595
0.020077264820926272
-0.12248987105518964
-0.02432093386987438
0.009485444973994107
-0.07691489339520452
-0.7083950944404754
-2.55146002183098
-1.254384314765134
0.4709415330005935
-0.3260465618407154
3.2192365916090107
-0.722222170765785
-0.1288710145208181
0.5738877780255377
-0.8660731563522194
0.09550701112441809
-0.9766296403825059
-1.9484202180988583
0.4813851381021297
-6.4158335048210535
0.00009334782057273983
0.0030524478503172114
0.0036514778111026848
-0.0003125520784901437
0.01387523991447795
-0.9332943925070394
0.0015508666849418167
0.016401690365165738
-0.8414929458263303
0.006958374314938559
0.027070442123001394
-12.297173073118461
0.0007327844237150537
0.017137724423791148
0.005163454816332909
0.7266957129351934
2.6127871805116465
1.2807978135215823
-0.6403700827256008
-0.13407609958010175
3.246367141070332
0.6469073376532897
-0.05183893197222459
0.5590021566300815
1.0722893329665468
0.04688093010720058
-1.206330339009182
1.9563848139140605
-0.195641747692048
6.419424766937697
0.0001689743329463341
0.09402750042917984
0.4768403155744141
-0.195903055745973
0.0026220329218272624
0.08141058926431477
-1.0047436325492016
0.016010201820526336
0.19997588115286122
0.28871526447475326
-0.003600832091716638
-0.11651647949333657
0.022484437009781463
0.00140422524291254
0.07019573584776699
-0.00000004551285427476184
-0.00023405357917085973
-0.004190523511350845
0.0006669840776124057
-0.000009050764881565713
-0.0049557230002683465
0.013218057573628685
0.0009714085002060455
-0.25662836647625487
-0.0007599746105025356
0.000017081888314712456
0.004279289102786038
-0.000034679315006070326
-0.00018408141027121666
0.00003690444931902466
-0.00006543847025716923
-0.069367761839931
-0.032668360324827506
-0.23809835167246887
-0.05203221578180631
-0.008855867756949062
0.038741601307018377
0.2661005363417733
0.00006531017884559427
0.06923855519588105
-0.000000016423759953603143
-0.0002597366054470071
-0.000004515974937662129
-0.022449936483222403
-0.7912991933582552
0.05046830681742655
0.0011571905932447565
0.02938463264756132
2.09404392638729
-0.08818271576931326
1.2431222069562171
-0.04482325197789102
-0.002596881858947871
-0.023946822919006017
-0.008502487972609796
-0.0014899907467960218
-0.01722943301560442
-0.031981451937148506
-1.8717144756479431
-5.298310538972934
1.418519887536019
0.09113336264326112
2.615308393453128
4.479121407925418
-0.3562834568570574
8.277679687326186
-1.7731401166662026
-0.12510818923532968
-1.8725871660766165
-2.1438651947031593
-0.23178273714593234
-4.206140772171746
-2.5181263703760557
-16.22590868284871
-13.687114498099003
-0.6707027195359396
0.08277832262881162
-0.006719339852180519
-0.5313366020407543
0.06557146128705538
-0.005762522601468797
-11.790376274327121
0.031813678923072033
0.0007327844237150537
-34.58654980914793
0.05558114830531703
-11.875753070886216
-0.02569396045416052
-1.8482988867444052
-5.28616676737731
1.4507471050248613
-0.026165006669259385
-2.5526893536935518
4.641570887664155
0.16874909012397843
-8.186968995995095
-1.8114208405114545
0.0455290699601333
1.8852848654398193
-2.172921759407246
-0.0763925389608813
-4.053437773330304
-0.00000302783268684282
-0.02162125661463918
-0.7870773350866377
0.04917544993714886
0.00014045629350765653
-0.02753967706124808
2.1084445674415635
-0.01093197124799963
-1.2027711291986651
-0.042869030443551163
-0.00032638200741108185
0.022084147534523046
-0.008880561876823205
0.00022618983757229655
-0.015445385486149711
-0.0000000441626989241896
-0.002301380689487933
-0.3033036633412692
0.006924271568703566
0.00009279226577166307
0.00005516426028636548
1.0805650678663612
-0.025781628559142036
0.008732132509132134
-0.004578655704797707
-0.00016550253694536446
-0.000034679646361556174
-0.0005372009206207276
0.00000019522265776720012
-0.00020151618480236148
-0.000005692244110906566
-0.054844103466305465
-0.030301341233587284
-1.4290711942832168
-2.3455287452578126
-7.295039188041922
-0.02994832309560225
-1.4261309301788214
-0.000005123422762303572
-0.05424691543413312
-0.00000006482450476809425
-0.010472434124116723
0.000012403163809056322
0.007162840336817661
0.03856679581880094
-0.01624295201870314
-0.018523401251372366
-0.006419924850543519
-0.09944904709202987
-0.246213069447867
-0.02152143871164595
0.024867676389846497
0.02138541775730365
0.009727559658879415
-0.001496315964835855
0.00947443318782985
0.005595560318381124
0.09562595828948249
0.3337671790530759
0.16399566786117775
-0.30894611472263234
-1.8151699730553892
-0.4233664443150662
-0.1226466122791913
-1.6371792454231766
-0.09101677222384714
0.5757402207318605
1.6864685190150859
0.4560844954445095
-0.22377520621365554
2.392867753424406
0.8460194337629976
0.0012077736405777678
0.0388637585163658
0.045236182718923
0.01387523991447795
-0.006719339852180519
0.038621868716003954
0.016401690365165738
-0.005762522601468797
0.03488491008998322
0.027070442123001394
0.0007327844237150537
0.017137724423791148
0.05558114830531703
-11.875753070886216
0.08082564443458394
0.03596862050460341
0.11920421477590372
0.058672013147596624
-0.11721744519265616
1.8327765380336989
0.15021533777772925
-0.04608519424663673
1.6327131849804575
0.04156163034438738
0.220635388497306
-1.7723104344004579
-0.1709562667641409
-0.09767900836024902
2.3866213157998613
0.29906490301823624
-0.0000017714099188123913
-0.0007157937399594718
-0.001385692226209219
0.0015909074376263574
0.019103690983431933
-0.0007437838408628701
0.004240282207584083
0.24570298201850424
0.002146540310958868
-0.0025982274152972972
-0.022614075311845512
0.0011869823383679832
0.0003046688520901494
0.00941886547108076
-0.0006976094976307577
0.0000000019206231199165707
0.000019716697404307168
0.001920551041586391
-0.00005992442738117939
-0.00003600172057356953
0.00020385944091910323
-0.006569447223511232
-0.0016586859575357781
0.010524908265909893
0.00004990460651228488
0.000033222136011095386
-0.00018407635124272369
0.000000195172193955938
-0.0001857463057538358
0.0000008498567631181515
0.0000056672413462808986
0.006176252163346382
0.017299118120855186
0.08617179832609176
0.004422731822776882
0.018838886631674434
0.014307479613262244
0.0651639610919098
0.00000022611803581672397
0.0004077635781778435
0.0000000009375628346922494
0.00007688582182373719
-0.00010416210459070685
-0.08292697833062353
-1.1397147295558094
0.18814343449543308
-0.0130925741161317
0.062304090242747405
2.9868584555361535
-0.2130953578612629
1.2050626398897721
-0.25438678253306474
0.016428807934937815
-0.08035940306192622
-0.017937161041102916
0.005701671653190759
-0.04190707332166876
-1.273827829611324
-6.145642473501187
-7.397251386286713
5.399663352175593
-0.7489427935129688
6.180381215080067
6.053546498278291
-0.8441222985527024
7.8704012672348655
-9.201356585105561
0.7191753485080079
-6.012326243882678
-4.078569784344611
0.8361950396242411
-10.128032756399339
-2.5406817795595633
-16.951743641364626
-14.532057576512988
-0.9332943925070394
0.038621868716003954
-0.023275945465004583
-0.8414929458263303
0.03488491008998322
-0.020956779550348605
-12.297173073118461
0.017137724423791148
0.005163454816332909
-11.875753070886216
0.08082564443458394
-37.132932830395504
-1.249204089363408
-6.058713408479801
-7.354274336207334
5.522467219703195
0.2923313761498233
-5.983005265291932
6.252535515347154
0.33541412275039884
-7.750336330771672
-9.447879726090486
-0.2881079559145284
6.032691794880488
-3.929471061219295
0.3215510790837396
-9.717313561073405
-0.00009855892911564735
-0.07981153736316454
-1.1238845797035983
0.18309790492749803
-0.00239349187195251
-0.05648636006137471
2.9803917574563505
-0.033674323120404255
-1.1488933830316725
-0.24852356737771428
0.0031386081504753507
0.07313656824222384
-0.016099888252319467
-0.0008512959864930298
-0.03697314233393389
-0.00000003602202097018383
-0.002442576125572175
-0.33498944191959057
0.007360659307454451
-0.00030261039990079036
-0.000021027392392472695
1.1882920550635183
-0.04887969104946593
0.005527830595358954
-0.004709013361087485
0.00018557269142850232
0.00003690288034680194
-0.0002015165623717087
0.0000008498798391956006
-0.0006243139272618724
-0.00006125325365405392
-0.1168863838305263
-0.3277213356586306
-2.853060559448191
-2.3778393738980674
-7.636958560336495
-0.32617003227547525
-2.8435461831321227
-0.00005912962040820575
-0.11461952192266193
-0.00000006645263424978774
-0.01165255165459963
-0.00000000000000000020558285834563166
-0.00001590650760439441
-0.054428629426633346
0.0000348739051525154
-0.000004724278715863123
0.00006176840345635445
0.11208116105289864
-0.015183367065405056
0.19851729942567214
-0.0000013699998962018417
0.00000018080918166004736
-0.0000023635501178467525
-0.000000059164143271816534
0.0000003202313882245611
-0.0000042218640500944815
-0.000000000000012291420658140939
-0.00044988980858098437
-0.16880219914191655
-0.000019137496069343345
-0.00009318855080237026
0.0017564719939007014
-0.006760431496061195
-0.032521058001006416
0.6130373322709343
-0.0000030868792508702907
-0.00000021842649987307694
0.000004157029547795434
-0.000004095541391749112
0.00002084153089796465
-0.0003957295703778104
-0.000039324776220386224
-0.40267662436453716
-1.6263878071423798
-0.4769871541990901
-0.023611490670159774
0.803825236980151
-1.7436002066588034
-0.0863433727271443
2.9389536164764256
-0.45608088703987315
-0.02133673511552526
0.7266957129351944
-0.02569396045416055
0.03596862050460344
-1.2492040893634093
-43.918651498944335
-4.552178243926106
-5.052361165031031
-0.06598050603498958
0.008948187651381272
-0.11684545111886786
-0.011084320453952232
0.0015032406586430367
-0.01962931935018644
-2.539324774688001
0.0007391236845620437
0.002428026379755545
-2.518075036454047
0.0008872486592366744
-2.5364258060544134
-0.000039368110786469753
-0.4028133543238078
-1.6265696920530515
0.9344572013220662
-0.03842688881799238
0.005919287918471308
3.415595359713809
-0.14047337160349754
0.021949889892891688
-1.6793397895779005
0.06803748175553462
-0.010350858489225019
-0.027446298350438356
0.0004335379114951698
-0.024861302584358105
-0.000000000000012327986576029519
-0.00045030508909768606
-0.16885465248510076
0.0015146162896525239
-0.00010936284397730684
0.0008908822040384959
0.5283427878529691
-0.0381439811598675
0.31067167906170307
-0.0002947568098844337
0.000021071590056357607
-0.0001717026311613615
-0.0000045151532159976276
0.000012404463929005254
-0.00010411204546438491
-0.0000000000012661670669611298
-0.001080148532241694
-0.0000000009775311273389543
-0.007471241283678343
-0.0007168704016483719
-0.3582148722327533
-0.8225754238875279
-2.4865387472041487
-0.0007179695031391731
-0.3583681585252762
-0.0000000009776072099804641
-0.007471404309808677
-0.00001590649220922169
-0.010595507989718318
-0.3755979166772621
0.01319059315014501
-0.0017868626746323003
0.023363136821178094
0.6038394492641774
-0.08179866789719292
1.069517698236519
-0.009320546305996305
0.0009400337458990254
-0.012190343033489924
-0.0023763897738704885
0.0016614797216376413
-0.02402980791343034
-0.0004498936729345436
-0.07301812502546867
-0.9094278110969977
0.0011413870053291887
-0.008702241964232482
0.1618033901650042
-0.02872398009950225
-0.13566599991046396
2.5578512867295133
-0.02403507012573485
0.00021944940951750436
-0.0022351352531714695
-0.022210964773984904
0.011641128437309349
-0.23748774017268762
-0.40267995741123547
-2.8329617046870395
-5.124384159013601
-2.1603154237148106
-0.09679617884281805
3.4511450729401956
-4.405586884832762
-0.19508213930951313
6.994844705501343
-3.5132549763052934
-0.07194418944479167
2.612787180511648
-1.8482988867444057
0.11920421477590377
-6.058713408479803
-4.552178243926111
-15.485296034028343
-12.055650821406495
-0.47812775903939964
0.0648426905889411
-0.8467221473430675
-0.35137062010633835
0.04765114920936987
-0.622254358787765
-16.90753029032862
0.023594943485152096
0.08061662813112183
-16.22509681357933
0.028215222117902936
-16.81124680610391
-0.4028160751643232
-2.8334870803507015
-5.124849217534273
4.069444646686535
-0.16216856813682928
-0.07097120031111138
8.261041400976115
-0.3279726067764455
-0.1669897535781184
-7.685783268195235
0.23294580600497192
0.09812077182329253
-1.854651798283394
-0.002047161958573982
-1.8818175080924229
-0.0004503092357794277
-0.07305482059457037
-0.9096519066442028
0.13796656293409143
-0.010141804169525743
0.08452274526872625
2.2045904034315074
-0.15912508852702265
1.2957313335132845
-0.17852800608160935
0.011495424238742055
-0.09538062289892732
-0.022443995060951356
0.007165582464431873
-0.08291194098577935
-0.0000020706544034363065
-0.016492556293013372
-0.0000792826393390969
-0.07754287630538527
-0.09767777172556157
-1.5106802079388466
-3.4899204627103426
-6.596724884543874
-0.09775723835749904
-1.5111971939688023
-0.00007928579852953663
-0.07754468287539305
-0.054428644972131006
-0.3755966978277297
-1.4152742026067835
0.24630385267244692
-0.033364884587146135
0.43625825099186527
1.4988925659000054
-0.20303920561171174
2.6548321531963492
-0.4598851703431075
0.018271475456349464
-0.22147271161724358
-0.30455058559772336
0.031754766492591686
-0.7271731393230603
-0.1688027988794107
-0.9094409691189514
-2.5238104985102168
-0.016200515860258974
-0.057865870241626836
1.094056516756075
-0.09812255112714253
-0.24804220609009325
4.7115251737289725
-0.8436286684122234
0.002677992480543425
-0.006572976694696407
-0.7898572765242619
0.061532271981652384
-1.9317389165257115
-1.626403707474318
-5.124426059412322
-7.75489241860659
-2.225074965563875
-0.07753609903326442
3.1405482734888763
-4.891097288225445
-0.16657986741578248
6.831646113996882
-6.34280139328645
-0.02546739794635022
1.2807978135215823
-5.28616676737731
0.058672013147596624
-7.354274336207333
-5.052361165031032
-12.055650821406495
-13.513658942684616
-0.48483852483699685
0.06575167226844714
-0.8586153673613932
-0.8001975642922448
0.10850893583656447
-1.4171791731112748
-14.477931224301777
0.02709342038601115
0.09872304982067563
-13.68623068915941
0.032184481729299226
-14.359967742713597
-1.6265823142591922
-5.124884830779192
-7.755347261730476
3.836611016244774
-0.14113419061099064
-0.2867631157694909
8.37166098137227
-0.3057174094603897
-0.6674045643481497
-8.214855626190689
0.11133977242293779
0.15263508378646715
-5.289326188701065
0.004258223613656394
-5.480713898253528
-0.16885624419244316
-0.9096592048830441
-2.5242184621764925
0.9449802504678416
-0.06796187832652013
0.5508505366578847
4.0838276500040855
-0.2919480441546276
2.34775555287266
-1.6352732232168439
0.06044704025818704
-0.4837669908116686
-0.7911937239668367
0.03858283418577612
-1.1395910436840935
-0.00695706368533923
-0.17398085913826533
-0.03391696755791111
-0.46789745786230774
-0.8391681037776635
-3.1717390793477613
-4.284875947752898
-8.256682428308267
-0.8394932852073016
-3.1724673181403777
-0.033918547423633996
-0.4679065794897548
-0.000034873900020211566
-0.013190627666376487
-0.2463089713265433
0.011856312075989786
-0.0022237969222132295
0.029300116604640065
0.17046097205591948
-0.05412887438505496
0.7233120249830118
-0.008947409473697385
0.0010571462606943193
-0.013768372597306953
-0.0035098355290220174
0.002451034998581955
-0.03562895178870564
0.000017510190136946606
0.0045167006735863675
0.006610032405288681
-0.03279317916041879
0.0006883585476680768
-0.00999715822683356
-0.561394194396643
0.0017540475611564242
0.00450728764585363
0.001740709257801293
-0.0023569717053802644
0.043229285249648176
0.0008842099411056073
-0.001009900702754891
0.015975063905744134
0.4738700548231842
1.9800994732886885
1.6764731565455275
0.19660558270005124
0.07798594209468107
-2.7185245258676463
-1.7924399821259576
0.06966817914687273
-2.281724555918946
0.6972640315343147
0.018258363656715064
-0.6403700827256013
1.4507471050248613
-0.11721744519265623
5.522467219703197
-0.06598050603498958
-0.47812775903939975
-0.4848385248369969
-16.20335903712729
0.01780563085044579
0.062116794100666256
-8.126962515424575
0.01805352204498875
0.06874935815120337
-1.2847227532177548
0.060406786947993514
-0.6506789065948112
-0.3293257275300364
-0.005592356897062269
-0.17269088339840147
-0.9344257296757416
-4.067264913721827
-3.8299659756960684
5.040282524375175
-0.26024903263439836
-0.09284763794986935
2.9970568468036443
-0.2435718466545957
-0.08123814548392097
-9.89702772490935
0.36667029637100784
0.10938754860267774
-2.945732037319913
-0.0026075568937455116
-2.9860565336700566
-0.0015138010910290959
-0.1408479261365852
-0.9400936635270585
0.23908955311463292
-0.019819310582269434
0.16631571001652867
1.7578309198969309
-0.1665817808618245
1.3850739636048988
-0.3354604693220549
0.023511709072317595
-0.19594793412086114
-0.05045482811054245
0.016249006705902153
-0.1881080281437934
-0.000003901092046428319
-0.013761926807063746
0.000043640887216818265
0.020728728304655906
0.16921149964370866
1.2153638933466342
2.2168549995286937
1.4627815217242497
-0.19358940491150514
-1.4616513767452708
-0.00024503549399437254
-0.11248468928624863
0.000004724296256538904
0.001786943399239796
0.033369607895922464
-0.002223891517606397
-0.003963731940546447
-0.003946771434482971
-0.05413453723884845
-0.20130110358436423
-0.09642632871925105
0.0018565140198490478
0.0020631449324579098
0.0024260631406769137
-0.00013412100133995846
0.003654490191886519
0.004791843393037938
0.00009325677423322941
0.008470257416569548
0.058270346601264046
0.0000267667831210273
-0.028003017514005177
-0.018992441494751187
0.0027138642778011856
-0.5035797226285764
-0.16662888540131143
0.0032387205232745566
-0.00018145727929279592
0.00004023139364661262
-0.0010313384320409782
0.036765011699365906
0.03229820908609696
0.023837176478322057
0.10981538661465944
0.11716951813380351
0.09372493394760935
-1.4583679776354552
-0.14717398435227005
0.10645749060273509
-3.0774473315396125
-0.15675086187388962
0.1638243686748964
-1.1399664430362453
-0.13407609958010186
-0.026165006669259395
1.8327765380336993
0.2923313761498234
0.008948187651381275
0.0648426905889411
0.06575167226844715
0.01780563085044579
-15.686687446724902
0.021247677484568277
0.01805352204498875
-7.595525036926823
0.02134293033011555
0.060406786947993514
-0.3293257275300364
-0.005592356897062269
0.13385118717712796
-0.5825712167915604
0.04805567168067707
0.03861954384212264
0.17327588301396135
0.17494319653982635
-0.27597965063152785
-1.4517823291611018
0.0055735454644888155
-0.28034607978914305
-3.070911760189612
0.010461621370308496
0.5994071268291057
2.1455437005978357
-0.00785497112610136
-0.0490985736068176
-0.03128850711644003
0.1262735904178884
0.00010940558222233123
0.00999935878496906
0.068215234889235
-0.019159394401255306
-0.027631140296498977
-0.011616156259871684
-0.16756010421811768
-0.5004097256222368
-0.09863206092353938
0.028797585929768815
0.031073154977481053
0.01521172555414203
-0.0011572315061970624
0.018517628634841455
0.013099723352468583
0.0000005286036324636141
0.001864873380082406
0.000012136421413949547
0.005521089240369168
-0.0002414161086058993
0.002762035243329389
-0.3001100598204469
-0.1979821773450127
0.0035643978935670324
0.030840492040500756
0.000015157455359432472
0.0069150739589111275
-0.00006176833688916512
-0.02336307173187935
-0.43625772338676794
0.02929995892022657
-0.003946582526716072
0.04720919858310528
0.723306171995142
-0.09641550582636287
1.043159512052958
-0.02446816391092314
0.0024597065256819904
-0.02958698038867785
-0.0062175030904629645
0.004017580776420008
-0.05448394967496745
-0.0017564994307010873
-0.16175766289644855
-1.0941171934885348
0.002369822979686999
-0.01949413252552346
0.3335840625862862
-0.013429306396398466
-0.16587542153227441
2.598531189950509
-0.062117099742830015
0.0004809369747874316
-0.004640654441481028
-0.057805583052314806
0.028078910465512107
-0.5391899080708114
-0.8056693445791798
-3.5572417270070313
-3.4635145608651117
-3.0124971973080332
-0.1352024922088058
3.354227752896592
-2.9687147954295394
-0.128759957037577
1.5815108894513776
-5.330018303326546
-0.12169816317642358
3.246367141070334
-2.5526893536935527
0.15021533777772933
-5.983005265291932
-0.11684545111886786
-0.8467221473430675
-0.8586153673613933
0.062116794100666256
0.021247677484568277
-16.129159219930152
0.06874935815120337
0.02134293033011555
-8.0447940356094
-0.6506789065948112
-0.005592356897062269
-0.17269088339840147
-0.5825712167915604
0.04805567168067707
-1.930907965236018
-0.009543857188613171
-0.13829400696370678
-0.3501919035496886
0.20116754107195384
-0.006417365855146827
-1.4961531559219803
0.6057612117858908
-0.017556336376461694
-3.2153848747578926
-0.35917292813769697
0.009536238134358416
2.204010139018939
-0.0739142431576232
-0.08764861617809853
-0.1468770611738149
-0.0008922934458919699
-0.0796472325540803
-0.5591098937849546
0.15394482563181242
-0.011111069318622066
0.06143674541523322
1.4029844892100514
-0.09934984093791485
0.2762451151255161
-0.2326943772012907
0.014753836053482567
-0.08723375370928368
-0.029379209620798895
0.006423475501419785
-0.06230273967330563
-0.000006910259380609572
-0.024377543566401184
-0.0002599617734068258
-0.11892085124531966
-0.12398987906409875
-0.9744679719645941
3.926359361878976
2.5908273898941028
0.08112940335352627
0.5391222074466048
-0.00009678134117336648
-0.04361416067268353
-0.11208122825052608
-0.6038409495679902
-1.4988951154544885
0.17045535175532797
-0.05412730911755494
0.7233101830465711
0.16555343457455032
-0.2051239867003368
2.812227127274385
-0.5545330653249495
0.014818768709543876
-0.17242452329499192
-0.5327052636407108
0.05547122444074498
-1.2841157495966318
0.0060300335774751464
0.024655235059975335
0.00018568644867799928
-0.5602192735694334
0.004743139719004733
-0.05228373317027042
-2.3786208275856504
0.012505877052021913
0.0012977180775097224
-0.018045608115554695
-0.029287763155850303
0.5624933212710561
0.016577507250697714
-0.006319160659258172
0.09767345905474836
1.732747506274404
4.000273378198453
3.622248610529927
-1.4233320926171174
0.0655437360654555
-2.4854737386669883
-4.713029955257977
0.09030287445474999
-2.9069376497059136
3.1198808690752635
-0.020003781247220603
0.6469073376532899
4.641570887664158
-0.046085194246636735
6.252535515347157
-0.011084320453952232
-0.35137062010633835
-0.8001975642922448
-8.126962515424575
0.01805352204498875
0.06874935815120337
-12.40724899046002
0.049935106893248364
0.1300349630630456
-1.136854615235705
0.05448219632958352
-0.5482866383425977
-0.26092135341764006
-0.0057089914045410205
-0.08755276484401468
-3.415490631246374
-8.256209560241881
-8.356347898369478
3.005824120188061
-0.22141973053971714
-0.5022346943582578
1.5442689368744913
-0.2819636281755831
-0.7233479337524921
-10.00521177300298
0.10060167929042306
0.10482086512280389
-9.40739569714844
0.010570661189382066
-9.793069974618696
-0.5279758701430665
-2.2025396888399738
-4.033984779010313
1.8076249079494893
-0.16713817391475538
1.357616614214146
4.079567663999099
-0.4491115756862857
3.712707889920743
-3.3828904555742927
0.12481681428424478
-1.0016869860207367
-2.0937623794871487
0.0994906722936206
-2.9865244454893176
-0.016008423154788242
-0.2502877202336145
0.021446571290837962
0.17648706385349097
1.7890556721461743
3.8067701833997107
2.6503472638967347
2.531413523887639
-2.0108510526892314
-4.619434699567865
-0.12917328568736863
-1.096004674825613
0.015183408603404216
0.08180208908144702
0.20306449598074253
-0.0541301822580352
-0.20130169090835504
-0.09641984260438764
-0.2051504055289591
-1.1497915555278257
-0.36790242776665466
0.10807777512504337
0.10714097843014234
0.051759463273457915
0.041989119818501376
0.18986952535872692
0.1711795176617399
0.03255133079705395
0.135843820378898
0.2521156401170795
0.005699678810308079
-0.5038323447675699
-0.16425764555053798
0.0222895639514721
-2.046555500653606
-0.4493284965005139
0.13800323066556122
-0.014719967654566249
-0.0026197327169253715
0.07559485110215776
0.5048817163308751
0.30827561971068396
0.08712959823219618
0.22436918368180472
0.25824499863592426
0.10231736593633743
-3.0788080164398743
-0.12874823461708026
0.17537274823585042
-6.314531451028549
-0.18601684295945967
0.2995063873905761
-1.1602048890463037
-0.0518389319722246
0.16874909012397848
1.6327131849804575
0.3354141227503989
0.0015032406586430367
0.04765114920936987
0.10850893583656447
0.01805352204498875
-7.595525036926823
0.02134293033011555
0.049935106893248364
-11.016369010173845
0.06113582042682955
0.05448219632958352
-0.26092135341764006
-0.0057089914045410205
0.10597672253834944
-0.46131913066764485
0.04097445799900385
0.14114442401064167
0.35295696795686643
0.3839112748900875
-0.25816122052143503
-3.072776694938692
0.027996340340718982
-0.3669751674422116
-6.305969866412459
0.0606225002648371
0.5909352836442224
1.9915925580782414
-0.012186944431900566
0.24996506257536297
-0.15191137660229068
0.41620020922988205
0.03816293771914141
0.15923817452273556
0.2944711618696956
-0.1681098757094223
-0.5005936784426064
-0.09485528839451482
-0.4589583884574995
-2.0377056782982437
-0.2545277232680974
0.3103229016150775
0.43665051326779275
0.08779677309684161
0.08823291662237119
0.24618807924900343
0.21322077894044103
0.0021691379801064745
0.033914903456817684
0.0065115920775503325
0.05565218427297309
-0.0047418751504374485
0.01125724044360179
-0.3587968547633033
-0.3426277559714597
0.03511153576094661
0.09963070229436681
0.008087611998455159
0.06896879417033303
-0.19851733973765484
-1.069512783375077
-2.6548254918494596
0.7232957149200846
-0.09641279375560859
1.0431597792702194
2.81221528979263
-0.3678540313503814
3.558438227985007
-1.4286508013112351
0.056758064491908546
-0.5747363226150449
-0.9435953636017214
0.08165568922602259
-1.8278518257648748
-0.613045387340659
-2.5579198243753805
-4.71235731617668
-0.07016026938364087
-0.1635128234977216
2.5976455247741406
-0.18156611246007257
-0.4418058712779123
6.3274921564269375
-2.587863497784973
0.006077259625272874
-0.0021156528728860937
-2.4322430454175437
0.15521283006776043
-4.807808277581444
-2.945382269586413
-7.233562102336667
-7.578702174408304
-3.1724634698016563
-0.10078384827693035
1.2136473205064342
-4.4959021825850725
-0.1213119817044322
-0.6323368393292684
-9.733391710134741
-0.028999068360792492
0.5590021566300816
-8.186968995995098
0.04156163034438739
-7.750336330771674
-0.01962931935018644
-0.622254358787765
-1.4171791731112748
0.06874935815120337
0.02134293033011555
-8.044794035609401
0.1300349630630456
0.06113582042682955
-12.252432950682472
-0.5482866383425977
-0.0057089914045410205
-0.08755276484401468
-0.46131913066764485
0.04097445799900385
-1.6208070092574385
-0.0345707038806016
-0.30365519125443025
-0.8058117176606485
0.184773917414906
-0.000022269848169285212
-3.222377073205465
0.8656263349478098
-0.004181149532046474
-6.89962066111474
-0.37101544426393285
0.0033728685457043283
2.031359473855753
-0.2459296020876972
-0.07108527506991254
-0.6169640025092443
-0.3113039835127821
-1.2992483100495746
-2.4321289840506948
1.3755212268995305
-0.09557654013856601
0.22663885181493898
3.895570599798604
-0.2619395201728742
-0.1400526439103464
-2.5424757730529137
0.0898725119676441
-0.23769898385522864
-1.24306056869455
0.021535079083391407
-1.2050661292555278
-0.028356653761011746
-0.44335185870404903
-0.13798265232771992
-1.1740858435739279
-1.2699960706241988
-3.10112235893028
4.694130889058909
4.483514960594556
0.8785236199306211
1.66319782937961
-0.052840250128632915
-0.4547459373874879
-0.0000013699993674493585
-0.009320629254302213
-0.4598926348523931
0.008947468134257888
-0.0018564683367740668
0.024468446636898847
0.5545354254025121
-0.10807494847485903
1.428676044146029
-0.004095063255901687
0.0006158166673644085
-0.008064091851392593
-0.0013297142535261038
0.0016062696316542662
-0.02236173330599038
-0.0000030844190280327718
-0.02422082533852852
-0.8443663365733555
0.002244713504799565
-0.003387207647194891
0.06257026004330296
-0.048570045394050604
-0.13680474194248435
2.588506203895303
-0.010787622409049975
0.00023573611800426712
-0.003404510999044881
-0.0033460956242894256
0.0032155630282368268
-0.06206494507976254
-0.45023317905383264
-3.2572340156061337
-6.036280754934087
-0.8422319577188896
-0.14012206132957394
4.868262731497445
-3.850991844253416
-0.25680661445517916
9.05211041270349
-1.7652405455766493
-0.030038847878629416
1.0722893329665468
-1.8114208405114547
0.22063538849730596
-9.447879726090484
-2.539324774688001
-16.90753029032862
-14.477931224301777
-1.2847227532177548
0.060406786947993514
-0.6506789065948112
-1.1368546152357046
0.05448219632958349
-0.5482866383425976
-37.00616657310131
0.05218567807589815
0.12846677674120152
-11.854598176970242
0.01953671965693115
-12.258831698525338
-1.6792111525694442
-7.679689744465108
-8.207518296060536
9.894339351247508
-0.5734623212427975
-0.12213449138235619
10.005314595298165
-0.5634156290902943
-0.1380693888197967
-18.68705525229036
0.8292116713069387
0.16979728815977513
-5.149302251997953
-0.005581395201881149
-5.18361905392237
-0.00029465359428759366
-0.18636276265228136
-1.6668989905039544
0.34299311335302474
-0.030295662328595954
0.2546452746024197
3.4118564847569233
-0.3138891761852465
2.601523782248949
-0.4347316478509429
0.034159419271985236
-0.28566460588500553
-0.044809901196056656
0.024875837436204026
-0.25432978841958864
-0.0000005456884821885795
-0.019305320900248116
-0.000010086452717869267
-0.06238666623920578
-0.22641789104233911
-2.314411273823038
-3.9058513582551093
-7.919148341845631
-0.2878113137885723
-2.747062011047703
-0.00012195315790336188
-0.18101985179703095
0.00000018081006413708843
0.0009400829456749777
0.01827469650581851
-0.0010571946882244468
-0.0020631510055416423
-0.002459844410150006
-0.014820622889092529
-0.10714173436599153
-0.056768708886377646
0.0006158336073952804
0.0007377388139121084
0.001089617847635924
-0.00012227712126491609
0.00161392938947129
0.00253775905127705
-0.0000002120819688169028
-0.00025077394101195145
0.0007803689987348535
0.0022301534892550604
0.0005906365961830413
0.0006026691397282475
0.030558522954238096
-0.003680458107192448
-0.00373501609132172
-0.00006242867735822994
-0.0029884298831674484
-0.0029934355612419765
0.00006833816851511669
-0.000838130693063227
-0.0010784135049395009
-0.021402281765914848
-0.07480300201609308
-0.028877038475876707
-0.01773259730465454
1.055080234973331
0.12371196240902062
0.04216877049350805
0.8705807279017698
0.0363155378585807
-0.026443878741380652
0.35459641636656974
0.046880930107200576
0.045529069960133305
-1.7723104344004577
-0.2881079559145284
0.0007391236845620437
0.023594943485152096
0.02709342038601115
0.060406786947993514
-0.3293257275300364
-0.005592356897062269
0.05448219632958349
-0.26092135341763995
-0.005708991404541018
0.05218567807589815
-11.854598176970242
0.01953671965693115
0.03403639013777104
0.03670728994444225
0.012968536703711378
0.06838942392614464
0.24832173185462023
0.1297420546814934
-0.38624186611516076
-2.1443347497710925
0.006017027861046407
-0.1134275519957244
-1.9872012834117305
0.003439148068135377
0.8654815719833312
3.4503694524150914
-0.009878477824032759
-0.15358980447280757
-0.03676421042340129
0.18778833839000753
0.000021070727571628077
0.011584588918212109
0.060813380190661806
-0.023213404982106597
-0.03127185964627913
-0.015682450612091375
-0.12221401960836181
-0.4271997117995189
-0.09440631456129976
0.03309369154145476
0.032847786573970195
0.020086154405895548
-0.002597164815599521
0.02137692008603581
0.016437300237988298
0.00000006518137748623556
0.001089212937499386
-0.0000010595100567005467
-0.001028553498328308
0.0003443734084371268
-0.0011522539596187176
0.20854493759240422
0.05209659673256112
0.0048577685500981824
0.030588455904286858
0.000007106584118032929
0.007631860829976111
-0.000002363546342399361
-0.012190386209968936
-0.2214774043365907
0.013768398187400022
-0.0024259995035590615
0.02958714572198367
0.17243170163564217
-0.05175936986233922
0.5747500492406905
-0.008064064043925219
0.001089584076571853
-0.01340915979980661
-0.0019779327479944415
0.0022400631369363126
-0.02939354466362423
0.000004036480531534779
0.006695815119514247
0.029491395542387975
-0.04318116256392957
0.0010598789300534314
-0.015493933575954298
-0.5632002700556381
0.005023350922372549
-0.06063000746946793
0.0021805243209912476
-0.003160977548249709
0.05483558877902636
0.0010063038983974659
-0.0015275503529439923
0.023821226400069676
0.7234715131312187
2.471469337993373
1.1116198535103192
0.6115297143111953
0.11846241294337109
-3.0558754296179376
-0.944327905169339
0.0435516889698764
-0.5966723682926199
0.9091217923396034
0.044823822191549484
-1.2063303390091824
1.8852848654398198
-0.17095626676414094
6.03269179488049
0.002428026379755545
0.08061662813112183
0.09872304982067563
-0.6506789065948112
-0.005592356897062269
-0.17269088339840147
-0.5482866383425976
-0.005708991404541018
-0.08755276484401465
0.12846677674120152
0.01953671965693115
-12.258831698525338
0.03670728994444225
0.012968536703711378
0.17471878545235262
-0.0170266624009839
-0.19391214508229626
-0.19691732051475813
0.2600389867114894
-0.01128750881206302
-2.2020521107540203
0.14019738250545066
-0.01175586515848566
-2.0231091235706558
-0.5104069535897647
0.017863517410427385
3.539217430896911
-0.10888423217508841
-0.1717836552105746
-0.1944277379061298
-0.00017176260158615573
-0.0910578884629274
-0.46630974337811293
0.18423230455155873
-0.014766052791977255
0.08791341527359858
0.9447061408980537
-0.08758125310313587
0.27449071389552476
-0.26520507024716916
0.01923570248858369
-0.12247130939402774
-0.02394160638945036
0.009732265698157586
-0.0803544212698997
-0.0000008494824950567716
-0.013578185800189773
0.000023576852294826504
0.025434502614676578
0.14329138080634496
0.698444790338009
-2.7055597224664742
-0.4972158220234799
0.10651333829744214
0.4382247198206722
-0.000043886512832307436
-0.04610420238232286
-0.000000059164310480114447
-0.0023764065196760636
-0.30455144971901693
0.0035098544202830156
0.00013415712695076878
0.006217554193478655
0.5327054137992805
-0.04198414434722357
0.943598348695666
-0.0013297191364923739
-0.0001222881341139686
-0.001977943975155314
-0.0005149882565670877
-0.00021712626444457618
-0.0037171102618591997
-0.000004096139713882969
-0.022171892349212165
-0.7896940697613567
-0.00036407866322028603
0.0009770799231870882
0.05771961099940939
-0.034595512920549784
-0.07332819404402496
2.4318842190214607
-0.0033109608344607153
0.00003289449750156347
0.00018389678932930172
-0.008595106668665399
-0.0025396065837037206
-0.05753417248677255
-0.025715278517148908
-1.8492160925460752
-5.287212197802749
-1.5367839782425232
0.04457105647661714
2.503742775698595
-4.932155940377698
-0.10608091455973068
8.017885162537102
-1.9394192256988498
0.06233780351777716
1.9563848139140605
-2.172921759407246
-0.09767900836024902
-3.9294710612192936
-2.518075036454047
-16.22509681357933
-13.68623068915941
-0.3293257275300364
0.13385118717712796
-0.5825712167915604
-0.26092135341763995
0.1059767225383494
-0.46131913066764463
-11.854598176970242
0.03403639013777104
0.03670728994444225
-34.584499634233
0.04087017253184419
-11.810322236560411
-0.027475712503277048
-1.855925266895784
-5.2908111344222295
2.948807928209606
0.06477008754422647
-0.025490987271269094
9.413353561046419
-0.19656765964544676
-0.09047112124483013
-5.156564585018959
-0.17651665126427385
0.03658929234018185
-2.1649803333570783
0.003326115143748778
-0.7448527091678715
-0.000004515594790695119
-0.022415926436504113
-0.791073973785418
0.05012610952047332
0.001124676431614473
0.02980822739747159
2.1027429608452297
-0.08683301950168894
1.2275455363911851
-0.043989082908985885
-0.0025327528577462704
-0.024316015149845008
-0.0084987296642547
-0.0014968733565741436
-0.017934535889302716
-0.0000000700624898159979
-0.010547216343258734
-0.0000053914142331262215
-0.054515287439813404
-0.029267394576457082
-1.4233194675948644
-2.363603019033359
-7.298974770273596
-0.029383941475390543
-1.4244631026387913
-0.000005550204536962369
-0.054684952704418144
0.00000032023254002013493
0.0016615565995314388
0.031759406722471635
-0.002451147427112112
-0.003654486753979115
-0.004017773023872463
-0.05547961326808812
-0.18986845068871036
-0.08166745853454704
0.0016063142749551476
0.0016139253381433512
0.0022401281432806227
-0.00021710620974963848
0.002685106614053763
0.003972949226024463
0.000020846962622019222
0.011270764921968606
0.060043275427719575
0.0000196628593166267
-0.03676605785726938
-0.027251842074544702
0.0015176977460470793
-0.5049262132453198
-0.1526773863890766
0.0030106843869410703
-0.00018724283835782533
0.000051534067539413906
-0.0026257674520053925
0.0461867291501347
0.045261785504071936
0.03641260952240605
0.13861805806206093
0.08191673211916264
0.1408360282176166
-1.88259271963112
-0.16630348039397422
0.07258390604073942
-1.8024662839341175
-0.04991811434967686
0.26216996434485446
-1.9159004941337752
-0.19564174769204803
-0.07639253896088131
2.3866213157998613
0.3215510790837396
0.0008872486592366742
0.028215222117902936
0.032184481729299226
-0.005592356897062269
-0.5825712167915604
0.04805567168067707
-0.005708991404541018
-0.46131913066764463
0.04097445799900383
0.01953671965693115
0.03670728994444225
0.012968536703711378
0.04087017253184419
-11.810322236560411
0.058172347609628916
0.0007117007045013132
0.010122345658991845
0.018836779768862347
-0.016913506793314444
-0.06668619645501764
0.09397716919685466
-0.03487565341756703
-0.18321947923641715
0.09575482927217777
0.034798506435563564
0.10596100999866266
-0.18085133928576047
-0.0023681768110945505
-0.7302620996000169
0.010128793907372964
0.000012412678663290505
0.006572566239310898
0.03619349409371693
-0.014745609649259812
-0.01818774184889145
-0.006292579462239567
-0.09564672248912608
-0.2620314360978336
-0.021807031143609264
0.02237701756669442
0.02076114835339473
0.009490592265173467
-0.0014903175695715166
0.009471940855509158
0.0057053206688936434
0.00000011536949287224356
0.0019063731142831548
0.000005957764505922919
0.006428174895665451
-0.00003582770720329391
0.005859883176816592
0.36856565867298063
0.08583819427987405
-0.0018378285755724587
-0.006793019490062764
0.000002708956371529296
0.00298261876837895
-0.000004221851798931662
-0.024029776424396125
-0.7271705362461022
0.035628849237468646
-0.004791687504688477
0.054483968493227154
1.28410635688248
-0.1711731313710188
1.827846373965858
-0.02236158422342983
0.002537664974836746
-0.0293934486122181
-0.0037170792626596617
0.003972821075432943
-0.04929114186517817
-0.0003957364242159042
-0.23733948834926014
-1.9311044895070753
0.0029646310957661954
-0.033056829311869235
0.5390091762287306
-0.02573041133553096
-0.311174345875186
4.807265915134631
-0.061351696342381
0.000550317922168197
-0.005695949048068813
-0.05765586150089287
0.04646065881237738
-0.8217862855744613
-1.2550444101721594
-6.313826457858965
-7.659611918808286
-6.064745265510637
-0.2785779195856459
6.038490415381113
-6.9397773150009785
-0.3173035086274277
7.594287145690252
-10.444905048987264
-0.28875938505019544
6.4194247669376985
-4.0534377733303035
0.29906490301823635
-9.717313561073407
-2.5364258060544125
-16.81124680610391
-14.359967742713597
-0.17269088339840147
0.04805567168067707
-1.930907965236018
-0.08755276484401465
0.04097445799900383
-1.6208070092574376
-12.258831698525338
0.012968536703711378
0.17471878545235262
-11.810322236560411
0.058172347609628916
-36.6444856560566
-0.024971964905170195
-1.8866455557148551
-5.486446831199372
2.995043436834136
-0.12023167731453807
-0.170327455833282
9.807447710101183
-0.3917802658422886
-0.521898682346431
-5.203169621560279
0.17942208002984383
0.26314127205515064
-0.7465185273349115
-0.008659914555102271
-2.25296963279808
-0.00010421849239812009
-0.07510488649157684
-1.1080572220682388
0.1689637953777352
-0.012159580680470615
0.06012557867348316
2.9549615443564314
-0.2106913613960249
1.150558236007107
-0.22363336999290653
0.014948743987224629
-0.07690884008976184
-0.017226514067529043
0.005598717580658961
-0.041906669054198334
-0.0000015708820421013455
-0.03569388666202982
-0.0001343664160636483
-0.19366075485675027
-0.13740510032390515
-2.062953857499221
-7.170250277747421
-8.519537842933811
-0.07623125095559757
-1.6310987288053125
-0.000022341807698573153
-0.07486562417410512
-0.000000000000012326863417835715
-0.00045029507011458777
-0.16885427174393436
-0.000017452357500745338
-0.00009326712553433564
0.0017579991455069627
-0.006006272024204194
-0.032535765924161596
0.6132069446273227
-0.000003087722681177893
-0.0000002112939882598973
0.0000040247267752430426
-0.000004099282426241625
0.000020855067399003505
-0.0003961848423410459
-0.00000000000000000020576393678084623
-0.000015910903453117804
-0.054434052374524186
-0.000036164022364700025
-0.000001799262216919038
0.00006120024826519516
-0.11620680799411665
-0.0057816061390391525
0.19665640619953978
-0.0000014703078838925716
-0.00000007134617464837048
0.000002428000187429359
-0.00000003823941593595896
0.0000001208472719376789
-0.000004144463216690103
-0.000000000000012342477823824236
-0.00045047688045459774
-0.16887732091355476
-0.0015334556792669536
0.000016135180658129245
0.0008661444834809974
-0.5347796463153845
0.005632041882913944
0.3019673404854537
-0.0003019910483054173
0.0000031411409916203864
0.0001689743329463339
-0.000003027832686842816
-0.0000017714099188123894
-0.00009855892911564725
-0.000039368110786469753
-0.40281607516432305
-1.6265823142591922
-0.9344257296757409
0.038619543842122635
-0.009543857188613166
-3.415490631246373
0.14114442401064167
-0.03457070388060161
-1.6792111525694433
0.06838942392614461
-0.017026662400983893
-0.027475712503277034
0.0007117007045013129
-0.024971964905170178
-43.91888128407837
-4.552228580400085
-5.05240350548548
0.06839447032408227
0.0033990994908314723
-0.1157422664582355
0.011489851649886862
0.0005710278722415919
-0.01944399108674044
-2.539253251747804
0.000993596195322006
-0.0023968723477407567
-2.518123870776895
0.001086726842461801
-2.536534942583141
-0.00003938523087099029
-0.4028696265920933
-1.6266534740914556
0.46042633482433387
-0.06214645988256467
0.8118375314146362
1.682512244704965
-0.22713266443377508
2.9672930090179817
-0.42655640004572026
0.05422636862451223
-0.7082568596957676
-0.03197105163628459
0.09559335914675189
-1.2733931978375361
-0.0000000009756937653789441
-0.007467186228372358
-0.0000000000012689232329878546
-0.001080843001139411
-0.0000000009775237053862353
-0.007471271034119738
-0.000717263271176395
-0.358271482508784
-0.8224783548163699
-2.486475003310663
-0.000717258107597204
-0.3582706755545647
-0.00045029168562288574
-0.07305390084723021
-0.9096515151738861
-0.004511941174166393
-0.008467320584742985
0.16183061202513746
-0.024549381929475558
-0.1357668710889619
2.5584077114249744
-0.024234762005708912
-0.00025004008243118984
0.006690497749106944
-0.022184087435981232
0.011267362384340895
-0.2374611094716934
-0.000015910811629249654
-0.010597108920343205
-0.3756263418784981
-0.013676848216615967
-0.000680478532560453
0.02314530140910254
-0.6260542297924446
-0.03114892209328113
1.0594673047654612
-0.00983689808818788
-0.0003604552310826661
0.01252118809678953
-0.002268809218625457
0.0006330127133480023
-0.023626935601255675
-0.00045047589042459906
-0.0730681129309739
-0.9097440508295864
-0.139725726264161
0.0012914549983230595
0.0822532110885539
-2.231369160964668
0.023526131375191592
1.259373890272017
-0.18250481572138189
0.0015244298982234532
0.09402750042917986
-0.021621256614639178
-0.000715793739959472
-0.07981153736316458
-0.4028133543238081
-2.8334870803507015
-5.124884830779193
-4.067264913721828
0.17327588301396135
-0.13829400696370678
-8.256209560241885
0.3529569679568666
-0.3036551912544304
-7.679689744465108
0.24832173185462023
-0.19391214508229626
-1.855925266895784
0.010122345658991845
-1.8866455557148551
-4.55222858040009
-15.485525861689904
-12.05583586087932
0.4956204201940544
0.02463138685362683
-0.8387265803354212
0.36422753211818093
0.01810102122477971
-0.6163735655036233
-16.904456172318273
0.03204822459741594
-0.07967912806591225
-16.22602163373484
0.03484413656301306
-16.814172862243925
-0.40287014649676833
-2.8337040273177605
-5.125072642871014
2.0888246717386867
-0.27144345361722966
3.4866827698751193
4.260048863997875
-0.5512098023357862
7.066253639491242
-3.407016421837551
0.19997827884573155
-2.551412619445514
-1.8714127249149668
0.3337153199239736
-6.144647187040801
-0.00007920018610322311
-0.0775103260357673
-0.000002073110753253816
-0.016500856060173985
-0.00007927978613384358
-0.07754301954125846
-0.09771031538068384
-1.5108909212126955
-3.4897259062270365
-6.5966472866164105
-0.0977107648697812
-1.5108937522586703
-0.16885298314316724
-0.9096454506004961
-2.5242050946074746
-0.006576691169248791
-0.05823261822804408
1.0943433202801884
0.000004947885611741865
-0.25194126340606615
4.712891357271947
-0.8445863990937075
0.0007836335075374288
0.029468298007724707
-0.7898930413060248
0.06000197093450973
-1.9315265891902305
-0.05443372477198489
-0.3756250781055588
-1.4153406480245097
-0.25536351061384754
-0.012705847902553039
0.43215972221718674
-1.5539866592700715
-0.07732033431569324
2.629805951562066
-0.46927448813833034
-0.005361543004796205
0.22758929670034675
-0.30261222787932507
0.01306395835734979
-0.7198345503066459
-0.16887752948503496
-0.9097380735518081
-2.5243780683362615
-0.9563468725928683
0.010320298706383063
0.5352490996024309
-4.132182596638018
0.0463260763663198
2.2803260713734357
-1.655390815905295
0.00987133333024699
0.476840315574414
-0.7870773350866375
-0.0013856922262092187
-1.1238845797035977
-1.6265696920530517
-5.124849217534272
-7.755347261730476
-3.829965975696066
0.17494319653982635
-0.3501919035496885
-8.356347898369478
0.3839112748900875
-0.8058117176606485
-8.207518296060528
0.12974205468149314
-0.19691732051475774
-5.29081113442223
0.018836779768862354
-5.486446831199372
-5.05240350548548
-12.05583586087932
-13.513862621568258
0.5025787735532211
0.02497677473137922
-0.8505020023915281
0.829507933881604
0.0412253999596595
-1.4037509444925893
-14.474075375531783
0.03745286409838234
-0.09775761270468496
-13.687278142565624
0.04031300774291849
-14.363460373263228
-1.6266558811252103
-5.12507938223393
-7.755564862827854
2.1597504251667026
-0.25776279771076543
3.176714876539249
4.748732418651268
-0.5628003027068876
6.9107410523674115
-6.291006295442992
0.10803188782234407
-1.254421206517342
-5.297935951705246
0.16397548191443653
-7.396654649799132
-0.03390051623000561
-0.4677628903707697
-0.006961087245391186
-0.17403908425402242
-0.03391636261891285
-0.4678960075471742
-0.8393050303931491
-3.1720434876167967
-4.2847757661022685
-8.256647408909576
-0.8393104213610704
-3.1720606462561913
0.000019080879564704355
-0.001148395953643212
0.016165937466226545
-0.03280990550075261
0.00002631807956692347
0.0023851131338076354
-0.5603580896969466
0.005694836892781141
-0.0700654338447658
-0.002245329502902768
-0.0022295318107957434
0.043205664011722635
0.00036188153403423436
-0.000018862785511872592
-0.002991327250034442
0.00003616383055865591
0.013676866593135214
0.255366206846243
0.01309498408813495
0.000901768257381691
-0.03009053029623105
0.2009995411042871
0.02302400142987327
-0.7426779188648263
0.010068752774169952
0.00043616146874831974
-0.01497984462731567
0.0034761278594741315
-0.0009864670347503263
0.03631452386803729
0.0015326526300609767
0.14250426240816433
0.9516426142690942
0.2457364791889666
-0.002435257536360175
-0.16370422634768092
1.8154981218715942
-0.021903835334593807
-1.3633041101092234
0.348498136506266
-0.003072556848161292
-0.19590305574597305
0.04917544993714886
0.0015909074376263576
0.18309790492749814
0.934457201322067
4.069444646686535
3.836611016244774
5.040282524375174
-0.2759796506315279
0.20116754107195392
3.0058241201880644
-0.2581612205214352
0.18477391741490612
9.894339351247508
-0.38624186611516076
0.2600389867114894
2.948807928209606
-0.016913506793314444
2.995043436834136
0.06839447032408227
0.4956204201940544
0.5025787735532211
-16.201019956149914
0.024320636544593283
-0.06143244980172389
-8.124245007553103
0.02527042552926159
-0.06815591344331136
1.3247292558896617
0.007677004438221552
-0.633784836021186
0.3408371172692608
0.010560314667264802
0.1865415890881303
-0.45726687904254143
-1.9063873614901046
-1.604472539099938
0.07911350612516554
-0.20414607958116765
2.6443360723241804
-1.9001793774738014
-0.16595169655769143
2.2043336461394576
-0.5650008698449254
0.03644410154900699
-0.4715229458163743
-1.4184953221268464
0.3089334494369393
-5.399465983820236
-0.0000381569869699548
-0.01823283194619531
0.000004049675701343568
0.01427643423952931
0.00024699324646106216
0.11337214612412093
0.19178479127800147
1.449955654167867
-2.2976024066839167
-1.516107504788451
-0.1666532798762703
-1.1950201349203948
0.00009319931986255787
0.008700209247638176
0.057836615725789214
0.0006876567277923824
-0.02801876773001323
-0.0194888408976559
0.00473754406183275
-0.5039682562808178
-0.16342100895759207
0.003386743955974697
-0.0005895702529083756
-0.0010588313909620877
-0.0009767911856296742
0.03678892741175844
0.03304949529791826
0.0000017992425124673378
0.0006804412385804623
0.012703814691607829
0.0009017189461262411
-0.004223938561276263
-0.0014746747865953746
0.023021078961783847
-0.20772526545877473
-0.03539161655582949
0.0007674229468254274
-0.0023061151732329268
-0.0009606563612112513
-0.00005935077921599568
0.0039020069586225502
0.0017725085191967003
-0.000016027267962284175
-0.001669046989587868
-0.009694420313186838
-0.003099076161695973
-0.029025490805230758
0.002108817608020398
-0.02096645079291213
-0.5125575325305612
0.015783544176358338
-0.004560834443587734
-0.03330442635760651
0.0026220329218272632
0.00014045629350765648
0.01910369098343194
-0.0023934918719525117
-0.03842688881799241
-0.16216856813682928
-0.14113419061099064
-0.2602490326343983
-1.4517823291611018
-0.006417365855146827
-0.22141973053971714
-3.072776694938692
-0.00002226984816928421
-0.5734623212427975
-2.1443347497710925
-0.01128750881206302
0.06477008754422647
-0.06668619645501764
-0.12023167731453807
0.0033990994908314727
0.024631386853626838
0.02497677473137923
0.024320636544593283
-15.687430948026602
0.026357629734499715
0.02527042552926159
-7.596225677501623
0.027008288285624373
0.007677004438221552
0.3408371172692608
0.010560314667264802
0.05092360995626992
-0.5784171136749915
0.03344548235667048
0.06211331929091254
0.26952590553047423
0.2519256286013437
-0.21986224768526358
-1.4341274592084747
-0.37015634683400644
-0.20267050837426828
-3.055305397299217
-0.34354909412309975
0.3908865204882768
1.0801732047028114
0.3260285801811698
-0.09111851089733619
1.8148443455694658
0.7488013561950033
0.00001547882921387116
0.00711681968465688
0.00000020164615382135155
0.0007108203139162126
-0.000005092784084810815
-0.0023814457474786357
-0.01232207952724346
-0.08919924500653238
-0.11392615056889158
-0.07515655898124564
0.013562071399617057
0.10180448927452948
-0.00175797255886425
-0.16187690809412045
-1.0942681463198594
-0.009986288552950692
-0.018985243617869085
0.3337215630985071
-0.05215894751762929
-0.16415616477087683
2.5979967254888163
-0.06260396871780573
-0.0006008171802004972
0.015480378556982198
-0.057749087623227044
0.027242503181790525
-0.5392600857091894
-0.00006119987926317462
-0.02314530452986571
-0.4321581768874746
-0.030090493464177685
-0.0014747564033838825
0.0462377698191222
-0.742683973391723
-0.03539686346804169
1.0190840653284163
-0.025578216048047234
-0.0009273606811043717
0.030053345309665948
-0.005880323838799596
0.0015046776134312245
-0.05291821690713252
-0.0008675602019716726
-0.07733126804130983
-0.5436004720211296
-0.151334726921681
0.001603715097742971
0.05622075915226165
-1.3812133152073378
0.01650144187322049
0.23074604949465427
-0.23091359786151172
0.0021477486159482834
0.08141058926431477
-0.02753967706124808
-0.0007437838408628704
-0.05648636006137472
0.0059192879184713125
-0.07097120031111138
-0.2867631157694909
-0.09284763794986932
0.005573545464488816
-1.4961531559219803
-0.5022346943582578
0.027996340340718986
-3.2223770732054646
-0.12213449138235619
0.006017027861046407
-2.2020521107540203
-0.025490987271269094
0.09397716919685466
-0.170327455833282
-0.1157422664582355
-0.8387265803354212
-0.8505020023915283
-0.06143244980172389
0.026357629734499715
-16.13144349767422
-0.06815591344331136
0.027008288285624373
-8.047190599214575
-0.633784836021186
0.010560314667264802
0.1865415890881303
-0.5784171136749915
0.03344548235667048
-1.9220766064682573
-0.8136252290895035
-3.5898307359423836
-3.4906603721405016
2.9383701633371344
-0.38213263292835425
3.447321586090601
2.8913540499911816
-0.3715365757955973
1.66582660307281
-5.19753014323576
0.3381453934976133
-3.2190730186389147
-2.6148740483811372
0.4232867099783565
-6.17922129889803
-0.0002603829728695818
-0.11919640548809247
-0.0000068523307036625734
-0.024156784367250973
-0.00009271946714946906
-0.0417511076679063
0.08426247039655071
0.5629960206262378
3.8893768890607427
2.566597484057949
-0.12679340712468667
-0.9944265757288175
0.006736853219044626
0.028616356357873112
0.09793682857205199
-0.5615339120082417
0.0027068274594266
-0.013292203776745837
-2.3790029236003587
0.02227314876003767
-0.1812359075742983
0.04850072406763908
-0.03053820063199526
0.5633332645529877
0.03449939741284734
-0.0015114166672629628
0.025474435277598614
0.11620614640573222
0.6260533924199189
1.5539836828023035
0.20099584943153534
0.023023684646399627
-0.7426876726911523
0.2842437319567663
0.09480660462424176
-2.8868795032796792
0.5922520660707917
0.004201637755188062
-0.20028528403401036
0.548896946452176
-0.025023295329126328
1.317434175981861
0.5344215638894539
2.2293561263746255
4.08408171245914
1.8640904330856607
-0.025444923705031337
-1.3339752253563522
4.236609040918833
-0.06166599366004343
-3.6492804156908445
3.4773036279361484
-0.020491545429199086
-1.0047436325492014
2.1084445674415626
0.004240282207584083
2.9803917574563497
3.41559535971381
8.261041400976115
8.37166098137227
2.9970568468036385
-0.2803460797891431
0.605761211785891
1.5442689368744922
-0.36697516744221176
0.8656263349478099
10.005314595298163
-0.11342755199572412
0.14019738250544997
9.413353561046426
-0.03487565341756707
9.80744771010119
0.011489851649886862
0.36422753211818093
0.829507933881604
-8.124245007553103
0.02527042552926159
-0.06815591344331136
-12.402086816117603
0.06349303090571046
-0.12719111639751857
1.1704730139542645
0.002672001674214341
-0.5308942019852033
0.2697722335017982
0.012125182668519398
0.09942953836899307
-1.6715122988020419
-3.8497638550117435
-3.464458133872292
-1.5397679581489028
-0.19224980506406092
2.4216407311937083
-4.865286396817183
-0.2094936077344516
2.812616060344232
-2.9462863796771903
-0.054735849554740014
0.7218944281067787
-4.479483051496156
0.12265103793573096
-6.053996131653809
-0.018549626068524096
-0.15187067633953022
0.01660790094573347
0.2596001360845767
0.13024482763802683
1.1052731674079785
1.9918745430935065
4.583659050628967
-2.747004769429438
-2.623697710415518
-1.762550858805398
-3.741838489559008
0.032505433667656125
0.13559719654438007
0.24790305483146893
0.0017498893279823055
-0.5037170285978525
-0.16578658854339298
0.012497574273994814
-2.046912225532145
-0.44153118818673304
0.13673761085134656
0.003698649090673381
-0.005018839850781555
0.07329553019331318
0.5050533658806057
0.31100896971517655
0.005781559766487909
0.031147137403038403
0.07730942687410812
0.02302184778174628
-0.2077239985386693
-0.03539544553551272
0.09479479130053732
-1.1747556775458898
-0.13063125352940727
0.0436976315038789
-0.11502857324128204
-0.021200670341895315
0.015806347206484682
0.19441333001903302
0.06281412461879303
-0.005583523179622579
-0.023265050603116393
-0.03985988395685887
-0.024505829702541365
-0.5124877605187887
0.017188679791607445
-0.05196413369923714
-2.0708269625421027
0.052081321367288186
-0.044880112350569434
-0.452972332638873
0.01601020182052633
-0.010931971247999628
0.24570298201850418
-0.033674323120404255
-0.14047337160349757
-0.3279726067764454
-0.3057174094603897
-0.24357184665459544
-3.070911760189612
-0.01755633637646169
-0.28196362817558307
-6.305969866412459
-0.004181149532046472
-0.5634156290902939
-1.987201283411727
-0.011755865158485635
-0.19656765964544684
-0.1832194792364172
-0.3917802658422887
0.0005710278722415919
0.01810102122477971
0.0412253999596595
0.02527042552926159
-7.596225677501623
0.027008288285624373
0.06349303090571046
-11.017621190748807
0.07175883170973138
0.002672001674214341
0.2697722335017982
0.012125182668519398
0.040346628339967536
-0.4584506664225666
0.03349848884560312
0.2270173286105768
0.5468978075113116
0.5493022871190779
-0.22897299303204502
-3.0547965510307145
-0.3331108903234446
-0.294425073549414
-6.283169736832346
-0.42479859845898493
0.7329511882546996
1.115572335400245
0.12887665714585708
0.35624666975198105
1.637047022680199
0.8440534441089567
0.008148993843096251
0.06910127250111402
0.0008269598861716811
0.012924896132948714
-0.002588635829821651
-0.021634831838677506
-0.12990711071430866
-0.2797883830036671
-0.13621066222674977
-0.1300678252370167
0.14121087648889125
0.3214289493294117
-0.613196253455885
-2.5583540495465846
-4.712072822885213
0.0046088855103680795
-0.16651515456869745
2.5989192512747326
0.0016291649664688587
-0.44898914623569
6.327749859774173
-2.5890693233591415
0.003742444687249165
0.060566521054214936
-2.432394938954163
0.15256456866817278
-4.808064360286415
-0.19665520238296502
-1.0594612490851336
-2.629802374143371
-0.7426682051634377
-0.03539758549462765
1.019087785411642
-2.886881105912747
-0.1306513249147851
3.464700013642301
-1.4444092502279342
-0.01626019019583616
0.5824917610675846
-0.928709727791888
0.032717807858193004
-1.7875012529403294
-0.30260328344093934
-1.2629091097427674
-2.365488949741621
-1.351905420962251
0.017907764271830683
0.18206257840686052
-3.832135064093827
0.05948523973241213
-0.2642456079419172
-2.4992873776715694
0.017897180718519295
0.19997588115286116
-1.202771129198665
0.0021465403109588673
-1.1488933830316723
0.02194988989289169
-0.1669897535781183
-0.6674045643481497
-0.08123814548392079
0.0104616213703085
-3.215384874757892
-0.7233479337524917
0.060622500264837106
-6.89962066111474
-0.13806938881979672
0.0034391480681353667
-2.0231091235706526
-0.09047112124483019
0.09575482927217777
-0.5218986823464316
-0.01944399108674044
-0.6163735655036233
-1.4037509444925893
-0.06815591344331136
0.027008288285624373
-8.047190599214575
-0.12719111639751857
0.07175883170973138
-12.25684096419234
-0.5308942019852033
0.012125182668519398
0.09942953836899307
-0.4584506664225666
0.03349848884560312
-1.6162114714189442
-2.9735180994125097
-7.298239382823849
-7.636860678147874
3.1086602461901003
-0.3610905003892034
1.304889642349483
4.401595721664616
-0.48951878899528184
-0.513510395384343
-9.750102789953022
0.15164222082270307
-0.5738905910515711
-8.277112167659624
0.09099562163852307
-7.869853513892273
-0.13825184467107773
-1.176513571997613
-0.028102060643314306
-0.4392618703770381
-0.05069875127268864
-0.4365915144030353
0.9112874963296368
1.7387970611418682
4.650121376939752
4.4416409126764895
-1.299395684935649
-3.1634484367967484
-0.00000309020688482309
-0.024049129658471047
-0.8438448732497641
-0.0017423803940005617
-0.003237873120903422
0.06215079148516591
0.018120240630896886
-0.13793038831844362
2.5884203620378425
-0.010795552177712057
-0.00006241975768090947
0.0021841249572913113
-0.0033130923856400448
0.0030101217977818403
-0.06139122471484019
-0.000001470302790772936
-0.009836902522701649
-0.4692797204088465
-0.010068758503005251
-0.000767456857535809
0.025578224118973987
-0.5922577686861422
-0.0437010893386011
1.4444292243703427
-0.004808366314121607
-0.00026719047452473683
0.009048960491306685
-0.0013036628305309566
0.0006606915444848109
-0.023344900808886727
-0.0003018860915490675
-0.19015336048183082
-1.686288958559593
-0.35598972635365245
0.003712995211531073
0.2527659250444908
-3.5051834162607447
0.04205535363866333
2.559330910829168
-0.45786635698721334
0.004413008477231809
0.2887152644747533
-0.042869030443551184
-0.002598227415297298
-0.2485235673777144
-1.6793397895779014
-7.685783268195235
-8.214855626190694
-9.89702772490935
0.5994071268291056
-0.35917292813769697
-10.005211773002978
0.5909352836442227
-0.37101544426393296
-18.687055252290353
0.8654815719833312
-0.5104069535897648
-5.156564585018962
0.034798506435563585
-5.2031696215602805
-2.539253251747804
-16.904456172318273
-14.474075375531783
1.3247292558896617
0.007677004438221552
-0.633784836021186
1.1704730139542638
0.002672001674214348
-0.5308942019852031
-36.99610982756245
0.06563373332801269
-0.12710940065876417
-11.853703860965286
0.02387900751544042
-12.25669337714375
-0.42084101980531585
-3.1569954225724826
-5.9917516808335245
0.7207801217198108
-0.3661403613335497
4.7469991439657875
3.70390092237397
-0.7042759125204489
9.082337326169515
-1.6926351251489946
0.06767791203568152
-0.8667237175578597
-1.7730883233692387
0.5757195162882823
-9.20102407721084
-0.000009143328061819191
-0.06135566119808288
-0.0000005825337087574753
-0.01989178626534135
-0.0001237395410698899
-0.18290350479272569
-0.28317240948710165
-2.7279843441061433
-4.019092084039089
-7.9399264649767805
-0.22050825911459496
-2.285621535064578
-0.00000021764303145023435
0.00022004351136457957
0.0026835807105297493
0.002356704868179366
0.00018006811289286552
-0.0004824317792195038
0.02927229833145188
0.014705257081847396
-0.006094611738713267
0.0002357046859987309
-0.002990912354688751
-0.0031609308352654056
0.000032832810432723894
-0.0001853423355007208
0.000552806690477152
-0.0000000713453803787561
-0.00036043279421207425
-0.005359348879622939
-0.0004361371539810884
0.0023061185323727485
0.0009272983929504024
-0.0041997058339413905
0.11503011524324802
0.016252903313163643
-0.00026718065509961887
0.0008841069060799572
0.00044711958962623125
0.000054667186625628813
-0.0018185376498105461
-0.0009632670473648875
0.0000031337278872587273
0.0020840177267095012
0.01214001103672332
0.004052509005001591
0.033535513217613465
-0.0029860134339706147
0.0239958979435811
0.44400558129214657
-0.019577764794757417
0.0055695802158630325
0.0361787637796535
-0.0036008320917166377
-0.0003263820074110819
-0.02261407531184552
0.0031386081504753507
0.06803748175553465
0.2329458060049719
0.1113397724229379
0.36667029637100784
2.1455437005978357
0.009536238134358416
0.10060167929042316
1.9915925580782432
0.0033728685457043287
0.8292116713069387
3.4503694524150914
0.017863517410427385
-0.17651665126427382
0.1059610099986627
0.17942208002984386
0.0009935961953220058
0.03204822459741594
0.03745286409838234
0.007677004438221552
0.3408371172692608
0.010560314667264802
0.002672001674214348
0.269772233501798
0.012125182668519393
0.06563373332801269
-11.853703860965286
0.02387900751544042
0.045703747875494416
-0.03728718240826629
0.023494870397922973
0.05380940477535757
0.18173794968481688
0.0862079387166828
-0.03402574086522233
-0.9959422774222325
-0.3064824419977671
0.063611461173333
-0.8252192736541238
-0.1168092956136193
0.052866966852577676
0.2727514989273244
0.09558688726517875
-0.12510351232416064
1.686382282587588
0.71913662944238
0.0000012826882004807786
0.0015020522627819401
-0.000000025511479853802934
-0.00036031567435610627
0.0000025661368049585414
0.002863060406034645
0.016212194356906427
0.07752663702055013
-0.0796295004835539
-0.0009099386172543108
0.01549547898854851
0.07249468933911617
0.000004145387862499667
-0.0022444134046616456
-0.006613111862856602
-0.04325294433642543
-0.00004091387447498867
0.004662322474613572
-0.562613345746929
0.0026159030002662004
0.00221656513865515
-0.0034043289857319933
-0.0029929033079453757
0.05487093501247564
0.00018182369552821498
0.00005276467894858553
-0.005732888014265189
0.000002427989658572778
0.01252119623629416
0.22759015062529722
0.014979854156374034
0.0009606926803937837
-0.03005336286025871
0.20028768945882183
0.021201630435847413
-0.5824930185870897
0.009048959223116947
0.0004471361439123295
-0.014358765648377033
0.001873193170620383
-0.000877610148271054
0.029583400669703726
0.00016903599016866895
0.08941718878301523
0.458229007309772
0.18368590489809003
-0.002069411207736887
-0.08188102501955968
0.9473473547581708
-0.01288013942712565
-0.2357297647816578
0.2676283951166588
-0.002725664232984861
-0.11651647949333657
0.022084147534523046
0.0011869823383679832
0.07313656824222385
-0.010350858489225024
0.09812077182329253
0.15263508378646728
0.10938754860267774
-0.00785497112610136
2.204010139018939
0.10482086512280413
-0.012186944431900576
2.0313594738557543
0.16979728815977516
-0.009878477824032754
3.5392174308969113
0.03658929234018186
-0.1808513392857605
0.2631412720551507
-0.002396872347740756
-0.07967912806591225
-0.09775761270468496
-0.633784836021186
0.010560314667264802
0.1865415890881303
-0.5308942019852031
0.012125182668519393
0.0994295383689931
-0.12710940065876417
0.02387900751544042
-12.25669337714375
-0.03728718240826629
0.023494870397922973
-0.1715736390729189
-0.7048114174984826
-2.400667757114427
-1.0739973920754577
0.4387108394310103
-0.3113785473550289
3.0189664892654484
-1.0193990750545614
-0.10910856996412167
0.597335378930063
-0.6835852059623737
0.09702298188135097
-0.9774457224773111
-1.8724908613653266
0.45606170048938377
-6.012001643262194
-0.00002091337998518881
-0.02263022418495709
0.0000008736541034554243
0.013957118079792956
0.00004228648156872729
0.04441132933204341
-0.10966218803155899
-0.45533982668499906
2.7780226937541794
0.5120021314114738
-0.14423665130865115
-0.6994103455438708
-0.000004098723034421979
-0.02222313603017329
-0.7900565493167561
-0.0008822096979777197
0.0010314602576838676
0.05783492447038289
-0.016478063347255677
-0.07555323913801365
2.4327575191862536
-0.003348207130817949
0.00006828054022743228
0.0010045875753977255
-0.008601823055369013
-0.00262595810559537
-0.05768916286836838
-0.00000003823918255616625
-0.0022688080226107438
-0.3026141415552762
-0.0034761242866132316
0.00005933402355723844
0.005880323302883703
-0.5488998464374876
-0.015808563357955278
0.9287168171622368
-0.0013036602414171381
0.00005466176252667509
0.0018731904452878336
-0.0005450928153585684
-0.00008889638463761304
-0.0033647472526772055
-0.0000030276726803373557
-0.021632240147910552
-0.7871229095188803
-0.04896385865023111
-0.00023402653696551337
0.02796617275486017
-2.11748219700439
0.014566652386868302
1.1868810381675274
-0.04225852610308698
-0.000451385846209606
0.02248443700978146
-0.008880561876823205
0.0003046688520901493
-0.016099888252319467
-0.02744629835043837
-1.854651798283394
-5.289326188701066
-2.945732037319913
-0.0490985736068176
-0.0739142431576232
-9.407395697148436
0.24996506257536294
-0.2459296020876971
-5.14930225199795
-0.1535898044728076
-0.1088842321750884
-2.1649803333570783
-0.002368176811094551
-0.7465185273349115
-2.518123870776895
-16.22602163373484
-13.687278142565624
0.3408371172692608
0.05092360995626992
-0.5784171136749915
0.269772233501798
0.040346628339967515
-0.4584506664225664
-11.853703860965286
0.045703747875494416
-0.03728718240826629
-34.58689886313912
0.05004430356735475
-11.812588718642232
-0.03196295808981703
-1.8710560107372238
-5.297501548256515
1.5057484662066472
0.08842748390506053
2.564885940554491
4.772505503852207
-0.3654359604784561
8.11060970459745
-1.899078749034689
-0.13131335468347782
-1.9483044871320028
-2.143439979805073
-0.22372748356991615
-4.077742633365012
-0.000005578268166374514
-0.05469975864499595
-0.0000000626255124716685
-0.010432586988430645
-0.000005173054723764864
-0.054288303733611896
-0.0303102237560709
-1.4280448179743215
-2.339481579337171
-7.294455674827386
-0.030533579818468874
-1.4296252707014492
0.000020849871967414793
0.011638936418777971
0.06150130680459318
0.0010087506325207802
-0.03678769684469987
-0.028072271660402968
0.006311508024792266
-0.5050043982904552
-0.15512436986580164
0.003215381214495873
-0.0008367649660655652
-0.0015258654527234472
-0.0025393296975186044
0.04622014894644068
0.04645383189289199
0.00000012084576530295136
0.0006329784317268767
0.013062182184815432
0.0009864141998545733
-0.0039020066625342904
-0.0015045952656258207
0.025020261802335422
-0.19441354619390036
-0.03271330827370117
0.0006606653911311242
-0.0018185364711730658
-0.0008775774950598474
-0.0000889055051826841
0.002887015744286758
0.0014631167459257266
-0.0000017684880706810948
-0.0009384660039741362
-0.0022896009653737624
-0.002071736275908093
-0.018691968279697588
0.0009072842529611158
-0.0046876501132389736
-0.2616460865585299
0.0005661767014207195
-0.003261587208637474
-0.021870803278109238
0.00140422524291254
0.00022618983757229655
0.00941886547108076
-0.0008512959864930298
0.0004335379114951701
-0.0020471619585739824
0.004258223613656392
-0.0026075568937455116
-0.03128850711644003
-0.08764861617809855
0.010570661189382054
-0.1519113766022906
-0.07108527506991254
-0.005581395201881149
-0.03676421042340129
-0.17178365521057454
0.0033261151437487787
-0.7302620996000169
-0.008659914555102274
0.001086726842461801
0.03484413656301306
0.04031300774291849
0.010560314667264802
-0.5784171136749915
0.03344548235667048
0.012125182668519393
-0.4584506664225664
0.03349848884560311
0.02387900751544042
-0.03728718240826629
0.023494870397922973
0.05004430356735475
-11.812588718642232
0.07260631000629354
0.09575905429204928
0.34095802857525787
0.17264077752362436
-0.333829971009772
-1.8625271458516346
-0.4234335414718084
-0.13793127026997634
-1.8014920951675646
-0.10194640638875117
0.625393115520079
1.8268085334179345
0.4813523561107191
-0.23174264933946256
2.3923880311327195
0.8360198623062229
0.000007794837610644558
0.00841847068958437
0.000000043764063293489377
0.0007608391676288198
-0.0000008756009348087623
-0.0007827815799968384
0.0071685047184364145
0.030437791258145587
0.14002341928287204
0.04376320786351306
0.011908042572844996
0.06391211139555661
-0.0003961799524458475
-0.2376079123444851
-1.9321275567579266
-0.0159559014829396
-0.03228797460433405
0.5394359206804336
-0.09743667949015049
-0.3080895027364792
4.808529864732803
-0.06210298808467283
-0.0010754666463322396
0.023797778098920714
-0.057567316342604445
0.04525098790118748
-0.8222357748338444
-0.0000041444415813159675
-0.02362690488637582
-0.7198318129990317
-0.036314426932731715
-0.001772571350577596
0.05291813883603222
-1.3174262492942435
-0.06281592648733965
1.7874973189608818
-0.02334487782061931
-0.00096330552442944
0.029583373158825466
-0.0033647501598964903
0.0014631706361121035
-0.047358135344418614
-0.0000986621791551226
-0.07215281168123071
-1.0929698791203837
-0.16430563372976673
0.0017705771014473815
0.05460369263330926
-2.9497773511561216
0.033668031422444594
1.0937207891656051
-0.21836876647368159
0.002169589880355226
0.07019573584776696
-0.015445385486149711
-0.0006976094976307577
-0.03697314233393388
-0.024861302584358116
-1.8818175080924229
-5.480713898253528
-2.9860565336700566
0.1262735904178884
-0.1468770611738149
-9.793069974618692
0.4162002092298819
-0.616964002509244
-5.183619053922368
0.18778833839000747
-0.19442773790612974
-0.7448527091678713
0.010128793907372964
-2.25296963279808
-2.53653494258314
-16.814172862243925
-14.363460373263228
0.1865415890881303
0.03344548235667048
-1.9220766064682573
0.0994295383689931
0.03349848884560311
-1.6162114714189435
-12.25669337714375
0.023494870397922973
-0.1715736390729189
-11.812588718642232
0.07260631000629354
-36.65656704672741
-1.2791188581291388
-6.39502643242226
-7.696321139083183
5.939239685791253
-0.7790844905838946
6.237155569065979
6.7332218798945
-0.8817206077538161
7.726026868031024
-10.173670250788456
0.7906873006530586
-6.415451314544151
-4.205300397897767
0.8458527084209991
-10.12596717767416
-0.0001349392443935502
-0.19437767549112656
-0.0000015444711840760558
-0.03525527246536717
-0.00002091955350190283
-0.0733718495651721
-0.07974541686674803
-1.645456944081666
-7.080480838602964
-8.50304465882535
-0.14218823802744873
-2.0862537312913143
-0.000039380995717416273
-0.4028571978846567
-1.6266387178459796
-0.47408041861356326
-0.023780481296957468
0.8059595603701328
-1.7329976998906373
-0.08689632723389652
2.945561142949174
-0.45051361836811865
-0.021355218748010128
0.7238629589278773
-0.025724367661382683
0.036329553812349195
-1.255621537882972
-0.00000000000001231347330259523
-0.00045014941752919514
-0.16883607544957346
-0.0015316107898478307
0.000016015374709194295
0.0008669286331986043
-0.5343157946357913
0.0055821230722179595
0.3025288713219837
-0.00030161644555259297
0.0000031307032466309354
0.00016887689379103572
-0.000003024761864573939
-0.0000017666985066165494
-0.00009856461878836925
-0.0000000000000000002068716644639737
-0.000015936966841832735
-0.05446444697206159
-0.00007115919313299884
0.00000292859219334331
-0.0000005836675012493171
-0.22841023050790263
0.009400339725681233
-0.0018734901796893094
-0.000005584702024378145
0.00000022841009726987086
-0.00000004551285427476189
-0.00000004416269892418962
0.0000000019206231199165716
-0.000000036022020970183845
-0.000000000000012327986576029519
-0.00045030923577942813
-0.1688562441924431
-0.0015138010910290972
0.00010940558222233134
-0.0008922934458919706
-0.5279758701430664
0.03816293771914137
-0.31130398351278193
-0.00029465359428759426
0.000021070727571628115
-0.00017176260158615608
-0.000004515594790695127
0.000012412678663290529
-0.00010421849239812028
-0.000039385230870990284
-0.40287014649676817
-1.62665588112521
-0.4572668790425411
0.0621133192909125
-0.8136252290895031
-1.6715122988020417
0.22701732861057675
-2.9735180994125088
-0.42084101980531596
0.05380940477535758
-0.7048114174984828
-0.031962958089817035
0.0957590542920493
-1.2791188581291393
-43.91892501148522
-4.552238159275925
-5.052411562742383
0.1343633947457371
-0.005530801737143215
0.0011034525912441938
0.02257222646410384
-0.0009291407794196657
0.0001853732703249081
-2.535127267969294
0.0006910921425812245
0.00009426789226291438
-2.5181232443975907
0.0012068818175650035
-2.5406780035091887
-0.0007161519507628996
-0.358116566327229
-0.0000000009763758388596068
-0.0074687247198417725
-0.000000000001270242134379228
-0.0010811727960142602
-0.0000000009779752995879027
-0.007472270891426645
-0.0007170440569360134
-0.3582411552844939
-0.8225119728007315
-2.4865052186824617
-0.4028539443523253
-2.8336431577057795
-5.125029046427857
-1.9806150836705734
-0.10954585589730359
3.5578711527096485
-4.000729497875728
-0.22379491042744576
7.233786024746521
-3.258184190128272
-0.07461786033215963
2.4719864824278637
-1.84973373719956
0.13827422509488496
-6.314932398867293
-0.0004501441722110936
-0.07303910877432941
-0.9095726461567407
-0.14245462183851937
0.0016676856079022515
0.07730030086629669
-2.229058486052886
0.023255702195174123
1.2626741632990224
-0.1900786169181509
0.002082076266839147
0.08937894874940511
-0.021621605878751428
-0.0009377515331376942
-0.07211799999095099
-0.00001593694213823053
-0.010606878333807194
-0.37578977008556624
-0.02689239907713947
0.0011067547962479315
-0.00022058149069630658
-1.2303858942154107
0.05063685993440005
-0.010091477724915976
-0.031024352433541638
0.0011840118898648257
-0.00023405357917085973
-0.002301380689487933
0.00001971669740430716
-0.002442576125572175
-0.0004503050890976856
-0.07305482059457037
-0.909659204883044
-0.1408479261365852
0.00999935878496906
-0.0796472325540803
-2.2025396888399733
0.15923817452273548
-1.2992483100495742
-0.1863627626522811
0.011584588918212091
-0.09105788846292727
-0.02241592643650408
0.006572566239310887
-0.07510488649157675
-0.40286962659209347
-2.8337040273177605
-5.125079382233931
-1.9063873614901055
0.26952590553047423
-3.5898307359423836
-3.849763855011744
0.5468978075113116
-7.29823938282385
-3.1569954225724826
0.18173794968481688
-2.400667757114427
-1.8710560107372238
0.34095802857525787
-6.39502643242226
-4.552238159275936
-15.485569386126803
-12.05587042530817
0.9736647113025161
-0.04007890944086873
0.007996490197560172
0.7155386452880017
-0.02945351928382043
0.005877375006527853
-16.767247573182647
0.02199989905910144
0.0030819454841811813
-16.225868107932595
0.03883504702235228
-16.951681833063244
-0.09763067591419221
-1.5103814234324278
-0.00007922888833110329
-0.07752228710164381
-0.000002074337618542736
-0.01650481531471753
-0.0000793007797859772
-0.07755167173054264
-0.09769587818727805
-1.510798054751852
-3.4898141687487345
-6.5967263056919645
-1.6266240271058123
-5.124985125700841
-7.755487628710879
-1.6767180484156405
-0.11688395473953923
3.4637107198009893
-3.622542719412143
-0.25763107639125077
7.578699761470612
-6.037060042126284
-0.028793893020359063
1.1117590759357514
-5.287864098594956
0.08172949348204711
-7.660338120942172
-0.16883467877222333
-0.9095589554204455
-2.524052933088065
-0.9514850377915466
0.009685067716739423
0.5434974454905162
-4.08376691156445
0.03982867466169161
2.3652031027368694
-1.6859796838265149
0.012126444251125253
0.45815957655683087
-0.7869489776260985
-0.0022866001344266024
-1.0927367087894087
-0.054464467481410005
-0.37578818038722983
-1.4157459197790825
-0.5018779890757151
0.020653927488244714
-0.004119743493883437
-3.0536058667747654
0.12566797010600556
-0.025044817499153882
-0.8540668154698831
0.02268962123408788
-0.004190523511350845
-0.3033036633412692
0.00192055104158639
-0.33498944191959057
-0.16885465248510081
-0.909651906644203
-2.5242184621764925
-0.9400936635270586
0.06821523488923506
-0.5591098937849546
-4.033984779010313
0.2944711618696956
-2.4321289840506948
-1.666898990503953
0.060813380190661764
-0.4663097433781124
-0.7910739737854179
0.036193494093716916
-1.1080572220682385
-1.6266534740914558
-5.125072642871014
-7.755564862827852
-1.6044725390999384
0.2519256286013427
-3.490660372140502
-3.464458133872293
0.5493022871190779
-7.6368606781478725
-5.9917516808335245
0.08620793871668278
-1.073997392075457
-5.297501548256515
0.17264077752362428
-7.696321139083182
-5.052411562742383
-12.05587042530817
-13.513898568353003
0.9873347317312676
-0.04064142935292465
0.008109665583620005
1.6295940070982142
-0.06707781467091216
0.0133909665795484
-14.30587762973513
0.02513966288038295
0.0036830603574968613
-13.687073656799065
0.04520281014903463
-14.531990016282535
-0.8389604939928853
-3.1712999021073864
-0.033908041631332445
-0.46781391105992276
-0.0069627274290366085
-0.17406702016020967
-0.03392126802529398
-0.46793050514821405
-0.8392478187974528
-3.171923299028336
-4.284841927702535
-8.25673054522964
0.477198796800152
2.160869014850458
2.2253629171619633
0.19668795992325008
0.09349948012213906
-3.0131182936783074
-1.423495164827575
0.1020706553281536
-3.172593669754545
0.8424971046793005
0.01768981127659043
-0.6117345778412013
1.5372235627200443
-0.14049437766904813
6.066017265908092
0.001532393374301692
0.1396757734855184
0.9562119896837128
0.24566236371269742
-0.003096797170988722
-0.15127972033709597
1.8639692410566553
-0.024496379964916524
-1.3517091745737126
0.35586979445781036
-0.004049140558503089
-0.1836166502520112
0.04894202845027146
0.002070288068909769
0.16423346165942515
0.00007115909551851618
0.0268923592925061
0.501880800763375
0.06399290917371785
-0.002809586147362984
0.0005642943294433166
1.456494809673867
-0.06855064131631568
0.013961587536362063
0.08375824351140118
-0.0033568861243419216
0.0006669840776124058
0.006924271568703564
-0.00005992442738117939
0.0073606593074544485
0.0015146162896525223
0.13796656293409143
0.9449802504678415
0.23908955311463292
-0.019159394401255303
0.15394482563181242
1.8076249079494886
-0.16810987570942224
1.37552122689953
0.3429931133530241
-0.023213404982106563
0.18423230455155842
0.05012610952047321
-0.014745609649259785
0.16896379537773495
0.46042633482433415
2.088824671738686
2.1597504251667017
0.07911350612516584
-0.2198622476852634
2.9383701633371335
-1.5397679581489034
-0.22897299303204482
3.108660246190098
0.7207801217198108
-0.03402574086522232
0.4387108394310103
1.5057484662066467
-0.333829971009772
5.939239685791253
0.1343633947457371
0.9736647113025161
0.9873347317312681
-16.095271269423893
0.016576516684518598
0.0023557468308241115
-8.007041900745827
0.016692901174038943
0.0025242390400799183
2.0344742437307395
-0.028300146632765047
0.000219131017448295
0.67072329855247
-0.013865406730491536
0.9333380361222474
0.026830323990402957
0.2663082875222585
0.0002067051600098503
0.0942221241577347
0.000007959692073598416
0.028050693009493043
0.00020342408751848208
0.09265998777387426
0.022522115885564617
0.23445842934390537
-4.514876543233493
-2.9792754902126783
0.023554904684745696
0.09653292519651074
0.07727807881370019
0.077781708411732
-1.4587921372173078
-0.13482636048178995
0.06534334627020179
-3.0791902698458298
-0.10041116988304191
0.13976204580701906
-1.0554445661213747
-0.11814932021878922
-0.04447988893717851
1.8830834892911852
0.2778136904276793
-0.00001612352829424096
-0.0012916294482882469
-0.010324636815023948
-0.0024358934999940164
-0.029013475586108145
0.0016034570734708969
-0.02545580078938106
-0.5123878842560825
0.01790937078740746
-0.0037136636704986404
-0.03352066833713176
0.002068990618466344
0.0002335779510328359
0.018682876453204787
-0.0017700030013998679
-0.0000029285943526088728
-0.0011067848547309715
-0.020655548873784513
-0.002809666410359096
-0.004155582949359131
-0.000000752286061717908
-0.06855229499826851
-0.20603427095755092
0.0009862220578600984
-0.0038252551378757387
-0.00444364066485944
-0.00000905076488156573
0.00009279226577166307
-0.000036001720573569545
-0.0003026103999007903
-0.00010936284397730673
-0.010141804169525745
-0.06796187832652005
-0.019819310582269434
-0.027631140296498977
-0.011111069318622066
-0.16713817391475508
-0.500593678442606
-0.09557654013856585
-0.030295662328595912
-0.03127185964627908
-0.014766052791977236
0.0011246764316144705
-0.018187741848891426
-0.012159580680470598
-0.0621464598825647
-0.27144345361722966
-0.2577627977107656
-0.20414607958116782
-1.4341274592084745
-0.3821326329283542
-0.19224980506406097
-3.0547965510307145
-0.3610905003892034
-0.36614036133354977
-0.9959422774222325
-0.3113785473550289
0.08842748390506053
-1.8625271458516346
-0.7790844905838946
-0.005530801737143215
-0.04007890944086873
-0.040641429352924655
0.016576516684518598
-15.687318474956392
0.029433240291952326
0.016692901174038943
-7.596077727971533
0.03041408675433934
-0.028300146632765047
0.67072329855247
-0.013865406730491536
-0.08282432731477636
0.006659768175530681
-0.038648337612777826
0.0100191268153193
0.07116035985078467
0.0000003461350510952718
0.00020925426726251764
-0.0000003273749179392992
-0.0011537034345584774
-0.000017232232859021477
-0.007901444402837462
-0.012040500434062787
-0.0916668503489834
0.18576226853907934
0.1225749438330142
-0.8041148445661587
-3.451739951715604
-3.140698037435615
-2.719089538331759
-0.14679847792544637
3.3544158860193245
-2.4855786215326465
-0.12838781313335243
1.2130825054593772
-4.869428613941534
-0.12339916991264761
3.0562706625969094
-2.5042501255373444
0.16586946771042527
-6.038808549545867
-0.0008655023465259561
-0.08222028065940233
-0.5351561369726802
-0.16364625538462182
0.0021068562509189907
0.05619822656191171
-1.3338076930751175
0.017179128702379417
0.1820370625329802
-0.252665017268255
0.0029829346051539877
0.0818461711312688
-0.027952286291252362
-0.0009065617182165657
-0.05457717067471146
0.0000005836473966680758
0.0002205789490913719
0.0041172711483494625
0.0005642879735945003
-0.0000007513661403528423
-0.0046856030116353845
0.013964530433826753
0.0009861145054186865
-0.2378532525254151
0.0007700208433278899
-0.00000944958219086472
-0.004955723000268347
0.00005516426028636549
0.00020385944091910323
-0.00002102739239247275
0.000890882204038495
0.08452274526872625
0.5508505366578845
0.16631571001652867
-0.011616156259871684
0.06143674541523321
1.3576166142141455
-0.0948552883945148
0.22663885181493915
0.25464527460241937
-0.01568245061209135
0.08791341527359846
0.029808227397471524
-0.006292579462239556
0.06012557867348306
0.8118375314146367
3.486682769875119
3.1767148765392497
2.644336072324182
-0.37015634683400644
3.4473215860906015
2.4216407311937096
-0.3331108903234447
1.3048896423494851
4.7469991439657875
-0.3064824419977671
3.0189664892654493
2.564885940554491
-0.4234335414718084
6.237155569065981
0.0011034525912441938
0.007996490197560172
0.008109665583620109
0.0023557468308241115
0.029433240291952326
-16.237434662019474
0.0025242390400799183
0.03041408675433934
-8.164610794706856
0.000219131017448295
-0.013865406730491536
0.9333380361222474
0.006659768175530681
-0.038648337612777826
0.023003794115020664
-0.20771919834533115
-1.5329831454008573
-0.0001637576187221365
-0.07561064913010133
0.0000000653334183271173
0.00023031584904841643
0.00016728864374846957
0.07718084394266028
0.2082531370413344
1.53743659591978
-0.037584490856221946
-0.024856191141613693
1.7438527825883097
4.4060716596178215
4.8914566035515605
-1.7926174330351654
0.10620724927777477
-2.9688456705325708
-4.713353617283686
0.17500739320668404
-4.495895252323608
3.851413380824308
-0.04207813793284841
0.9443415096879194
4.932749517055514
-0.07242212619053773
6.940383727873654
0.5346702148836979
2.231025213392904
4.13183086172531
1.8153325615509237
-0.020949109662580005
-1.3810142047341112
4.236688098831198
-0.051923207035791626
-3.831848674856396
3.5047573885637875
-0.02397234728777642
-0.9472729993688866
2.117117699953954
0.004680502692508475
2.9492911656373852
0.2284103291271268
1.2303813235644656
3.0536018607702142
1.4564860346129536
-0.0685472233694066
0.013973877651870975
5.163903719889107
-0.2611364110591661
0.054554255919730385
2.5629393730505163
-0.07044823972445549
0.013218057573628695
1.0805650678663616
-0.006569447223511228
1.188292055063519
0.5283427878529692
2.2045904034315087
4.0838276500040855
1.7578309198969322
-0.1675601042181179
1.402984489210052
4.079567663999099
-0.4589583884574995
3.895570599798604
3.411856484756922
-0.12221401960836176
0.9447061408980527
2.10274296084523
-0.09564672248912606
2.9549615443564323
1.682512244704965
4.260048863997875
4.748732418651266
-1.900179377473801
-0.20267050837426742
2.8913540499911825
-4.865286396817183
-0.2944250735494139
4.401595721664615
3.703900922373971
0.06361146117333304
-1.0193990750545612
4.7725055038522095
-0.1379312702699763
6.733221879894501
0.02257222646410384
0.7155386452880017
1.6295940070982142
-8.007041900745827
0.016692901174038943
0.0025242390400799183
-12.181866600495326
0.04737200559363115
0.0055960777252816365
1.6518631016358072
-0.023987289630275466
-0.0016224373047425337
0.5313531244586837
-0.016390352756246607
0.8415343018007493
0.24784370145515963
0.8770101069809833
0.11058772207043664
0.943968002847828
0.03263152250375857
0.5100264177061323
0.10882241385500661
0.9289226217558033
0.20261717644296193
0.7766951535324595
-5.3978946324376995
-5.155781524570501
0.086110806515751
0.19452769990850305
0.16602283392775066
0.06948463847124245
-3.0778390222555716
-0.12837307724378558
0.09006542009925791
-6.315021495861245
-0.1207985864784686
0.25609433280074856
-0.870711833764989
-0.043430554920780136
0.10574188731897129
1.8025836930465684
0.31639944350862703
-0.005630657154870227
-0.02352730524969117
-0.046346185275733705
-0.021910051909329934
-0.5124513799437161
0.01650034044366053
-0.06170971762503714
-2.0705580006880497
0.059491179935632625
-0.04206351888129796
-0.44392655902443456
0.012880033730336214
-0.014570157340448853
0.26159206132834767
-0.03366404294900289
-0.009400351756088736
-0.050637893921045916
-0.12567734199462022
-0.06855206480331962
-0.20603434489976646
0.0009865491852117743
-0.26115698076740945
-1.1681610122759447
0.010795759487794794
-0.12419761600028419
-0.2237901280914898
0.0009714085002060455
-0.025781628559142195
-0.0016586859575357786
-0.04887969104946598
-0.038143981159867536
-0.1591250885270227
-0.2919480441546276
-0.16658178086182465
-0.5004097256222372
-0.0993498409379149
-0.4491115756862857
-2.0377056782982437
-0.2619395201728742
-0.31388917618524625
-0.4271997117995187
-0.08758125310313578
-0.08683301950168897
-0.26203143609783347
-0.2106913613960249
-0.22713266443377517
-0.5512098023357871
-0.5628003027068876
-0.1659516965576918
-3.0553053972992177
-0.371536575795598
-0.20949360773445175
-6.283169736832346
-0.4895187889952818
-0.7042759125204491
-0.8252192736541241
-0.10910856996412166
-0.3654359604784562
-1.8014920951675641
-0.8817206077538164
-0.0009291407794196657
-0.02945351928382043
-0.06707781467091216
0.016692901174038943
-7.596077727971533
0.03041408675433934
0.04737200559363115
-11.017332544599137
0.07815726027190466
-0.023987289630275466
0.5313531244586837
-0.016390352756246607
-0.0656087545230494
0.005724002544930147
-0.0349109547893068
0.10636159230280641
0.22241947406262716
0.00006998893144287865
0.0001940817225780318
-0.0013421192374902984
-0.020978541698668706
-0.00910125119588077
-0.07728026767029296
-0.12475352841664036
-0.2901416886986389
0.22209402266110287
0.21212496604855324
-2.9391340126632124
-6.995029769005126
-6.831551000000799
-2.2818349441343115
-0.15634198358678472
1.5809536876416672
-2.906917711876832
-0.1854989186416466
-0.6334058495121428
-9.052455179441765
-0.03620033759403471
0.5965677281340338
-8.018181458053718
0.049802447600299456
-7.594116431264441
-0.30189098888040505
-1.2591098085563597
-2.280013545955722
-1.363065981923292
0.015768747846780493
0.23070973776833936
-3.648977986530844
0.05203958364717768
-0.2641843879942009
-2.5588422522847076
0.019555061486343565
0.23570513542573732
-1.186615065065746
-0.000564626245068679
-1.0934776589337436
0.0018734563149924513
0.010089555160592997
0.025048479037154906
0.013960170129030312
0.000987153036457008
-0.2378515937869408
0.05456222431534191
0.010795600263738468
-1.4216282000230531
0.02536050802183863
0.0009125494324976203
-0.2566283664762549
0.008732132509132134
0.010524908265909837
0.005527830595358963
0.3106716790617031
1.2957313335132852
2.34775555287266
1.3850739636048996
-0.09863206092353954
0.27624511512551636
3.7127078899207424
-0.25452772326809736
-0.14005264391034647
2.6015237822489476
-0.09440631456129972
0.2744907138955244
1.2275455363911854
-0.021807031143609254
1.150558236007107
2.9672930090179825
7.066253639491241
6.91074105236741
2.20433364613946
-0.34354909412309836
1.665826603072811
2.812616060344233
-0.42479859845898493
-0.5135103953843435
9.08233732616952
-0.11680929561361934
0.5973353789300626
8.110609704597456
-0.10194640638875112
7.726026868031028
0.0001853732703249081
0.005877375006527853
0.0133909665795484
0.0025242390400799183
0.03041408675433934
-8.164610794706856
0.0055960777252816365
0.07815726027190466
-12.47743220436303
-0.0016224373047425337
-0.016390352756246607
0.8415343018007493
0.005724002544930147
-0.0349109547893068
0.02074328092107549
-2.1769193726558895
-4.82553111084949
-0.08545507784169754
-0.7219566594003054
0.0002678409631949365
0.004186478526620876
0.08729779371646999
0.7375772395300338
2.181231035137958
4.839766554605865
-0.04493388581937541
-0.043019639297126766
-0.45636442385389814
-3.5142700315635556
-6.343635087526677
-0.697494473552465
-0.1634315856363714
5.331291873334096
-3.120275237199545
-0.29873620508837123
9.733822258136083
-1.7658897063589913
-0.026378860317075484
0.9094026311574797
-1.9400798877925935
0.2615344012165557
-10.447325589357616
-0.0003017156706101129
-0.1824334927323194
-1.655138373144797
-0.3483843359726091
0.004557873211849506
0.23082194214189858
-3.4769873804972873
0.04486627016891064
2.4988956506737154
-0.4576907923496165
0.005565401520094868
0.26751060370488805
-0.04223685234296654
-0.003259303788657627
-0.21825797947192077
-0.00000558468455732928
-0.03102440002893752
-0.854072103485432
-0.08375845835256829
0.0038251896416305314
-0.000770026902561384
-2.5629553514504453
0.12419603288706048
-0.025363332818014835
-0.08872092579296834
0.0038009634699872575
-0.0007599746105025357
-0.0045786557047977055
0.000049904606512284855
-0.004709013361087485
-0.0002947568098844329
-0.17852800608160968
-1.6352732232168452
-0.33546046932205553
0.028797585929768867
-0.23269437720129113
-3.382890455574295
0.3103229016150777
-2.542475773052915
-0.4347316478509429
0.03309369154145476
-0.2652050702471691
-0.04398908290898589
0.022377017566694427
-0.22363336999290648
-0.4265564000457203
-3.40701642183755
-6.291006295442994
-0.5650008698449264
0.3908865204882767
-5.197530143235758
-2.9462863796771877
0.7329511882546994
-9.750102789953015
-1.6926351251489953
0.05286696685257781
-0.6835852059623753
-1.8990787490346879
0.6253931155200787
-10.17367025078845
-2.5351272679692936
-16.767247573182647
-14.30587762973513
2.0344742437307395
-0.028300146632765047
0.000219131017448295
1.6518631016358065
-0.023987289630275452
-0.0016224373047425333
-36.44041665127561
0.043452131096072565
0.006984478626245717
-11.790367573612231
0.02705286472900674
-12.297178933281383
-0.03695505179248838
-1.5307016606745532
-0.00008558385689571114
-0.14172358031457577
-0.0000020599368417986874
-0.04347827282186857
-0.00008294277395607851
-0.1388820472452381
-0.0354982043576596
-1.5206671535734375
-8.714604546024432
-8.804221168337637
-0.021289405204147824
-0.0717456110527627
-0.02535531234320425
-0.018211545602375367
1.1403541904903773
0.12136029823553901
0.01995822351131142
1.160363949475253
0.02883538014659537
-0.029960458034827896
0.3547353316412251
0.044705500146832826
0.06220305490599826
-1.9164778001039522
-0.2879642347934483
0.0000031382227913834434
0.0015245072348814741
0.009876381215624787
0.0030730290801320604
0.03328993327096681
-0.002147379694222982
0.02050428427175608
0.45290037464176935
-0.0179007893932105
0.004413250363982252
0.03616093178839214
-0.002724984814590611
-0.0004508552710100833
-0.021858804320869805
0.0021687702943318163
0.00000022841009095236136
0.0011840474197018988
0.022691715189680876
0.0033569900999300233
0.004443646536367193
0.000009454101247343847
0.07045475065105913
0.22379047055628412
-0.0009115935992202224
0.0038010376031446633
0.0038643962357269392
0.000017081888314712456
-0.00016550253694536443
0.0000332221360110954
0.0001855726914285023
0.000021071590056357567
0.011495424238742074
0.06044704025818711
0.023511709072317647
0.031073154977481116
0.014753836053482591
0.12481681428424486
0.43665051326779303
0.08987251196764418
0.034159419271985236
0.032847786573970195
0.01923570248858369
-0.0025327528577462704
0.020761148353394723
0.014948743987224625
0.05422636862451223
0.1999782788457315
0.10803188782234413
0.036444101549006964
1.080173204702811
0.3381453934976133
-0.05473584955473995
1.115572335400245
0.15164222082270307
0.06767791203568138
0.2727514989273244
0.097022981881351
-0.13131335468347777
1.8268085334179334
0.790687300653058
0.0006910921425812245
0.02199989905910144
0.02513966288038295
-0.028300146632765047
0.67072329855247
-0.013865406730491536
-0.023987289630275452
0.5313531244586834
-0.0163903527562466
0.043452131096072565
-11.790367573612231
0.02705286472900674
0.03185418185540528
0.0007416504250862706
0.01715923189693298
-0.0017576956935718222
-0.009838116935226794
-0.0000002125146624922116
-0.00013897761369131598
0.00000008219438479166126
0.0013594129974952812
0.0000066691517406803185
0.007157667041460516
0.0020003469299809716
0.016699353292978936
0.2624488098246524
0.06201787194139167
0.7270883797076645
2.6133108875635536
1.280901372333913
0.6405728928265264
0.13374175965953555
-3.2467594012449448
-0.6469278362426792
0.0516943510596469
-0.5587884950448128
1.0726009452029048
0.04676421333183522
-1.2065229843647198
1.9568927843190607
-0.1951355544797698
6.4198538700100585
0.00016881210631304613
0.0939883135665034
0.47677815535657736
0.19583289079317953
-0.0026199254771567494
-0.08137618908454378
1.0046881695701892
-0.016002398266081626
-0.19995511632342525
0.28859144628750294
-0.0035975482709480846
-0.11646062691116853
0.02247197358339505
0.0014031114368198271
0.07015757933165336
-0.00000004551087072500191
-0.00023404762929918202
-0.004187403064625013
-0.0006669579092561062
0.000009052567531930072
0.0049557523881720075
-0.013207234362617727
-0.0009710807477037556
0.2566317836639943
-0.0007599721623414641
0.000017081179495193148
0.004279289102786038
-0.00003467964636155616
-0.00018407635124272369
0.000036902880346801954
-0.0001717026311613611
-0.09538062289892747
-0.48376699081166935
-0.1959479341208615
0.015211725554142061
-0.08723375370928386
-1.0016869860207378
0.08779677309684175
-0.23769898385522908
-0.28566460588500553
0.020086154405895548
-0.12247130939402774
-0.024316015149845008
0.009490592265173467
-0.07690884008976187
-0.7082568596957677
-2.5514126194455136
-1.2544212065173437
-0.47152294581637383
0.3260285801811697
-3.219073018638914
0.7218944281067785
0.1288766571458572
-0.5738905910515725
-0.866723717557858
0.09558688726517875
-0.9774457224773111
-1.9483044871320017
0.4813523561107188
-6.415451314544146
0.00009426789226291526
0.0030819454841811813
0.0036830603574968613
0.000219131017448295
-0.013865406730491536
0.9333380361222474
-0.0016224373047425333
-0.0163903527562466
0.8415343018007488
0.006984478626245717
0.02705286472900674
-12.297178933281383
0.0007416504250862706
0.01715923189693298
0.005253111547128238
0.038736253867898904
0.2661343310336045
0.00006520576104776948
0.06920151683762871
-0.00000001635522970969143
-0.0002586689602885477
-0.0000654326715249417
-0.06936396128412028
-0.03269103211717194
-0.23826212230461222
-0.05265329615021895
-0.008990273345387016
-0.0257031163641425
-1.8488195362350566
-5.286814483359781
-1.4511680416987756
0.026081447262190353
2.5532179642335917
-4.642132967436006
-0.16836915037192074
8.187280480232337
-1.8120474628961933
0.04540690036312251
1.8857883414762437
-2.173734455068725
-0.07616977550729644
-4.054298102112138
-0.0000030248629222308936
-0.021610917032987648
-0.7869152260187542
-0.04915430069184362
-0.00014070105186034774
0.027526454147213077
-2.1081108458998576
0.010923974723952134
1.202521415167205
-0.042847485382547484
-0.0003265387195450277
0.022072115864948633
-0.008875241619682398
0.0002261781163226534
-0.015436191108250513
-0.00000004416262058785319
-0.0023013886833674994
-0.3033039364034634
-0.006924298613961682
-0.0000928059341376645
-0.00005516496871733833
-1.0805655315784415
0.025780038399789058
-0.008732909689154458
-0.004578668290660378
-0.00016551128214605069
-0.00003467931500607033
-0.0005372009206207276
0.00000019517219395593728
-0.0002015165623717087
-0.000004515153215997619
-0.02244399506095139
-0.7911937239668367
-0.05045482811054256
-0.0011572315061970644
-0.029379209620798957
-2.093762379487148
0.08823291662237116
-1.2430605686945497
-0.044809901196056656
-0.0025971648155995205
-0.023941606389450358
-0.0084987296642547
-0.0014903175695715164
-0.01722651406752904
-0.03197105163628458
-1.8714127249149668
-5.297935951705245
-1.418495322126847
-0.09111851089733619
-2.6148740483811372
-4.4794830514961514
0.3562466697519808
-8.277112167659618
-1.7730883233692398
-0.1251035123241607
-1.8724908613653273
-2.143439979805073
-0.23174264933946256
-4.205300397897768
-2.5181232443975903
-16.225868107932595
-13.687073656799065
0.67072329855247
-0.08282432731477636
0.006659768175530681
0.5313531244586834
-0.06560875452304937
0.0057240025449301745
-11.790367573612231
0.03185418185540528
0.0007416504250862706
-34.5864474795885
0.05554103734983996
-11.8757047230496
-0.029930671663456122
-1.4258155503710714
-0.000005115063674372581
-0.0542142158570596
-0.00000006476001750671033
-0.010468694822011878
-0.000005691732799466183
-0.054841673359385334
-0.030263898580104236
-1.4284338347474348
-2.3462413856255986
-7.295776480583554
0.035885882265870465
0.11887821242053498
0.05851348402035902
0.11690905148907425
-1.833248323957699
-0.14979509223102877
0.04595968756485825
-1.6328026163273772
-0.041473338653638836
0.22006197887699588
-1.7728439622633667
-0.17048710507208745
-0.09745069823972942
2.3870200290140833
0.2982121414246446
-0.0000017696824337814818
-0.0007161635027244254
-0.0013925143280199277
-0.0015919109591211664
-0.01909452295057751
0.0007437842999467511
-0.004257021313843164
-0.2456541208397879
-0.0021420412491118877
-0.002599197659715907
-0.02260169420313914
0.001186778153158282
0.0003042607785742819
0.009413280653683827
-0.0006973849639411762
0.0000000019205734482510507
0.00001971420560800489
0.0019194102168497889
0.00005991490676708755
0.000036001859946523865
-0.00020386945194261107
0.006565407706502396
0.0016581209762778978
-0.010526286494945983
0.00004990331894743771
0.00003322265276214219
-0.00018408141027121666
0.00000019522265776720017
-0.0001857463057538358
0.0000008498798391955993
0.000012404463929005233
0.007165582464431886
0.038582834185776155
0.01624900670590218
0.018517628634841483
0.006423475501419795
0.09949067229362063
0.24618807924900354
0.021535079083391424
0.024875837436204026
0.021376920086035815
0.009732265698157586
-0.0014968733565741438
0.009471940855509158
0.005598717580658963
0.09559335914675189
0.3337153199239736
0.1639754819144367
0.30893344943693946
1.8148443455694656
0.42328670997835643
0.12265103793573098
1.6370470226801994
0.09099562163852316
0.5757195162882828
1.686382282587589
0.456061700489384
-0.22372748356991615
2.392388031132719
0.8458527084209991
0.0012068818175650035
0.03883504702235228
0.04520281014903463
-0.013865406730491536
0.006659768175530681
-0.038648337612777826
-0.0163903527562466
0.0057240025449301745
-0.03491095478930679
0.02705286472900674
0.0007416504250862706
0.01715923189693298
0.05554103734983996
-11.8757047230496
0.08076254029997856
0.014297932207087888
0.06513849037292486
0.00000022961712088119998
0.00041090431711802885
0.000000000934176818766252
0.00007677788690288388
0.000005666636678675715
0.0061756401457542685
0.017255972285290085
0.08602788059891205
0.004452342085657648
0.018834209704301323
-1.2497782290882022
-6.059750740193376
-7.3549623100561705
-5.5236261178166535
-0.29158122442226253
5.983343526584972
-6.253083459646265
-0.33452577765562425
7.750236032895319
-9.450061470300964
-0.28737025466778376
6.033130957428845
-3.9302834312834043
0.3206873208864337
-9.71739134525304
-0.00009845955965776001
-0.07977512538406464
-1.1236707034331208
-0.1830234847121827
0.002391234916627406
0.05646042354448132
-2.9799636542014016
0.0336589649657302
1.1486638986410442
-0.24840331229349433
0.003135230080194128
0.07309826631850014
-0.01609018517838734
-0.0008505482875198098
-0.03695145710603082
-0.00000003602180376768405
-0.0024425961802659775
-0.33499134150461024
-0.007360731238320435
0.0003026046515810553
0.000021023132621267573
-1.188296942666639
0.04887869043017887
-0.005533606857269528
-0.004709032072372254
0.00018556840721972774
0.00003690444931902463
-0.00020151618480236148
0.0000008498567631181509
-0.0006243139272618722
-0.00010411204546438472
-0.08291194098577953
-1.139591043684094
-0.1881080281437938
0.013099723352468604
-0.06230273967330572
-2.9865244454893167
0.21322077894044109
-1.2050661292555274
-0.25432978841958864
0.0164373002379883
-0.08035442126989965
-0.017934535889302716
0.005705320668893642
-0.04190666905419832
-1.273393197837536
-6.144647187040801
-7.3966546497991335
-5.399465983820237
0.7488013561950032
-6.179221298898031
-6.0539961316538085
0.8440534441089567
-7.869853513892268
-9.201024077210844
0.7191366294423804
-6.012001643262197
-4.077742633365012
0.8360198623062229
-10.125967177674157
-2.5406780035091887
-16.951681833063244
-14.531990016282535
0.9333380361222474
-0.038648337612777826
0.023003794115020664
0.8415343018007488
-0.03491095478930679
0.020743280921075163
-12.297178933281383
0.01715923189693298
0.005253111547128238
-11.8757047230496
0.08076254029997856
-37.132726831773454
-0.32600732339901284
-2.8430693772219637
-0.000059021254304363744
-0.11454304072170592
-0.00000006638923800665175
-0.011648538159554165
-0.00006124352356652825
-0.1168748463960042
-0.3274051918632532
-2.85204305745197
-2.3785205150327746
-7.637710110349802
-0.8220801984385516
-3.4887409040774515
-4.284085831387978
-2.2155821409136327
0.30043002809686276
-3.925710195548372
-2.6493770421645952
0.35925032416226027
-4.694334861626189
-3.903636051615382
0.20870989310774182
-2.704408612864188
-2.362746580513489
0.3690084267355062
-7.169229615371469
-0.0007169729697923918
-0.09768195605957934
-0.8391714389134359
-0.1917282005838651
0.012317248232805446
-0.08424782802126471
-1.9915701507913761
0.12987941497998048
-0.9112489775278688
-0.2830760194223901
0.016204784287980813
-0.10963828387484591
-0.030300897365433288
0.0071665563666989465
-0.0797315714687519
-0.0000000009781458049856643
-0.00007930519875949003
-0.03392025208181963
-0.00020342778171146507
0.00001723240067071488
-0.00016730404408948934
-0.10881539871736201
0.009100518246679365
-0.08729901308219211
-0.00008294430325173665
0.000006669321187763088
-0.00006543847025716923
-0.000005692244110906565
0.000005667241346280898
-0.0000612532536540539
-0.0000000000012661670669611345
-0.0000020706544034363065
-0.00695706368533923
-0.00000390109204642832
0.0000005286036324636141
-0.000006910259380609572
-0.016008423154788242
0.002169137980106476
-0.028356653761011746
-0.0000005456884821885793
0.00000006518137748623556
-0.0000008494824950567713
-0.00000007006248981599788
0.00000011536949287224354
-0.0000015708820421013455
-0.0000000009756937653789408
-0.00007920018610322311
-0.03390051623000562
-0.0000381569869699548
0.00001547882921387116
-0.0002603829728695818
-0.018549626068524096
0.008148993843096251
-0.13825184467107773
-0.000009143328061819157
0.0000012826882004807736
-0.000020913379985188732
-0.000005578268166374494
0.000007794837610644524
-0.00013493924439354966
-0.0007161519507629
-0.09763067591419221
-0.8389604939928857
0.026830323990402957
0.0100191268153193
-0.20771919834533115
0.2478437014551597
0.10636159230280642
-2.1769193726558895
-0.036955051792488466
-0.001757695693571825
0.038736253867898945
-0.02993067166345618
0.014297932207087905
-0.3260073233990132
-10.960893547406966
-6.8556733486962385
-0.0063725157020971205
-0.4054145533282365
-0.0000000074203918469609835
-0.0016165837914477736
-0.0000000000054306789430247585
-0.00010656218000225403
-0.000000007404535673562471
-0.001615298307686097
-0.006376296009673708
-0.4055174505548037
-2.4861368090361773
-6.595847056651278
-8.255857963336448
-1.4622749929209338
0.1983249274427283
-2.5910993318100637
-2.5306184256421997
0.3432169659496138
-4.484227581625593
-7.917878670180033
0.05214764429683747
-0.4971190113586945
-7.2979648663531265
0.0859680482345725
-8.518779843879985
-0.3582299641282959
-1.5107127874356785
-3.171748548295835
-1.4497667801260414
0.08917770366742316
-0.5629825978876215
-4.583252228989111
0.27972730799374534
-1.7388208998334085
-2.7276156032571315
0.07749702010430154
-0.45531698857626424
-1.4278803910089517
0.030436119994637977
-1.6452991371815886
-0.007472646323377996
-0.07755489743341255
-0.46793455469294354
-0.09265992635792784
0.007901638421587188
-0.07718784672464973
-0.9288942795215523
0.07727691745095154
-0.7376097370791692
-0.13888147758409958
0.007157538781417049
-0.0693677618399312
-0.05484410346630551
0.006176252163346392
-0.11688638383052646
-0.0010801485322416936
-0.016492556293013372
-0.17398085913826522
-0.01376192680706375
0.0018648733800824065
-0.0243775435664012
-0.2502877202336142
0.03391490345681765
-0.4433518587040485
-0.0193053209002481
0.0010892129374993852
-0.01357818580018976
-0.010547216343258727
0.001906373114283153
-0.035693886662029786
-0.00746718622837236
-0.0775103260357673
-0.46776289037076985
-0.018232831946195304
0.00711681968465688
-0.11919640548809238
-0.15187067633953022
0.06910127250111402
-1.1765135719976128
-0.06135566119808288
0.0015020522627819401
-0.02263022418495709
-0.05469975864499595
0.00841847068958437
-0.1943776754911266
-0.35811656632722916
-1.5103814234324282
-3.171299902107388
0.26630828752225855
0.07116035985078473
-1.5329831454008576
0.8770101069809833
0.22241947406262716
-4.825531110849489
-1.5307016606745536
-0.009838116935226798
0.26613433103360457
-1.4258155503710719
0.06513849037292486
-2.8430693772219646
-6.85567334869624
-9.666599752774165
-0.40543488601005806
-1.8055405991022686
-0.0016166657786569705
-0.06625547641081192
-0.00010656543933019487
-0.011805353100547814
-0.0016153553601539615
-0.06622151235412443
-0.4055285876274339
-1.8058191652648603
-0.0007160221576363355
-0.09762349952432837
-0.8389655027746147
0.19335999106230373
-0.003531466501048648
-0.0810060331784469
2.0099838542481314
-0.03479153219621507
-0.8778654635880478
-0.2874353345763362
0.0048135630024045235
0.10634388873009779
-0.029332802397555344
-0.0018187089664988484
-0.07609154069622631
-0.8225275144909951
-3.4898150436138615
-4.284812469799304
2.2989688386932694
0.11476951290320801
-3.888633379436895
2.7485677471879253
0.1372131511238743
-4.649129875390513
-4.021068812155449
-0.0802823732737366
2.779076281440314
-2.339616295998261
0.1410168972599869
-7.078659525456263
-0.0007183584727538745
-0.09778595499720422
-0.8395997061689578
-0.02250336151513199
0.012069467260205701
-0.2084297929489262
-0.20229440877411095
0.12499782268332621
-2.1819551998091855
-0.03552636874862668
0.0020015917584514237
-0.03266836032482755
-0.030301341233587308
0.017299118120855203
-0.3277213356586309
-0.0000000009775311273389508
-0.0000792826393390969
-0.03391696755791111
0.000043640887216818265
0.000012136421413949547
-0.0002599617734068258
0.021446571290837962
0.0065115920775503325
-0.13798265232771992
-0.000010086452717869269
-0.0000010595100567005452
0.000023576852294826504
-0.000005391414233126221
0.0000059577645059229096
-0.00013436641606364826
-0.0000000000012689232329878502
-0.0000020731107532538126
-0.00696108724539118
0.000004049675701343559
0.00000020164615382135115
-0.0000068523307036625616
0.01660790094573345
0.0008269598861716802
-0.028102060643314275
-0.0000005825337087574749
-0.000000025511479853802927
0.000000873654103455424
-0.0000000626255124716685
0.00000004376406329348937
-0.0000015444711840760554
-0.0000000009763758388596068
-0.0000792288883311033
-0.033908041631332445
0.00020670516000985027
0.0000003461350510952719
-0.00016375761872213646
0.11058772207043663
0.00006998893144287865
-0.08545507784169752
-0.00008558385689571126
-0.00000021251466249221197
0.00006520576104776953
-0.000005115063674372589
0.00000022961712088120032
-0.0000590212543043638
-0.0063725157020971205
-0.40543488601005806
-10.961410996832855
-6.856001588841626
-0.006388041824784108
-0.4058273048808746
-0.000000007425435821926291
-0.0016170918011216583
-0.000000000005437992589818104
-0.00010662279756614
-0.000000007415662984005077
-0.0016163270477526238
-0.358096211306126
-1.5103046385289882
-3.1712512001384088
1.4610482028801897
-0.030606891233652466
-0.538733146039623
4.618616277746175
-0.098934958669514
-1.6623675074933515
-2.7457493420606904
0.03039059872340098
0.43798807844397003
-1.4235349763992637
-0.006722151854892866
-1.630006279642232
-2.4865039387896952
-6.596664059802025
-8.256632701004225
1.517148890232075
0.07576710127027413
-2.5659133742926157
2.625464261627645
0.13111093934135604
-4.4404513268563806
-7.940348980920366
-0.0010769871644420316
0.512240245210307
-7.294500421736328
0.0439939560811632
-8.502609247108802
-0.3584248390416636
-1.5113988889402439
-3.1727324475603034
-0.23426659498238572
0.09183352042927807
-1.537932984381002
-0.7759667658189388
0.29060905917124363
-4.840547795709137
-1.521254774398254
0.016705016560464296
-0.23809835167246904
-1.4290711942832168
0.08617179832609179
-2.8530605594481915
-0.007471241283678345
-0.07754287630538527
-0.46789745786230785
0.020728728304655906
0.005521089240369168
-0.11892085124531966
0.17648706385349097
0.05565218427297309
-1.1740858435739279
-0.06238666623920578
-0.0010285534983283083
0.025434502614676592
-0.0545152874398134
0.0064281748956654524
-0.19366075485675038
-0.0010808430011394108
-0.016500856060173985
-0.17403908425402245
0.014276434239529304
0.0007108203139162128
-0.02415678436725099
0.2596001360845767
0.012924896132948714
-0.43926187037703823
-0.01989178626534137
-0.00036031567435610654
0.013957118079792979
-0.010432586988430654
0.0007608391676288213
-0.03525527246536724
-0.007468724719841778
-0.0775222871016438
-0.46781391105992287
0.09422212415773472
0.00020925426726251743
-0.07561064913010129
0.9439680028478282
0.00019408172257803113
-0.7219566594003053
-0.14172358031457574
-0.0001389776136913157
0.06920151683762865
-0.05421421585705961
0.00041090431711802864
-0.11454304072170586
-0.4054145533282365
-1.8055405991022686
-6.856001588841628
-9.666983041996279
-0.4058220699623813
-1.8066359297383052
-0.0016170881399562506
-0.06626619640933337
-0.00010662359807912083
-0.011809356679335735
-0.001616316731629855
-0.0662463988544663
-0.0000000009774710364070554
-0.00007928120449579088
-0.033916411439705633
0.0002450290276591103
-0.00001514121198291473
0.0000967600970779059
0.12916919553162753
-0.00807907898011885
0.05282852725380615
-0.00012195147979370757
0.000007098851637122702
-0.00004387722311446768
-0.000005548856875393854
0.000002705538277776582
-0.000022334605561196155
-0.0007176449596777849
-0.0977345967651175
-0.8393847925565935
0.1666941275094237
-0.013556482591135588
0.12681418554903925
1.7627120874629987
-0.14112765530151072
1.2994071913228198
-0.22057600661115212
0.015489900660172714
-0.14426880034948128
-0.030541807075282278
0.011903193817063862
-0.14221477147106065
-0.8221546999139775
-3.488974409188473
-4.284290275987729
4.514074010050926
-0.18529152124208584
0.0371361934960905
5.397754268284156
-0.22156598263179547
0.04440915464991643
-8.713094155701775
0.26179738996519486
-0.0520322157818063
-2.345528745257812
0.004422731822776883
-2.3778393738980674
-0.0007168704016483732
-0.09767777172556157
-0.8391681037776635
0.16921149964370866
-0.0002414161086058993
-0.12398987906409875
1.7890556721461743
-0.0047418751504374485
-1.2699960706241988
-0.22641789104233892
0.0003443734084371264
0.14329138080634488
-0.029267394576457082
-0.000035827707203293784
-0.13740510032390515
-0.0000000009775237053862384
-0.00007927978613384358
-0.03391636261891285
0.00024699324646106216
-0.000005092784084810815
-0.00009271946714946906
0.13024482763802683
-0.002588635829821651
-0.05069875127268865
-0.00012373954106988978
0.0000025661368049585406
0.00004228648156872728
-0.000005173054723764864
-0.0000008756009348087623
-0.000020919553501902827
-0.0000000000012702421343792326
-0.0000020743376185427356
-0.0069627274290366085
0.000007959692073598412
-0.0000003273749179392992
0.00000006533341832711728
0.03263152250375857
-0.0013421192374902984
0.00026784096319493645
-0.0000020599368417986857
0.0000000821943847916612
-0.000000016355229709691402
-0.00000006476001750671032
0.0000000009341768187662515
-0.00000006638923800665174
-0.0000000074203918469609835
-0.0016166657786569698
-0.006388041824784108
-0.4058220699623812
-10.961211157333175
-6.855880623387468
-0.006376168320637482
-0.40551719377195267
-0.000000007423889872434352
-0.0016169609971707578
-0.0000000000054428406880878175
-0.0001066598520817764
-0.007471128202106135
-0.07754129594302366
-0.4678973827999572
0.11248297027991942
-0.006907317218402097
0.04360561605260769
1.096020734554849
-0.06889774457485673
0.4546659624422402
-0.1810169651322079
0.007623262521596343
-0.046095872328445676
-0.054681823745370686
0.002978919716875259
-0.07485705991926034
-0.3583232287701297
-1.5110627163151809
-3.172259026598635
1.1951548668885792
-0.1017514481216274
0.9944729398789799
3.7420416843620496
-0.32124933813736983
3.163398548604835
-2.2858964355508773
0.07245667670975314
-0.6994418189669901
-1.4297926510951753
0.06388377432958245
-2.0864442820490785
-2.4862161081725835
-6.596107074833664
-8.256167021643215
2.979320135851228
-0.1222589648597137
0.024477482652274965
5.15604265037621
-0.21159023955600748
0.04239452088935116
-8.803576149049412
0.061873936990560006
-0.008855867756949062
-7.295039188041922
0.018838886631674434
-7.636958560336495
-0.3582148722327533
-1.5106802079388466
-3.1717390793477613
1.2153638933466338
0.0027620352433293895
-0.9744679719645944
3.8067701833997107
0.01125724044360179
-3.10112235893028
-2.314411273823038
-0.0011522539596187176
0.698444790338009
-1.4233194675948644
0.005859883176816592
-2.062953857499221
-0.007471271034119743
-0.07754301954125846
-0.46789600754717436
0.11337214612412093
-0.002381445747478621
-0.0417511076679063
1.1052731674079785
-0.021634831838677506
-0.4365915144030353
-0.18290350479272577
0.002863060406034646
0.04441132933204344
-0.054288303733611896
-0.0007827815799968383
-0.07337184956517209
-0.0010811727960142604
-0.01650481531471753
-0.17406702016020975
0.028050693009493036
-0.0011537034345584774
0.00023031584904841627
0.5100264177061322
-0.0209785416986687
0.0041864785266208775
-0.04347827282186856
0.0013594129974952808
-0.00025866896028854734
-0.010468694822011878
0.00007677788690288386
-0.011648538159554165
-0.0016165837914477736
-0.06625547641081192
-0.4058273048808747
-1.8066359297383052
-6.855880623387469
-9.666895963949864
-0.40552649447863454
-1.8058102311537991
-0.0016170047046069483
-0.0662641251327902
-0.00010666206386804047
-0.011812008420573825
-0.000000000001268634072061602
-0.0000020728510456350196
-0.006960717146203979
0.0000039054129878837795
-0.0000005289640732856753
0.000006917184040616977
0.01601758534895968
-0.0021695087487530415
0.02837002153885712
-0.0000005464422541515296
0.00000006524318664562528
-0.0000008505726439154191
-0.00000007014613303719851
0.00000011546624716515186
-0.000001572734197990283
-0.0000000009769597739353925
-0.0000792539307366896
-0.0339121683975981
0.0000381833050216366
-0.000015490028152212202
0.00026055009836460137
0.018555477695352013
-0.008152291383594803
0.13829609574258417
-0.00000915120560096787
0.0000012838246863018257
-0.000020930938679743046
-0.000005583043172506265
0.00000780145954176183
-0.0001350460579816438
-0.0007168154435299388
-0.09767799539428086
-0.8391809297602836
-0.026833377485298
-0.01002538036514966
0.20781351143544627
-0.2478163458418681
-0.106397258809043
2.1773982713511337
-0.03697211617017442
-0.0017586114467960845
0.03874160130701836
-0.02994832309560225
0.01430747961326224
-0.32617003227547514
-0.8225754238875281
-3.4899204627103426
-4.284875947752898
2.216854999528694
-0.3001100598204468
3.926359361878976
2.6503472638967347
-0.3587968547633033
4.694130889058909
-3.9058513582551093
0.20854493759240422
-2.7055597224664725
-2.363603019033359
0.3685656586729805
-7.170250277747416
-0.0007172632711763957
-0.09771031538068387
-0.8393050303931493
0.19178479127800152
-0.012322079527243469
0.08426247039655076
1.9918745430935072
-0.1299071107143087
0.911287496329637
-0.28317240948710154
0.016212194356906427
-0.10966218803155901
-0.030310223756070925
0.0071685047184364215
-0.07974541686674812
-0.0000000009779752995879027
-0.00007930077978597704
-0.03392126802529398
0.00020342408751848165
-0.00001723223285902144
0.00016728864374846927
0.10882241385500661
-0.009101251195880768
0.08729779371646998
-0.00008294277395607832
0.000006669151740680304
-0.00006543267152494158
-0.000005691732799466171
0.000005666636678675706
-0.00006124352356652815
-0.0000000000054306789430247585
-0.00010656543933019487
-0.00000000742543582192629
-0.0016170881399562502
-0.0063761683206374825
-0.40552649447863454
-10.961426950544286
-6.8560107036617355
-0.006383321002524178
-0.40570977181681606
-0.0000000074199856291240665
-0.0016166859908881303
-0.0010807646160827388
-0.016499942943233446
-0.17403327717241532
0.013768788228078838
-0.0018648565300494946
0.02438722740568097
0.25037560880456683
-0.03391105389053929
0.44346005018143836
-0.01931529093241743
0.0010892779579643322
-0.013584588112280261
-0.010552218339350978
0.0019063012887670816
-0.035708449617020806
-0.007469957529565041
-0.07753352922019206
-0.46785209495921604
0.018238173290629885
-0.00711920189970458
0.11922955165705369
0.15189446176954532
-0.06911840197691793
1.1767034789610626
-0.06137493924102322
0.001502479626678956
-0.022637088084578
-0.0547172400968236
0.008421333356781226
-0.19443446993394764
-0.35820964322141824
-1.5106773333101986
-3.1717542676366786
-0.2662816601052408
-0.07118489278080282
1.5332174998637491
-0.8769137765308825
-0.22248713093619532
4.8260350136860435
-1.5310023342287808
-0.009844252452540775
0.2661005363417733
-1.4261309301788214
0.0651639610919098
-2.843546183132122
-2.4865387472041487
-6.596724884543874
-8.256682428308267
1.46278152172425
-0.1979821773450127
2.5908273898941037
2.531413523887639
-0.3426277559714597
4.483514960594556
-7.919148341845631
0.05209659673256112
-0.4972158220234799
-7.298974770273596
0.08583819427987405
-8.519537842933811
-0.35827148250878393
-1.5108909212126949
-3.1720434876167976
1.4499556541678658
-0.08919924500653265
0.5629960206262375
4.583659050628966
-0.27978838300366754
1.7387970611418682
-2.727984344106142
0.07752663702055011
-0.4553398266849989
-1.4280448179743213
0.030437791258145577
-1.6454569440816653
-0.007472270891426645
-0.07755167173054255
-0.4679305051482141
0.09265998777387414
-0.007901444402837455
0.07718084394266027
0.9289226217558035
-0.07728026767029296
0.7375772395300341
-0.13888204724523812
0.007157667041460517
-0.06936396128412034
-0.05484167335938534
0.006175640145754274
-0.11687484639600426
-0.00010656218000225404
-0.011805353100547814
-0.0016170918011216588
-0.06626619640933337
-0.4055171937719528
-1.8058102311537996
-6.856010703661736
-9.666984643967417
-0.40570698617086365
-1.8063220181222783
-0.0016167002041966444
-0.06625600470768453
-0.000000000977334448110158
-0.00007927358020478557
-0.03391605784852339
-0.00004360409355425466
-0.00001211323554895539
0.0002599426298816221
-0.0214299312649715
-0.006499746214089944
0.1379822984039609
-0.000010078781147511788
-0.0000010565424272998003
0.000023557078458228424
-0.0000053895483710510465
0.000005945798892368336
-0.00013435062125083556
-0.0000000000012686462267668641
-0.0000020728747434775433
-0.006960763864245406
-0.000004048601696080423
-0.0000002012648076174307
0.0000068519654742188595
-0.01660479779371448
-0.0008254663752420791
0.028102309498288066
-0.0000005822898226939133
-0.000000025455876144493077
0.0000008734473117193405
-0.00000006261186757779553
0.00000004367945577592469
-0.0000015444320434169523
-0.0000000009787607723245396
-0.00007933634439206447
-0.03392793792189757
-0.00020695240054489352
-0.0000003337386002911597
0.00016399467081510931
-0.11063672691177395
-0.00006274309886633274
0.08551339435139965
-0.00008570092476073993
-0.00000020781301368323404
0.00006531017884559421
-0.00000512342276230357
0.00000022611803581672395
-0.0000591296204082057
-0.0007179695031391727
-0.09775723835749894
-0.8394932852073013
-0.19358940491150498
0.0035643978935670285
0.0811294033535262
-2.010851052689231
0.0351115357609466
0.8785236199306207
-0.2878113137885723
0.004857768550098182
0.10651333829744214
-0.02938394147539054
-0.0018378285755724585
-0.07623125095559756
-0.82247835481637
-3.4897259062270365
-4.2847757661022685
-2.2976024066839154
-0.11392615056889155
3.8893768890607427
-2.747004769429437
-0.13621066222674977
4.650121376939752
-4.019092084039086
-0.07962950048355318
2.7780226937541754
-2.33948157933717
0.14002341928287082
-7.080480838602957
-0.0007170440569360146
-0.09769587818727805
-0.8392478187974529
0.022522115885564617
-0.012040500434062787
0.2082531370413345
0.20261717644296198
-0.12475352841664043
2.181231035137959
-0.035498204357659595
0.002000346929980971
-0.032691032117171934
-0.030263898580104226
0.017255972285290085
-0.3274051918632531
-0.000000007404535673562471
-0.001615355360153961
-0.000000000005437992589818104
-0.00010662359807912099
-0.000000007423889872434352
-0.0016170047046069488
-0.006383321002524179
-0.40570698617086365
-10.961472276181484
-6.856043447896615
-0.006373819526017751
-0.40546688829393174
-0.007470794568099077
-0.07753987235132431
-0.46788607003460325
-0.020715256071612866
-0.0055104058957420685
0.11891883391282729
-0.17634712356401647
-0.05555371558010873
1.1740889342947196
-0.06237991134455608
-0.0010256707274340301
0.025420080535061722
-0.05451182964263332
0.006415850003967365
-0.1936595975903817
-0.001080768491467293
-0.016500020180342197
-0.17403389886485482
-0.014273388917493534
-0.0007095865429039133
0.02415712050402599
-0.2595536233561826
-0.01290455608851102
0.4392755676771434
-0.019887923943270033
-0.00035954122329824524
0.013954951478009008
-0.010431902411779754
0.0007596125489585367
-0.03525649925782023
-0.007474046312222221
-0.07756494031615549
-0.46798989544054104
-0.0942618950874294
-0.000204101603691565
0.07565934449422261
-0.9441864750061806
-0.00014241580543344028
0.7222970573751553
-0.1417842205839584
-0.00013423230840536583
0.06923855519588104
-0.054246915434133125
0.0004077635781778431
-0.11461952192266191
-0.3583681585252763
-1.5111971939688023
-3.1724673181403777
-1.4616513767452712
0.030840492040500756
0.539122207446605
-4.619434699567864
0.09963070229436677
1.6631978293796092
-2.747062011047705
0.030588455904286892
0.4382247198206725
-1.4244631026387915
-0.006793019490062766
-1.6310987288053127
-2.486475003310663
-6.5966472866164105
-8.256647408909577
-1.51610750478845
-0.07515655898124564
2.5665974840579486
-2.623697710415518
-0.1300678252370167
4.4416409126764895
-7.9399264649767805
-0.0009099386172543108
0.5120021314114738
-7.294455674827386
0.04376320786351306
-8.50304465882535
-0.3582411552844939
-1.5107980547518518
-3.171923299028337
0.23445842934390518
-0.09166685034898338
1.53743659591978
0.7766951535324595
-0.2901416886986389
4.839766554605865
-1.5206671535734375
0.016699353292978943
-0.23826212230461238
-1.4284338347474348
0.0860278805989121
-2.8520430574519717
-0.0016152983076860973
-0.06622151235412443
-0.00010662279756613982
-0.011809356679335737
-0.0016169609971707578
-0.0662641251327902
-0.40570977181681617
-1.8063220181222783
-6.8560434478966155
-9.667059633232135
-0.40546796303409066
-1.8056827389998846
-0.000718071524996103
-0.09776522889644194
-0.8395273243621703
-0.1693561199030837
0.00026098893116507726
0.12408312512774156
-1.789719115211118
0.004946547568214325
1.2703362440227284
-0.22664079205050086
0.000367228540071752
0.1434162157714592
-0.029298851882196445
-0.00005230591989622486
-0.13752072064566184
-0.0000000009779233716569033
-0.00007929978444512549
-0.03392091709410295
-0.0002470551082471045
0.000005100375116586155
0.00009273311304747043
-0.1302626324886085
0.0025926269491343395
0.05070167771355821
-0.00012377975438153678
0.0000025697558225810417
0.0000422956058519815
-0.000005174705668686336
-0.0000008769079399998215
-0.000020922907010915607
-0.0000000000012720284394197144
-0.000002075932691399561
-0.006965354587548183
-0.000007965602371325083
0.00000032780680689906997
-0.00000006559666010688767
-0.03264306216721549
0.0013433563141122219
-0.00026873900920394364
-0.0000020617616251971426
0.00000008231635824780222
-0.000000016423759953603147
-0.00000006482450476809423
0.0000000009375628346922494
-0.00000006645263424978773
-0.0000000009776072099804677
-0.00007928579852953675
-0.03391854742363402
-0.000245035493994373
0.000015157455359432502
-0.00009678134117336668
-0.12917328568736872
0.008087611998455164
-0.052840250128632964
-0.0001219531579033621
0.00000710658411803294
-0.00004388651283230752
-0.000005550204536962378
0.0000027089563715293008
-0.000022341807698573187
-0.0007172581075972022
-0.09771076486978113
-0.8393104213610705
-0.16665327987627016
0.013562071399617041
-0.1267934071246866
-1.762550858805398
0.14121087648889127
-1.2993956849356494
-0.22050825911459487
0.015495478988548483
-0.14423665130865115
-0.030533579818468867
0.011908042572844973
-0.14218823802744873
-0.8225119728007316
-3.4898141687487345
-4.284841927702535
-4.514876543233493
0.18576226853907934
-0.037584490856221946
-5.3978946324376995
0.22209402266110287
-0.04493388581937541
-8.71460454602443
0.26244880982465235
-0.05265329615021891
-2.3462413856255986
0.004452342085657647
-2.3785205150327746
-0.006376296009673708
-0.40552858762743377
-0.000000007415662984005077
-0.001616316731629855
-0.000000000005442840688087818
-0.00010666206386804043
-0.000000007419985629124067
-0.0016167002041966442
-0.006373819526017751
-0.40546796303409066
-10.961543547413756
-6.856089470820085
-0.3583824097271438
-1.511247206315183
-3.1725432605565977
-1.215770804729006
-0.002613345074389333
0.9747109086240617
-3.807508360644724
-0.010798183407526037
3.101435492280263
-2.315267461136617
-0.0010481481295065154
0.6986156326775407
-1.4238947065241225
0.0057750228817100265
-2.063650905588133
-0.007472141719091286
-0.07754946882791847
-0.46792821955965613
-0.11338193353869745
0.00238379794273384
0.041752500392713277
-1.1053547821260288
0.021660281238808674
0.43658899144462704
-0.1829189229351232
0.002865191478728833
0.04441330667469544
-0.054293344531257476
-0.0007838947596338153
-0.0733764072192558
-0.001081618646073499
-0.01651012817520781
-0.17410501575711534
-0.028059129907421654
0.0011546671427083563
-0.00023121548713951615
-0.5101249999633065
0.02099294637832561
-0.004200529803710126
-0.043491736255591835
0.001360539636800913
-0.0002597366054470074
-0.010472434124116723
0.0000768858218237372
-0.011652551654599627
-0.007471404309808679
-0.07754468287539304
-0.4679065794897548
-0.11248468928624866
0.006915073958911127
-0.04361416067268355
-1.096004674825613
0.06896879417033303
-0.45474593738748803
-0.18101985179703095
0.0076318608299760895
-0.04610420238232291
-0.054684952704418144
0.002982618768378944
-0.07486562417410518
-0.35827067555456465
-1.5108937522586698
-3.1720606462561913
-1.1950201349203944
0.10180448927452947
-0.9944265757288175
-3.741838489559007
0.3214289493294115
-3.1634484367967484
-2.2856215350645774
0.07249468933911618
-0.6994103455438715
-1.4296252707014485
0.06391211139555666
-2.0862537312913148
-2.4865052186824617
-6.5967263056919645
-8.256730545229642
-2.9792754902126783
0.1225749438330142
-0.024856191141613693
-5.155781524570501
0.21212496604855324
-0.043019639297126766
-8.804221168337637
0.06201787194139167
-0.008990273345387016
-7.295776480583554
0.018834209704301323
-7.637710110349802
-0.4055174505548038
-1.8058191652648603
-0.0016163270477526238
-0.0662463988544663
-0.00010665985208177643
-0.011812008420573823
-0.001616685990888131
-0.06625600470768453
-0.4054668882939318
-1.8056827389998844
-6.856089470820086
-9.667120941475364
